{"type":"Topology","arcs":[[[65294,71848],[-2,-3]],[[65292,71845],[2,3]],[[65296,71850],[-1,-2]],[[65295,71848],[1,2]],[[65150,73314],[204,-175],[351,-187],[27,-99],[-20,31],[-68,-22],[12,19],[-59,34],[38,11],[-62,47],[-30,-31],[73,-78],[-67,-12],[9,-51],[-29,40],[0,-43],[22,0],[-28,-43],[40,31],[-41,-41],[4,-104],[120,-273],[77,-108],[99,-92],[61,17],[-95,-65],[49,-142],[-43,15],[-47,-33],[97,15],[-123,-33],[-106,5],[-28,43],[-29,-13],[42,-52],[-95,-125],[-104,-13],[-9,24],[-53,-2],[-10,27],[-26,-19],[-9,21]],[[65294,71838],[2,1]],[[65296,71839],[19,11],[-34,-9],[-7,23],[-44,-20],[-11,36]],[[65219,71880],[0,2]],[[65219,71882],[-2,43]],[[65217,71925],[-8,-33],[-41,-16],[14,-22],[-30,-25],[-85,7],[-29,34],[27,-34]],[[65065,71836],[-40,-28],[-31,45],[-9,-27],[-62,-8],[-7,30],[-37,-12],[-71,44],[-168,-3],[7,113],[-77,21],[-83,126],[-110,-18],[-5,-114],[-49,-78],[-40,74],[-90,39],[-61,-6],[-97,77],[-114,5]],[[63921,72116],[-26,36],[215,50],[84,-14],[9,35],[66,-11],[-59,184],[50,56],[-11,38],[92,60],[19,145],[-32,103],[-88,31],[101,14],[29,-36],[20,27],[71,-2],[0,30],[58,40],[-10,80],[87,48],[24,56],[-37,142],[93,28],[41,-15],[176,133],[103,-17],[59,-98],[37,43],[32,-12],[26,24]],[[64833,70668],[-1,-1]],[[64832,70667],[3,4]],[[64835,70671],[-2,-3]],[[64861,70735],[0,1]],[[64861,70736],[0,-1]],[[64866,70744],[11,9]],[[64877,70753],[-11,-9]],[[64886,70774],[1,14]],[[64887,70788],[-1,-14]],[[65533,71184],[28,-33],[-58,-33]],[[65503,71118],[-13,41],[43,25]],[[65502,71118],[5,-11]],[[65507,71107],[1,-1]],[[65508,71106],[54,-39],[5,1]],[[65567,71068],[29,8],[48,-77],[63,-20],[16,-110],[81,-107],[-282,-149],[327,-289],[-30,-48],[46,-92],[196,-12],[-77,-184]],[[65984,69988],[-17,-26],[-162,39],[-61,-18],[-4,33],[-98,40],[-164,-6],[-210,77],[-64,-26]],[[65204,70101],[-143,42],[-46,-25],[-66,16],[-161,89],[-28,269],[74,167]],[[64834,70659],[-1,9]],[[64833,70668],[8,12],[6,47],[12,3],[18,21],[1,3]],[[64878,70754],[6,14]],[[64884,70768],[3,12],[3,12],[-4,17],[-39,25],[-44,73]],[[64803,70907],[-3,6]],[[64800,70913],[-1,1],[162,79],[51,277],[45,44],[319,-145],[-37,-33],[129,18],[11,-45],[-26,-8],[27,6],[6,49],[16,-38]],[[65502,71118],[5,-11]],[[69107,70855],[-21,-18]],[[69086,70837],[-4,-6]],[[69082,70831],[-1,-1]],[[69081,70830],[-13,-56],[-29,11],[-14,-70],[-135,23],[-41,-47],[-59,-14],[-83,-89],[-106,-190],[-41,-412],[82,-173],[-40,-49],[-240,49],[-5,63],[-39,24],[-118,-1],[-63,-41],[-454,-94],[-130,141],[-313,86],[-180,-15],[-115,-121],[-124,36],[-79,61],[-42,-29],[-118,80],[-80,-6],[-65,50],[-150,-35],[-5,-54],[-54,-40],[-244,70]],[[65567,71068],[27,9],[-32,-9],[-54,38]],[[65508,71106],[-5,12]],[[65533,71184],[328,338],[75,-75],[44,-6],[-95,95],[69,107],[-19,30],[170,-90],[-161,99],[-11,194],[-23,-6],[20,31],[110,-22],[32,36],[-43,71],[8,47],[-26,-22],[51,162],[22,-136],[194,-164],[211,-100],[154,1],[152,-64],[152,-165],[307,-187],[358,-131],[159,63],[143,-35],[191,-178],[31,-16],[10,19],[21,-59],[224,-27],[168,35],[391,-199],[157,25]],[[64878,70754],[6,14]],[[64800,70913],[3,-6]],[[65294,71838],[2,1]],[[65294,71848],[1,0]],[[65296,71850],[-4,-5]],[[65219,71880],[0,2]],[[65065,71836],[89,-9],[30,26],[-14,23],[40,13],[19,-48],[26,-9],[19,25],[2,-21],[12,-1],[-12,-5],[13,-4]],[[65289,71826],[-8,4],[7,2],[12,-21],[25,-11],[-17,9],[17,21],[10,-28],[39,-3],[-38,-6],[19,-12]],[[65355,71781],[395,0],[34,87],[1,-29],[27,38],[-29,-6],[-15,32],[26,-6],[21,-20],[-59,-92],[44,-32],[44,43],[26,-147],[-12,-37],[-45,-4],[-15,-81],[-48,-59],[-282,-278],[-71,-3],[-157,52],[-128,124],[3,-34],[-60,14],[-61,-60],[-30,-236],[-19,48],[-30,31],[-136,98],[2,-18],[-25,1],[-22,21]],[[64734,71228],[-78,32],[-5,36],[4,-36],[79,-32]],[[64734,71228],[22,-22],[48,-3],[137,-108],[22,-63],[-16,-29],[-194,-80],[40,-1],[32,-64],[22,-27],[35,-21],[5,-22]],[[64886,70774],[-9,-21]],[[64866,70744],[-24,-9],[19,1]],[[64861,70735],[-15,-8],[-11,-56]],[[64832,70667],[2,-8]],[[65204,70101],[4,-63],[-36,1],[-33,-68],[-127,-9],[30,-57],[-34,-62],[-2,-89],[-104,15],[-45,42],[-59,-7],[-37,-41],[-38,1],[26,-80],[-36,-12],[-8,23],[-16,-57],[-30,-2],[-31,-56],[-24,2],[-1,38],[-49,-31],[-38,14],[-45,-79],[-223,-119],[-11,124],[-102,8],[-70,-105],[-72,96],[-19,153],[39,55],[-94,119],[-18,-101],[-106,-24],[-29,28],[-7,80],[-69,9],[-27,-57],[16,-125],[-39,-64],[-170,35],[-10,21],[58,59],[-73,41]],[[63445,69757],[-4,78],[54,40],[36,81],[-31,187],[47,14],[16,84],[-87,61],[-29,54],[-88,-3],[-43,91],[51,22],[-28,41],[39,89],[-37,190],[173,107],[138,30],[-43,85],[19,13],[-23,68],[32,187],[51,83],[-129,103],[-12,39],[-54,-37],[-17,-79],[-61,-4]],[[63415,71381],[-109,144],[-1,90],[76,-5],[48,57],[59,18],[34,-57],[120,80],[68,109],[17,-24],[32,25],[-21,35],[65,38],[-11,33],[63,7],[-18,114],[84,71]],[[63445,69757],[-70,51],[-131,192],[-38,9],[-106,-48],[-4,-64],[109,-7],[33,-53],[-29,-103],[37,-69],[-56,-115],[88,-115],[-77,-76],[70,-114],[-61,-37],[-92,68],[40,99],[-56,86],[-13,89],[-32,23],[-70,-35],[-106,41],[-2,36],[70,79],[-1,42],[-121,-56],[-53,-112],[-27,24],[20,70],[-18,39],[-129,15],[-13,-136],[86,-34],[7,-37],[-115,-30],[-114,32],[-47,50],[-36,158],[-160,79],[-85,104],[33,122],[-109,-18],[2,29],[89,54],[2,50],[-190,-35],[18,100],[-30,34],[-71,9],[-104,-81],[-83,-8],[-63,47],[67,23],[-8,101],[-183,-11],[-29,150],[-125,12],[-89,-32],[-128,41]],[[61142,70489],[-13,124],[-48,10],[-13,65],[12,23],[24,-12],[31,87],[57,8],[-107,37],[-53,68],[9,89],[34,47],[-40,29],[79,152],[54,14],[-1,27],[129,-14],[-27,480],[169,-35],[190,59],[7,-30],[67,-19],[15,36],[114,10],[103,-25],[9,-163],[-23,-21],[19,-29],[76,69],[118,38],[3,-45],[-80,-46],[26,-102],[-4,-41],[-26,2],[22,-74],[70,-11],[-20,-20],[16,-110],[39,18],[23,-28],[207,31],[-36,55],[-48,1],[33,92],[90,-6],[193,73],[144,-26],[111,14],[82,54],[140,-6],[28,24],[77,-56],[36,38],[39,-128],[73,-3],[44,68]],[[53242,52177],[-1,-37],[-72,-31],[-49,-89],[-10,92],[-86,31],[20,-63],[-61,-65],[5,-36],[-74,-29],[-56,39],[-54,0],[30,-77],[-63,49],[-322,107],[-135,-143],[-62,57],[-139,53],[-65,-18],[-31,-73],[-42,-4],[-115,119]],[[51860,52059],[-97,193],[11,77],[95,127],[-71,-76],[50,112],[91,29],[217,-6],[169,178],[214,-34]],[[52539,52659],[392,144],[34,-142],[-21,-6],[-21,-124],[153,26],[66,-71],[-44,-32],[-72,-136],[31,-43],[52,21],[24,-49],[98,-37],[11,-33]],[[52403,53126],[-48,-33],[-14,-59],[4,-163],[34,-101]],[[52379,52770],[-108,-5],[-116,-93],[-85,-13],[-51,-101],[-116,43],[-97,-17],[-52,86],[47,-84],[-87,-61],[-82,-196],[-18,36],[-34,21],[36,-28],[22,-80],[-107,-103],[-43,-3],[-77,82],[-137,81],[-66,-20]],[[51208,52315],[-51,85],[80,0],[8,51],[32,-13],[-1,123]],[[51276,52561],[85,108],[192,18],[56,149],[-12,63],[49,162],[65,42],[102,-48],[-22,54],[107,64],[9,58],[-31,22],[63,22],[-16,103]],[[51923,53378],[264,-47],[21,-127],[69,-59],[126,-19]],[[54524,53586],[-146,-229],[-109,-68],[66,-59],[44,38],[65,-28],[89,28],[25,-40],[61,-9],[14,-34],[45,-25],[35,20],[12,-23]],[[54725,53157],[-8,-175],[-70,-48],[-5,-33],[-32,0],[-2,-57],[-64,-13],[-102,37],[-20,-62],[-35,-11],[-192,67],[-143,-178],[-157,-124],[23,-83]],[[53918,52477],[-186,-91],[-44,-89],[-63,29],[-90,-137],[-145,40],[-16,40],[-53,12],[-56,-106],[-23,2]],[[52539,52659],[80,49],[18,143],[64,104],[127,-24],[36,77],[133,-48],[135,185],[-15,-84],[22,-91],[37,-24],[80,-10],[-60,13],[17,14],[64,167],[117,-33],[4,18],[-123,20],[-59,-159],[-33,-21],[-47,44],[5,151],[-45,-23],[-100,-154],[-142,53],[27,35],[22,-29],[37,39],[9,-15],[13,2],[8,7],[2,14],[10,11],[13,28],[20,9],[27,2],[10,9],[9,27],[0,32],[-2,-32],[-17,-35],[-29,-1],[-17,-9],[-15,-29],[-10,-14],[-2,-12],[-8,-7],[-22,15],[-36,-38],[-23,27],[-81,-108],[-76,27],[-52,-29],[-126,-258],[-166,76]],[[52403,53126],[126,33],[-2,89],[45,101],[-4,228],[44,15],[-2,35],[-41,4],[-5,47],[75,98],[-9,42],[-92,26],[-6,38],[38,6],[25,77],[-117,-32],[43,210],[170,-82],[48,12],[59,-58],[55,1],[62,-41],[3,-57],[40,-53],[142,119],[134,6],[-22,117],[117,-160],[76,95]],[[53405,54042],[56,187],[187,45],[-31,95],[495,198],[63,-77],[-28,-160],[23,-74]],[[54170,54256],[121,-183],[-20,-72],[36,-60],[109,-46],[90,-146],[18,-163]],[[54380,59093],[172,-215],[-50,-75],[3,-77],[48,-21],[53,-86],[-15,-106],[18,-136],[55,-86],[-1,-128],[135,-118],[-15,-47],[79,-46]],[[54862,57952],[112,-206],[62,-45],[148,-19],[-13,-177],[41,-128]],[[55212,57377],[76,-169],[-39,-165],[-47,-41],[36,-87],[-19,-74],[-76,-11]],[[55143,56830],[-60,32],[-105,-12],[-30,-115],[-180,-12],[-41,41],[2,128],[-110,168],[-39,-56],[-60,-8],[13,-150],[-20,-62],[-67,-49],[40,-39],[-52,-30],[-34,35],[-61,-37],[-22,-49],[-55,6],[-282,151]],[[53980,56772],[-77,52],[-40,163],[22,101],[-90,256],[60,147],[64,41],[22,227],[-142,61],[-69,86],[-30,117],[37,52],[-6,64],[-14,38],[-45,16],[0,57],[-38,23],[-40,-18],[-16,32],[-1,108],[-66,120],[27,66]],[[53538,58581],[68,42],[22,101]],[[53628,58724],[50,46],[116,-11],[82,26],[118,131],[94,-8],[160,82],[33,106],[99,-3]],[[49589,59778],[142,-129],[22,-145],[47,-89],[-25,-25],[54,-101],[-140,7],[-40,-45],[-1,-53],[-19,3],[85,-204],[-170,9],[-114,-30],[-36,115],[-216,-63]],[[49178,59028],[6,934],[78,561]],[[49262,60523],[146,-14],[38,-83],[64,-9],[-26,-104],[76,-172],[-41,-50],[30,-63],[-46,-30],[12,-56],[31,54],[70,-101],[-11,-54],[-44,-18],[28,-45]],[[73922,58447],[-8,-14]],[[73914,58433],[8,14]],[[72377,58169],[-26,184],[107,189],[-8,31],[77,26],[2,29],[-179,9],[36,151],[84,0],[91,105],[89,26],[-36,329],[287,35]],[[72901,59283],[-1,-21],[29,-31],[73,-45],[-34,-51],[38,-39],[-18,-40],[11,-45],[53,-1],[2,-40],[18,-25],[25,-11],[36,8],[43,-73],[-37,-22],[-36,-79],[62,-51],[5,-39],[-37,-23],[41,-106],[-22,-74],[-76,-60],[-395,-175],[-304,-71]],[[73890,58490],[1,-4]],[[73891,58486],[2,-6]],[[73893,58480],[31,-18]],[[73924,58462],[1,-3]],[[73925,58459],[-18,-35]],[[73907,58424],[-43,-48]],[[73864,58376],[-203,114],[-118,25],[-93,6],[-21,-29],[-55,-3],[-16,24],[-207,-62],[37,95],[-51,103],[32,22],[5,14],[-3,26],[-63,66],[71,94],[-37,71],[-60,0],[-25,27],[0,41],[-55,4],[7,75],[-6,20],[-33,26],[35,50],[-101,78],[2,36],[-51,56]],[[72855,59355],[-4,35]],[[72851,59390],[1,42]],[[72852,59432],[1,2]],[[72853,59434],[29,24],[44,9],[16,18],[11,26]],[[72953,59511],[330,72],[108,-223],[225,-248],[88,44],[23,-39],[70,13],[-4,-31],[51,1],[-17,-269],[39,-57],[38,-3],[35,-71],[-36,-78],[-13,-132]],[[69921,57642],[-51,-48],[17,-60],[-101,-2],[-37,39],[-33,-9],[-12,-86],[-206,-62],[-109,-78],[51,-26],[-187,-98],[40,82],[-19,37],[-146,-73],[-98,-79],[-53,-115],[-74,-45],[-51,27],[-80,-30],[-168,-154],[-150,71]],[[68454,56933],[-717,323],[-379,-2]],[[67358,57254],[-9,221],[395,86],[532,228],[150,31],[106,-161],[73,-11],[203,228],[116,62],[113,-21],[128,-103],[83,-21],[253,130],[174,14],[123,-29],[123,-70],[-12,-22],[-89,-5],[90,-3],[-15,-140],[26,-26]],[[68495,58232],[-32,-4],[23,42],[9,-38]],[[67349,57286],[-69,-36],[-177,-11],[-92,-45],[-170,17]],[[66841,57211],[-101,48],[-27,-27],[-69,6],[0,32],[-127,36],[-28,31],[16,32],[-39,30],[-106,14],[14,74],[38,13],[90,121],[54,18],[-34,38],[77,148],[12,107],[47,-17],[7,19]],[[66665,57934],[57,40],[71,-80],[3,-69],[78,21]],[[66874,57846],[18,-17]],[[66892,57829],[35,-51],[45,39],[103,25],[135,-43],[52,55],[56,-23],[122,-8],[9,12],[-31,80],[24,31],[109,25],[11,-28],[-32,-37],[69,-25],[6,45],[40,23],[-32,42],[31,104],[116,-36],[181,93],[160,-27],[22,44],[-19,113],[150,-9],[90,-56],[103,-16],[75,40],[0,88],[65,-20],[46,-137],[8,-122],[-28,-47],[-148,-72],[-25,-37],[4,-72],[-28,7],[-143,-36],[-529,-225],[-401,-87],[6,-195]],[[73907,58424],[-43,-48]],[[73924,58462],[1,-3]],[[73891,58486],[2,-6]],[[72855,59355],[-4,35]],[[72852,59432],[1,2]],[[74194,64780],[368,-101],[364,-237],[126,-33],[12,-30],[47,18],[19,-42],[38,15],[0,-2]],[[75168,64368],[163,-118],[8,-75],[53,-21],[-23,-59],[-227,-124],[-314,3],[-215,-71],[-174,-226],[-16,-74],[-40,24],[-17,-18],[31,-1],[-69,-23],[-68,-137],[-71,-228],[-29,-400],[29,-307],[67,-262],[288,-887],[87,-180],[51,-238],[234,-476],[877,-1338],[551,-743],[123,-226],[630,-875],[209,-581],[46,-213],[-3,-137],[-79,-145],[-263,-279],[0,54],[80,56],[223,253],[35,83],[-2,103],[-181,234],[-171,134],[-302,163],[-362,95],[-92,-62],[-23,21],[-8,-33],[-215,-48],[-363,-137],[-37,-46],[-359,64],[-165,93],[-144,144],[-4,49],[-26,-22],[-303,359],[-12,50]],[[74576,57540],[-4,-20],[-281,282],[-8,33],[44,-7],[-152,152],[6,28],[-82,61],[-35,-52],[43,-38],[-41,22],[-76,174],[-10,100],[44,33],[-10,42],[25,30],[-29,-27],[-9,-56],[-76,21],[-11,115]],[[73922,58447],[6,9],[-2,7],[-36,27]],[[72953,59511],[-5,89],[-33,46],[-52,18],[-45,86],[-109,44],[5,113],[-33,65],[-14,9],[-70,3],[-48,58],[58,154],[0,27],[-60,163],[6,170],[-38,38],[-23,6],[-16,26],[7,33],[53,-23],[54,33],[-5,163],[28,49],[87,33],[-12,125],[68,56],[44,-21],[37,18],[9,119],[84,65],[-19,71],[17,56],[-20,-54],[20,-71],[-87,-67],[-20,-53],[15,-61],[-33,-20],[-47,21],[-56,-41],[-45,20],[-51,101],[-247,127],[246,-129],[51,-101],[45,-21],[-20,-22],[20,-112],[-87,-36],[-30,-56],[-69,-3],[-122,99],[-166,56],[166,-57],[122,-100],[69,2],[4,-156],[-105,-9],[-7,-37],[10,-17],[-6,-4],[-55,28],[128,-74],[-6,-170],[60,-186],[-57,-130],[0,-33],[44,-54],[84,-9],[35,-68],[-4,-112],[110,-45],[45,-86],[84,-62],[-5,-113],[-24,-23],[-37,-6],[-33,-25],[-1,-13],[11,-83],[44,-55]],[[72377,58169],[-111,-44],[-20,35]],[[72246,58160],[-2,-41],[-117,-36],[-227,51],[-608,-134],[-93,17],[-133,83],[-128,135],[-4,40],[-162,49],[-131,20],[-78,3],[-18,-1],[-9,-7],[-15,47],[13,-45],[-74,-32],[22,2],[24,16],[40,16],[79,-8],[-480,-140],[-126,-203],[-76,-52],[-322,49],[-88,-10],[-128,-44],[-123,-84],[-85,-16],[-117,117],[-168,24],[-104,-48],[-163,-206],[-79,-53],[-57,76],[-42,137],[139,74],[55,61],[1,211],[-63,111],[-83,19],[-123,-123],[-131,65],[-197,-6],[-15,83],[-217,-13],[-147,60],[-74,3],[-13,151],[-93,51]],[[67506,58629],[189,56],[105,66],[100,111],[-10,125],[-34,16],[-30,76],[77,261],[-57,69],[126,215],[-36,1],[-41,67],[-103,45],[3,137],[-59,184],[6,97],[38,54],[-54,107],[81,89],[-15,97],[136,56],[15,42]],[[67943,60600],[-2,106],[29,12],[-4,33],[-117,-6],[-135,53],[81,72],[17,140],[55,13],[-24,74],[35,7],[-7,51],[34,15],[3,38],[51,3],[-62,134],[46,73],[-45,128],[31,82],[-24,59],[58,116],[-114,125],[47,112],[9,119],[65,92],[-43,21]],[[67927,62272],[109,9],[47,82],[123,34],[43,147],[96,62],[-6,54],[164,-12],[147,78],[199,-10],[188,48],[-2,-75],[571,169],[33,-266],[95,-6],[14,-33],[66,16],[51,-77],[186,41],[47,142],[-89,87],[10,97],[78,103],[167,0],[28,51],[-15,45],[117,174],[-137,121],[288,86],[-2,21],[108,4],[215,251],[216,48],[29,56],[188,-38],[68,-65],[54,32],[29,-57],[305,232],[211,101],[-21,56],[122,83],[6,59],[-42,80],[276,172],[-53,403],[90,33],[-15,50],[58,24],[-3,42],[243,38],[88,-92],[55,-118],[-4,-128],[131,-15],[120,-94],[84,41],[115,10],[9,-75],[79,17],[85,-153],[119,53],[189,-23],[32,35],[248,-51],[66,-73],[5,50],[66,35],[80,297]],[[76033,55566],[-49,128],[109,-185],[-1,-46],[-36,33],[28,-43]],[[76084,55453],[19,12],[115,-225]],[[76218,55240],[-71,-68],[-149,-63],[-88,-26],[-18,44],[-80,-11],[-97,-63],[-62,105],[-162,-21],[-90,-443],[-128,-61],[-50,11],[50,-125],[-158,-118],[225,-282],[-250,-169],[-85,-97],[-22,56],[-79,-21]],[[74904,53888],[-21,72],[-91,3],[-41,88],[-82,225],[17,-8],[26,70],[-38,-10],[-13,44],[-61,-18],[-136,27],[-6,113],[-46,65],[-7,62],[-194,27],[47,162],[-20,89],[30,134],[-83,221],[26,79],[-82,14],[285,468],[-37,74],[-30,47],[-29,-23],[-54,23],[-158,-55],[-107,276],[-39,29],[-36,-36],[-35,15],[-43,-27],[27,28],[-18,22],[23,81],[-53,-18],[-43,68],[-19,-20],[-188,133],[15,27],[-96,106]],[[73494,56565],[84,54],[134,17],[144,75],[162,15],[280,242]],[[74298,56968],[-9,-44],[430,-327],[196,-224],[317,-287],[99,-19],[35,-50],[62,103],[71,-2],[-11,-13],[273,-233],[170,-240],[24,8],[78,-74]],[[69045,54179],[-178,66],[-471,102],[-16,-73],[-373,-18],[-36,78],[174,147],[-309,412]],[[67836,54893],[31,124],[-158,45],[56,255],[82,-9],[80,39],[150,17],[89,-14],[51,73],[-79,155],[8,118],[53,149],[29,15],[-89,32],[28,220],[97,267],[-4,136],[194,418]],[[69921,57642],[79,-113],[-2,-63],[-81,-287],[-123,-134],[-18,-180],[22,-143],[83,-97],[20,-63],[-68,-74],[-146,16],[-71,-67],[-58,-183],[72,-130],[-31,-72],[-98,-98],[-20,-74],[12,-175],[73,-153],[-41,-136],[43,-166],[-43,-226],[-83,-157],[-84,8],[-51,-29],[-9,-75],[-60,-86],[36,-141],[-109,-36],[-6,-207],[-114,-122]],[[71178,57730],[288,-85],[-1,35],[18,-30],[-84,-59],[-47,0],[13,32],[-21,-21],[-61,13],[-119,82],[-13,18],[27,15]],[[73971,57324],[48,-6],[190,-302],[46,3],[43,-51]],[[73494,56565],[-53,-11],[-24,58],[-68,-32],[69,-290],[-33,-18],[10,-47],[-66,-9],[-220,-477],[-112,14],[24,-23],[-17,-28],[-74,0],[-57,37],[-501,79],[-81,161],[-92,-63],[-100,-186],[-54,20],[-77,-50],[-11,-105],[-53,-3],[-31,-44],[-127,0],[-91,-127],[241,24],[204,61],[71,46],[105,2],[77,-180],[66,21],[55,-55],[-12,-46],[39,-173],[-342,-124],[-280,-6],[-111,-63],[29,-19],[39,-111],[-62,-127],[10,-110],[131,-85],[-104,-37],[-726,-216],[-294,-26],[-266,27],[28,59],[-72,113],[25,178],[-19,61],[35,9],[-10,35],[24,7],[25,103],[-22,169],[33,90],[-299,17],[-152,-21],[-79,24],[-24,35],[-90,-5],[-34,-29],[-326,86]],[[69568,55155],[15,111],[-43,140],[43,134],[-72,177],[0,213],[131,158],[-1,78],[-60,93],[68,187],[27,30],[181,-8],[58,55],[6,81],[-104,146],[-11,231],[146,184],[87,289],[-1,114],[-88,210],[79,70],[142,61],[25,-12],[244,130],[247,67],[169,-230],[69,-48],[-18,-44],[25,32],[306,-239],[222,-39],[-6,20],[182,39],[107,124],[182,137],[239,-12],[5,-122],[2,120],[252,3],[172,43],[9,-89],[25,-77],[-30,137],[9,32],[47,25],[220,50],[8,-24],[2,29],[228,78],[363,47],[106,-60],[58,-76],[102,-201],[-38,-24],[45,5],[94,-196],[154,-192],[-26,-18]],[[67943,60600],[-30,29],[-32,-47],[-39,7],[-31,114],[-49,9],[-35,-49],[-173,-31],[-221,-115],[-135,222],[-117,-23],[-383,-208],[-32,68],[-66,30],[-13,36],[-53,-19],[-66,54],[-36,-21]],[[66432,60656],[20,87],[-53,55],[48,-67],[-62,-190],[-43,-15]],[[66342,60526],[-172,104],[-1,44],[-102,155],[-60,-51],[-95,51],[-52,71],[-40,151],[-51,-27],[-76,122],[-58,-13],[-47,99],[-38,-3],[-35,46],[16,58],[-56,213],[-139,291],[21,50],[-54,133],[62,163],[114,17],[30,34],[71,-72],[88,16],[14,68],[-24,97],[-76,56],[29,39],[80,-54],[35,50],[22,-11],[51,-79],[135,-107],[131,29],[-32,95],[-74,83],[54,119],[-45,80],[50,44],[-22,98],[36,67],[116,16],[65,-30],[46,103],[133,28],[-11,50],[44,-8],[15,93],[47,22],[236,30],[30,-34],[-8,137],[398,-115],[108,91],[15,-67],[57,-54],[6,-77],[96,-41],[1,-129],[76,-23],[25,-95],[34,-2],[-110,-84],[22,-24],[-50,-86],[29,-71],[-48,-44],[82,33],[31,-120],[-64,-11],[-36,-41],[18,-31],[-119,-90],[-1,-33],[159,-16],[30,42],[56,17],[82,-29],[117,77],[90,1],[78,35]],[[63095,46795],[63,-16],[10,-38],[4,-125],[-23,-50],[140,-48],[164,57],[217,-15],[-62,-68],[-67,-152],[42,-65],[138,12],[62,-55],[118,-40],[-7,-32],[-50,-17],[15,-169],[-36,-63],[31,-87]],[[63854,45824],[-126,-16],[-3,-74],[-30,-15],[-39,-147],[-70,-5],[-14,-74],[35,-59],[-78,-27],[-39,-56],[42,-19],[13,-58],[-199,-57],[12,29],[-45,55],[-122,85],[-30,6],[-4,-36],[-147,10],[-82,-22],[2,58],[-56,56],[3,82],[-22,-17],[-9,49],[-101,-2],[-11,27],[-65,12],[-28,55],[-67,-43],[-68,21],[19,67],[-48,96],[-22,-10],[-67,98],[-15,128],[51,36],[-16,85],[77,24]],[[62485,46166],[56,11],[108,122],[37,-9],[82,42],[8,44],[27,-9],[0,104],[-24,29],[42,30],[-15,90],[86,26],[30,63],[-9,86],[90,5],[35,30],[24,-54],[33,19]],[[66842,42104],[6,-103],[-27,-1],[-7,-62],[39,-24],[3,-118],[-53,-2],[-26,-28],[24,-77],[-17,-41],[-73,-81],[-61,-20]],[[66650,41547],[-34,-71],[-69,35],[-127,10],[-15,-80],[43,-12],[-1,-24],[-71,-98],[-18,-95],[-145,24],[-6,-30],[-52,1],[1,-68],[-129,-16],[4,-35],[-24,5]],[[66007,41093],[-21,1],[-31,-107],[-100,23],[44,52],[-18,73],[-143,30],[33,17],[-19,51],[63,86],[-49,42],[61,56],[-13,54],[-444,323],[62,115],[27,9],[44,-44],[25,29],[65,-20],[68,191],[-21,114]],[[65640,42188],[76,56],[-32,77],[21,131],[33,8],[10,62],[71,92],[16,-14],[51,55],[44,-47],[43,34],[30,-42],[65,-121],[-9,-67],[41,-34],[41,-122],[84,122],[76,-25],[9,19],[163,-65],[11,28],[125,-11],[2,-24],[112,-62],[48,-1],[-19,-112],[90,-21]],[[71710,41880],[-80,-1],[-69,53],[-46,-18],[-34,-26],[-22,-88],[-87,-52],[-19,-65],[-15,-14],[-7,26],[-19,-29],[11,-122],[-97,-85],[22,-80],[-47,-84],[87,-86],[-10,-42],[-123,24],[-31,-35],[-7,-89],[-83,-8],[-54,32],[5,82],[-35,39],[-64,-137],[-125,28],[-49,-59],[-76,-21],[-25,-56],[-110,-51],[-46,-68],[-80,30],[-22,-48],[-102,-26],[-91,-72],[-12,-77],[-43,-11],[-42,-70],[23,-3],[-34,-16],[-42,-95],[-83,-6],[12,-49],[-24,-2],[24,-57],[-41,-12],[-3,-62],[-108,-130]],[[69787,40142],[-79,27],[-18,57],[-46,37],[13,42],[-120,56],[-14,54],[43,88],[-118,212],[-67,29],[-34,83],[-14,183],[-75,28],[-29,77],[-134,123],[-148,-22],[-66,-39],[-37,44],[19,214],[66,52],[21,86],[27,13],[-45,80],[80,193],[-71,23],[10,87]],[[68951,41969],[89,168],[34,-5],[41,156],[50,1],[21,49],[-42,250],[7,116],[-36,-6],[-51,38],[-4,103],[-62,13],[29,49],[-115,67],[-17,41],[-58,11],[72,200],[70,40],[39,77],[49,4],[33,48],[98,6],[37,50],[77,-3],[44,-81],[42,21],[57,-45],[275,65],[18,57],[193,26],[-7,40],[111,59],[0,51],[87,23],[28,-24],[63,4]],[[70223,43638],[14,-18],[474,64],[29,-139],[138,50],[150,-11],[10,-78],[47,-44],[54,7],[176,-107],[-21,-228],[262,-54],[23,-65],[26,9],[11,-36],[99,-59],[43,21],[212,-12],[40,-33],[86,23],[6,-24],[57,0],[-6,-28],[79,12],[46,-24],[14,-110],[-46,-217],[-108,-77],[-87,-124],[-338,-87],[7,-59],[-100,3],[-13,-21],[-108,105],[-40,-19],[104,-135],[65,-152],[82,-91]],[[66513,46534],[-120,-99],[-108,39],[-173,-26],[-95,-166],[-48,15],[-39,62],[-67,-412],[12,-146],[-90,-33],[-54,-124],[-319,196],[-47,-36],[24,63]],[[65389,45867],[30,119],[42,2],[59,-44],[147,118],[-147,210],[-144,42],[-24,100],[-55,28],[-23,-21],[-65,15],[-12,48],[-89,85],[22,151],[49,84],[51,17],[-131,255],[182,-50],[36,32],[-4,41],[65,-44],[103,66],[-138,59],[46,91],[-57,90],[15,47],[-58,24]],[[65289,47432],[107,70],[27,81],[61,3],[69,-42],[62,38],[32,-25],[16,34]],[[65663,47591],[-16,-64],[148,-1],[10,-62],[38,22],[165,-78],[-90,-140],[68,18],[68,-55],[-37,-128],[85,3],[88,-45],[-27,-44],[47,-92],[4,-101],[48,-48],[92,-8],[23,-78],[61,-33],[-20,-19],[41,-10],[54,-94]],[[53041,36851],[-9,-20],[-117,0],[-34,51],[-61,-12],[-38,-43],[-138,-20],[19,-56],[45,-18],[30,-57],[74,-24],[0,-53],[37,-59],[121,39],[69,-101],[35,65],[68,6],[55,-20],[0,-57],[22,-3],[-15,-27],[28,-48],[-91,-14],[-67,-151],[-123,-68],[-52,-157],[47,-158],[111,45],[12,-23],[41,29],[51,-14],[168,83],[81,-7],[17,74],[37,1],[23,-40],[126,36],[45,-42],[60,49],[47,-33],[36,38],[51,-77],[92,118],[173,13],[20,107],[-93,123],[8,80],[98,12],[75,93],[66,18],[74,-34],[35,28],[107,-1],[28,-68],[124,-73],[54,-78],[-80,-27],[-7,-32],[-76,-44],[-76,-16],[-114,-101],[-48,-80],[-10,-141],[72,-57],[13,-48],[245,50],[96,-25],[28,17],[120,-100],[88,18],[80,-21],[7,-43],[49,-43],[-37,-42],[-73,44],[-14,-50],[-52,-1],[20,-90],[81,-98],[-34,-51],[-56,23],[19,-82],[-65,15],[-28,-143],[-71,-80],[36,-69],[-91,-94],[30,-72],[-97,-5],[-19,-57],[77,-101],[-5,-47],[34,-44],[-13,-29],[85,-126],[130,46],[55,-22],[53,80],[75,45],[125,-62],[57,14],[64,-110],[60,-181],[-101,-83],[54,-317],[-19,-40],[26,-119],[95,-3],[3,-83],[-12,-317],[-19,-75],[-25,-42],[-27,7],[-36,-78],[40,-77],[-26,-224],[22,-48],[-28,-50],[-7,-130]],[[55386,32542],[-313,-138],[-52,12],[-53,-255],[-125,-31],[-212,47],[32,162],[-22,101],[-212,16],[-28,-25],[-5,139],[-131,-11],[13,-39],[-26,-58],[-96,-84],[-3,-60],[54,-94],[69,-1],[59,-82],[-80,-51],[-22,-49],[-53,-12],[-24,-83],[-32,-12],[-14,-75],[38,-181],[-60,-6],[-16,-47],[37,-5],[-8,-22],[65,-58],[36,37],[32,-26],[77,12],[71,-72],[19,-187],[-39,-29],[16,-142],[97,-131],[59,-9],[46,-101],[12,-73],[-20,-21],[34,-51],[-45,-27],[17,-32],[36,15],[-1,-32],[-59,-51],[-168,-15],[-73,-112],[-117,-13],[-9,-65],[-54,-6],[-7,63],[-57,-33],[-6,65],[-59,-17],[-120,-309],[-78,-26],[-4,-33],[-109,-9],[-155,62],[-166,-41],[-42,-26],[57,-101],[-29,-53],[-36,2],[-61,81],[-71,16],[-72,-142],[-108,-53],[-34,-65],[-41,-2],[-58,64],[4,-54],[-124,-203]],[[52757,29595],[-57,12],[-12,88],[-70,44],[-147,43],[-34,-31],[-2,-50],[-56,12],[-34,164],[-21,-19],[-48,33],[-18,-95],[-70,12],[-40,131],[-70,-132],[-34,19],[-64,-72],[-27,30],[6,59],[-139,51],[-110,249],[-82,53],[17,110],[73,110],[-294,151],[-9,56],[-96,54],[-63,115],[-132,11],[-9,117],[-43,59],[-28,-39],[-20,27],[-55,-20],[-3,-36],[-38,24],[-31,-13],[-12,48],[148,41],[11,36],[-79,21],[-46,60],[-92,-13],[-71,106],[-94,-5],[14,-80],[-47,-42],[-103,-3],[-106,-113],[-104,-58],[-52,18],[-15,-37],[-55,-46],[-60,-3],[-34,-48],[-169,-18],[-32,68],[37,59],[-44,117],[19,22],[-23,73],[-198,-60],[-78,54],[-20,76],[16,90],[-40,103],[-76,77],[-37,110],[-83,38],[-37,99],[-245,252]],[[49090,31964],[-17,97],[-130,220],[-24,148],[-109,133],[114,264],[-57,110],[17,50],[-142,139],[-41,74],[-42,13],[-42,156],[-41,33],[62,159],[-34,215],[153,35],[-22,122],[25,49],[-31,40],[-132,38],[-41,41],[-76,-20],[-45,70],[69,86],[-16,64],[180,20],[191,77],[91,60],[95,114],[-16,64],[-85,47],[-53,-89],[-78,-39],[-24,41],[-92,24],[-91,66],[4,53],[84,50],[0,51],[97,56],[59,97],[-24,10],[10,156],[-51,120],[70,17],[152,143],[42,-3],[-1,29],[-51,15],[67,199],[-24,100],[127,4],[83,43],[44,-15],[10,104],[-59,0],[39,30],[-26,51],[24,44],[60,7],[22,47],[270,115],[60,-2],[23,-40],[55,-15],[99,28],[10,-39],[110,39],[0,86],[80,43],[55,-22],[-136,73],[-243,-23],[-30,45],[-99,8],[-46,47],[28,53],[-23,78],[57,38],[37,140],[-21,172],[25,159],[33,40],[98,-15],[71,68],[98,21],[106,299]],[[50081,37489],[190,14],[-27,42],[42,6],[6,26],[-72,92],[73,25],[40,64],[95,27],[127,-23],[-20,42],[-48,2],[-54,54],[-67,20],[73,106],[-49,36],[17,27],[108,-8],[66,-90],[44,-3],[-21,-77],[20,-6],[57,66],[-17,101],[217,53],[77,103],[126,-49],[197,-16],[69,-48],[44,4],[-33,-66],[15,-119],[77,-50],[53,40],[5,-155],[-31,-71],[28,-53],[83,27],[354,11],[9,-39],[79,-20],[-75,-87],[30,-106],[-93,-118],[-64,26],[-25,-32],[-74,26],[74,-104],[110,-39],[78,-109],[109,6],[94,-168],[301,49],[0,48],[-65,-8],[-18,23],[139,325],[34,57],[40,12],[80,-68],[-29,-53],[102,-39],[36,33],[25,-24],[-2,-56],[42,-3],[-5,-59],[41,-6],[25,-51],[47,11],[-36,-121],[45,-79],[42,-19]],[[54816,44699],[339,-232],[6,-109],[55,-62],[-22,-45],[17,-30],[-39,-29],[-42,21],[-7,-60],[-38,0],[6,-18],[35,-12],[18,-71],[115,-11],[-26,-92],[127,-86],[39,-81],[42,1],[24,-63],[108,-62],[-3,-97],[79,-25],[82,-138]],[[55731,43398],[-7,-43],[-33,1],[10,-77]],[[55701,43279],[-36,-34],[-48,9],[-43,-26],[-51,12],[-5,42],[-68,-30],[-123,3],[-42,36],[-39,-7],[-40,80],[26,30],[-54,6],[-15,-24],[-37,-227],[-189,-307],[9,-136],[-33,0],[34,-83],[-6,-104],[-43,-20],[-26,-145],[-80,-131],[12,-190],[-20,-41],[31,-41],[-17,-167],[-161,-101],[-4,-118],[27,-17],[-36,-54],[-110,35],[-123,104],[-67,-29],[0,32],[-84,-8],[-16,25],[-26,-19],[-49,64],[-85,13],[-96,177],[-153,133],[-161,77],[26,57],[-77,24],[4,68],[38,27],[-54,73],[-173,135],[-118,56],[-70,103],[-59,-20],[-87,118],[-83,29],[-15,66],[167,51],[29,94],[45,23],[-4,57],[-89,26],[-67,-15],[-33,43],[-48,-36],[-61,109],[-253,74],[-38,98],[44,81],[-37,9],[-34,92],[49,6],[-16,32],[24,72],[-22,44],[46,29],[14,-17],[119,89],[51,-33],[18,-89],[26,9],[100,255],[50,-19],[144,48],[58,-24],[21,40],[-38,71],[12,142],[-46,67],[54,6],[80,108],[116,-7],[-8,-32],[81,-60],[88,50],[36,-74],[64,-53],[55,1],[-39,-78],[7,-56],[68,29],[68,179],[50,-51],[39,45],[78,-28],[36,63],[75,23],[2,33],[31,10],[-16,-72],[87,16],[12,-31],[-110,-249],[22,-8],[-10,-27],[74,24],[64,-25],[14,57],[129,-3],[-17,89],[-47,41],[51,87],[-32,26],[2,56],[-65,114],[-28,154],[23,21],[252,-34],[16,53],[19,-11],[55,69],[23,3],[12,-89],[-2,52],[4,-41],[86,57]],[[56884,48665],[23,26],[59,-32],[94,-291],[115,4],[26,-28],[41,4],[11,-53],[121,-10],[-18,-165],[95,-86],[-26,-6],[12,-15],[-58,30],[-62,-19],[47,-109],[4,-42],[-28,-26],[48,-60],[5,-56],[39,-23],[-44,-72],[20,-54],[58,-23],[-1,-39],[101,-46],[1,-58],[-39,-68],[23,-71],[34,-33],[55,46],[58,-24],[4,-113],[-21,6],[-13,-71],[65,-59],[-3,-44],[34,-9],[16,-51],[-78,-10]],[[57702,46915],[60,-105],[-168,-93],[-24,41],[-58,-15],[-6,-70],[-99,-26],[-77,228],[-32,40],[-103,34],[-51,-74],[4,-107],[-74,-7],[-28,-154],[-74,-26],[-10,50],[-40,-20],[20,-98],[-36,14],[-27,-29],[-38,72],[-47,-13],[-36,213],[-104,114],[-46,133]],[[56608,47017],[72,12],[-54,52],[-60,253],[-5,36],[55,46],[-37,61],[2,64],[114,71],[-58,240],[-88,117],[-77,302],[-54,11],[-42,134],[65,71],[130,71],[7,39],[127,21],[25,91],[154,-44]],[[55886,23600],[-7,-38],[92,-42],[56,-115],[-38,-54],[7,-30],[-77,-70],[78,-128],[-130,-35],[-6,-154],[62,-182],[-83,-159],[-68,44],[-29,-56],[6,-57],[-114,-14],[-20,-34],[-106,-44],[-60,-89],[30,-14],[20,26],[130,21],[134,-119],[107,44],[-5,-61],[22,-21],[-45,-18],[-12,-44],[110,-51],[-6,-68]],[[55934,22038],[-314,-177],[-68,-78],[-42,-11],[-38,31],[-243,-132],[-108,-13],[-50,-83],[-41,12],[-79,142],[-54,-64],[-40,11],[-74,-67],[23,-72],[-35,-15],[-6,-54],[-70,-11],[-1,-33],[-22,21],[-56,-12],[-62,-67],[15,-51],[-71,-4],[6,-43],[-87,-1],[-107,57],[-37,-74],[-111,18],[-28,35],[-111,36],[83,110],[-4,70],[-69,-15],[-72,42],[-129,6],[-192,112],[-12,-33],[-25,6],[12,39],[-44,21],[-43,-60],[-172,-103],[-82,69],[-34,-4],[-9,-82],[-145,-99],[-48,30],[-22,-29],[-32,15],[-3,-42],[-46,15],[-71,71],[-19,77],[16,23],[-188,117],[-60,-3],[38,64],[-36,39],[-57,39],[-30,-13],[-80,78],[-82,30]],[[52366,21929],[67,186],[-93,78],[-89,34],[34,86],[81,13],[38,77],[-3,110],[-51,85],[24,36],[-25,39],[23,187],[40,5],[37,-172],[27,12],[23,-142],[33,27],[64,-19],[-7,-56],[-46,-15],[14,-32],[-43,-4],[13,-91],[49,-15],[-28,-45],[-25,33],[4,-57],[27,18],[23,-34],[10,35],[76,-1],[15,-26],[72,54],[11,361],[49,94],[42,9],[9,-38],[40,36],[15,-23],[20,17],[-42,41],[32,1],[0,41],[34,-3],[-39,41],[28,-5],[-10,35],[21,-3],[3,32],[109,-97],[18,17],[-26,22],[30,6],[-91,44],[-2,42],[67,29],[5,-39],[62,4],[-3,27],[41,-30],[-3,79],[55,-18],[46,16],[-7,32],[19,-26],[29,12],[-25,37]],[[53287,23128],[71,51],[99,-23],[87,186],[42,-6],[-1,-38],[64,8],[50,-29],[64,56],[13,96],[46,58],[-18,30],[73,35],[-6,64],[-32,25],[9,49],[20,-34],[19,-17],[100,-39]],[[53987,23600],[22,-64],[83,61],[62,4],[28,-36],[-40,-124],[25,-9],[80,59],[100,-86],[121,39],[109,-3],[17,16],[-22,49],[294,55],[66,81],[150,6],[50,32],[26,-20],[89,65],[84,-19],[52,43],[74,12],[161,-37],[26,-64],[73,-59],[10,-98],[98,53],[24,44],[37,0]],[[53287,23128],[-49,6],[-11,34],[-51,-21],[-33,39],[-112,8],[-4,38],[-73,-38],[-47,23],[-19,54],[33,23],[27,113],[-22,0],[5,40],[-57,68],[27,40],[5,151],[35,24],[-8,33],[-85,12],[61,103],[30,-17],[24,9],[10,32],[-53,134],[1,59],[-23,78],[-103,56],[-23,23],[-15,22],[-6,3],[-6,58],[-7,25],[-78,109],[-19,5],[-32,-56]],[[52609,24418],[20,50],[13,9],[11,0],[13,-9],[72,-99],[8,-25],[4,-64],[6,0],[16,-27],[27,-25],[78,-32],[25,-26],[20,-78],[4,-56],[24,-45],[29,-110],[31,-28],[142,14],[158,-23],[65,46],[24,-12],[2,-49],[56,-18],[90,33],[59,92],[-44,-28],[-15,-58],[-93,-33],[-49,15],[-2,47],[-13,15],[-19,0],[-64,-44],[-172,22],[-88,-14],[-55,23],[-81,301],[-97,52],[-52,63],[-9,72],[22,17],[-26,-6],[-93,112],[-36,-14],[-51,-77],[-70,-10],[-156,196],[-99,53],[-16,77],[-69,51],[41,-5],[-39,35],[23,-14],[177,230]],[[52361,25014],[65,104]],[[52426,25118],[125,226]],[[52551,25344],[89,-111],[-15,-91],[123,-155],[-27,-106],[141,-24],[109,39],[208,-13],[188,54],[-18,-68],[-71,-48],[28,-30],[-1,-99],[31,22],[136,-47],[38,-61],[89,12],[-6,-54],[33,-7],[82,12],[5,40],[24,-10],[11,32],[73,-14],[17,-53],[102,18],[43,-59],[-51,-72],[53,-205],[-13,-141],[-55,-48],[-4,-98],[-30,-42],[-148,-64],[96,-9],[25,-164],[33,-36],[98,-44]],[[48767,22242],[-96,12],[80,27],[16,-39]],[[52366,21929],[-23,-1],[5,-29],[-175,11],[-39,71],[-1,-32],[-59,-33],[-70,36],[-157,2],[-9,72],[-58,-36],[-301,42],[-24,30],[-138,3],[-39,-10],[-3,-86],[98,-89],[4,-47],[-42,-15],[17,-141],[-378,-28],[-98,9],[-32,31],[-81,-31],[-68,99],[-107,-243],[-184,61],[-55,57],[-65,11],[-42,59],[-126,-5],[-26,27],[-78,2],[-6,-89],[-92,-46],[-171,80]],[[49743,21671],[-10,80],[72,23],[-25,7],[40,55],[-23,75],[16,68],[-20,-66],[8,-29],[-56,88],[60,205],[29,228],[-30,34],[-33,-12],[10,32],[-53,36],[23,39],[222,88],[42,169],[-13,122],[-28,5],[-30,62],[-92,10],[139,59],[69,-4],[152,93],[27,-26],[-23,-83],[30,35],[45,-53],[-23,49],[-31,7],[16,27],[157,9],[105,-63],[48,-5],[14,-31],[27,-23],[43,-3],[-61,26],[-18,44],[31,7],[-70,-6],[-81,54],[151,162],[69,119],[6,-17],[39,185],[73,48],[-41,47],[110,72],[122,245],[257,214],[208,273],[139,29],[69,65]],[[51650,24545],[53,51],[102,4],[26,-19],[-19,-30],[186,34],[10,-25],[30,7]],[[52038,24567],[-28,0],[22,29]],[[52032,24596],[8,16]],[[52040,24612],[44,52],[-33,37],[2,7],[26,-38],[7,12],[34,16],[41,-3],[57,-74],[102,-57],[137,-158],[-3,-26],[11,20],[65,-32],[79,50]],[[52361,25014],[65,104]],[[55912,26088],[20,-19],[-42,-58],[93,-54],[-33,-27],[56,-29],[-16,-42],[35,-11],[19,32],[35,-35]],[[56079,25845],[-12,-80],[120,-36],[-33,-29],[-41,-125],[3,-151],[58,-75],[-41,-127],[54,-35],[23,-83],[38,3],[9,-27],[-30,-72],[-70,-53],[-122,-26],[-165,-107],[1,-47],[-137,-57],[-109,-81],[112,-154],[64,-23],[59,30],[61,-13],[15,-133],[-60,-294],[92,-11],[-82,-439]],[[52551,25344],[26,5],[38,362],[29,75],[47,29],[15,-27],[-5,36],[180,267],[11,-54],[-7,78],[71,153],[253,184],[21,-17],[-13,26],[118,139],[33,83],[48,-26],[-39,53],[95,311],[121,196],[110,79],[19,-22],[-14,25],[66,51]],[[53774,27350],[218,-142],[7,-29],[172,-30],[-31,-181],[11,-35],[61,-19],[-51,-55],[180,41],[87,77],[129,-50],[24,49],[31,-40],[65,-12],[12,-39],[39,8],[83,-56],[14,19],[93,-48],[51,66],[36,-55],[-9,-52],[49,31],[37,-13],[-1,-34],[-127,-38],[102,-115],[5,-45],[-17,-187],[-45,-80],[6,-140],[214,1],[42,92],[24,-38],[48,7],[41,-74],[77,-3],[-1,-35],[78,1],[9,35],[28,-20],[0,-55],[99,34],[28,-62],[73,47],[2,-19],[22,21],[48,-23],[32,53],[43,-20]],[[39532,7076],[150,-3],[-189,16],[39,-13]],[[39807,7271],[12,58],[-37,97],[-80,35],[59,21],[69,-44],[37,38],[26,-26],[-3,-66],[73,34],[-12,32],[-44,-23],[-6,35],[31,107],[63,-15],[-54,30],[74,185],[144,105],[-11,73],[57,-8],[-55,8],[6,21],[-4,13],[-9,9],[-20,9],[24,-15],[7,-15],[-17,-50],[13,-45],[-41,23],[-101,-70],[-92,-164],[7,-68],[-51,-97],[-49,-6],[-38,61],[-37,-18],[-17,34],[-27,-52],[-97,19],[-23,-30],[-38,1],[15,11],[-23,9],[5,35],[-17,-14],[2,36],[-17,-92],[-48,-4],[-17,-33],[-29,15],[43,56],[-7,48],[-26,-2],[22,41],[-25,-23],[-16,-57],[-33,27],[-82,-13],[-28,30],[29,16],[-36,-13],[29,32],[-27,-6],[24,16],[-22,-3],[18,9],[-19,2],[9,92],[24,4],[-26,0],[19,17],[-22,-5],[-20,53],[25,47],[-36,-8],[-41,95],[71,37],[-18,19],[19,34],[43,9],[-43,-3],[-26,-46],[-58,-19],[-97,111]],[[39084,8067],[50,52],[-20,-9],[-6,33],[90,305],[55,-17],[13,-56],[2,51],[76,-21],[44,20],[10,-26],[36,-27],[-37,38],[62,78],[26,9],[-33,-6]],[[39452,8491],[-16,37],[79,57],[3,39],[43,3],[3,-54],[36,-29],[44,33],[52,-6],[95,43],[19,77],[81,51],[39,-86],[23,1],[-26,-98],[236,-113],[30,-84],[-12,-56],[29,-26],[-15,-59],[57,-39],[9,-78],[280,-8],[-17,-57],[98,-8],[-10,-42],[33,-5],[-10,-27],[68,-6],[14,-65],[-54,-63],[-12,-65],[-69,-27],[-134,4],[-43,-138],[46,-79],[-3,-77],[-24,-23],[-43,28],[-3,-34],[-54,3],[-65,-42],[-68,-50],[-31,-78],[-67,-62],[-24,38],[-100,34],[-88,-19],[-74,35]],[[45206,9834],[-54,-309],[22,-152],[-18,-65],[153,-91],[-40,-44],[87,-36],[28,-101],[72,-4],[-34,-55],[-29,12],[-30,-37],[-114,22],[-103,-87],[-64,56],[-50,-5],[32,27],[-45,32],[3,-42]],[[45022,8955],[-31,72],[-58,-39],[0,-35],[-43,-35],[1,-49],[-62,-21],[-46,-132],[-17,-140],[50,-27],[3,-33],[-56,-41],[2,-86],[31,-35],[-5,-59],[21,-6],[-20,-83],[19,-44],[61,-3],[21,-52],[106,40],[87,-39],[29,15],[55,-71],[16,15],[-4,-54],[58,62],[-68,84],[78,-86],[48,25],[143,-23],[-49,-30],[-43,-98],[-31,4],[-62,-48],[2,-61],[46,-9],[14,-39],[-100,-33]],[[45218,7761],[-192,-15],[-129,-73],[-116,97],[-64,186],[-39,0],[-24,45],[-26,-15],[16,27],[-27,69],[22,26],[-47,30],[-8,91],[-168,-14],[-126,79],[-7,126],[-86,-3],[-3,35],[-33,14],[-4,126],[29,106],[51,17],[57,69],[163,23],[65,56],[-1,72],[-17,42],[-23,-1],[77,140],[-12,131]],[[44546,9247],[128,197],[42,-56],[33,113],[152,42],[63,130],[59,-20],[7,34],[80,63],[-7,101],[38,12],[24,-30],[41,1]],[[61263,27543],[-70,-42],[-47,-79],[14,-53],[-34,-31],[-14,-85],[54,-31],[31,-76],[18,-106],[-30,-69],[51,2],[93,-165],[108,-23],[30,-73],[-121,-185],[58,-99],[-69,-68],[-55,30],[-12,-65],[-71,-60],[51,-228],[-55,-103],[62,-161],[66,-51],[189,107],[64,-70],[113,-268],[186,-266],[96,-275]],[[61969,24950],[-151,-25],[4,-21],[-36,-15],[-43,48],[-45,-29],[-6,-39],[-26,11],[-111,-80],[-157,-46],[-452,-69],[30,-186],[-135,-3],[-134,-39],[-178,8],[-72,-25],[4,-30],[-166,56],[-41,-27],[-133,182],[-5,159],[-97,-50],[-34,21],[-31,-59],[-50,-6],[-56,172],[-6,43],[28,10],[-47,130],[42,30],[15,-31],[-29,-38],[52,-91],[7,-72],[54,3],[6,65],[-56,95],[-30,116],[24,6],[-8,29],[-24,-3],[-31,179],[-84,42],[31,8],[-29,57],[39,43],[-140,95],[26,6],[18,78],[36,-34],[95,-19],[-43,97],[52,32],[10,128],[29,-8],[79,55],[40,-37],[27,55],[-127,63],[6,39],[38,29],[7,76],[-81,70],[-10,59],[21,34],[-16,-10],[-7,79],[128,199],[67,38],[52,-50],[70,124],[156,0],[-57,368],[-36,82],[66,10],[27,57]],[[60335,27194],[102,37],[59,-21],[34,-80],[111,-8],[128,78],[103,-3],[146,70],[12,149],[50,73],[29,-2],[35,86],[71,2],[48,-32]],[[75788,42202],[132,-952],[30,-62]],[[75950,41188],[-36,-11]],[[75914,41177],[-44,-13]],[[75870,41164],[-525,-139]],[[75345,41025],[-7,-5]],[[75338,41020],[-8,-6],[-25,2],[-141,-40]],[[75164,40976],[-154,-42]],[[75010,40934],[-13,-3]],[[74997,40931],[-394,-116],[-184,-17],[46,-30],[-72,-16],[20,-76],[-90,-145],[61,-7],[47,-82],[-19,-45]],[[74412,40397],[-111,50],[-21,-39],[-100,-13],[-31,-58],[-48,68],[-103,19],[-15,-81],[43,-58],[-58,-81],[-43,7],[7,-74],[-22,-25],[-224,-38],[-2,-29],[-30,6],[28,-51],[-42,-68],[-80,-75],[-28,41],[-48,-29],[-26,112],[-321,485],[60,32],[-7,33],[27,11],[-16,21],[-104,11],[-98,163],[-73,9],[-94,-34],[-50,53],[-107,12],[-38,68],[15,53],[-78,119],[-107,-4],[-57,-61]],[[72410,40952],[-84,56],[-473,-133],[-24,41],[24,17],[-120,65],[-46,78],[61,54],[47,177],[38,9],[13,175],[52,0],[23,142],[-51,103],[-81,57],[-24,-24],[-52,113]],[[71713,41882],[76,48],[15,39],[80,-15],[-5,55],[200,9],[2,75],[105,-30],[77,-60],[35,12],[80,-35],[118,20],[110,90],[139,24],[87,67],[94,-9],[58,33],[123,104],[10,95],[42,-21],[84,3],[2,21],[228,-87],[44,15],[92,-65],[37,-80],[129,-141],[318,216],[101,15]],[[74194,42280],[58,21],[115,-237],[113,124],[342,-137],[14,51],[328,261],[127,-81],[116,80],[81,-2],[14,49],[279,-148],[7,-59]],[[72672,30947],[72,-261],[31,-46],[78,-14],[88,-140],[18,-94],[28,-3],[-44,-71]],[[72943,30318],[-119,-13],[22,-35],[-35,-41],[-164,57],[-42,-33],[-23,14],[-116,-138],[-62,8],[15,-45],[-68,-68],[-292,419],[-103,91],[-148,0],[-9,45],[-185,141],[105,83],[29,-14],[74,39],[33,144],[-63,81],[311,30],[104,21],[6,24],[142,-30],[23,-202],[147,-39],[10,51],[137,39]],[[81663,25165],[-35,7],[-12,-24],[1,12],[-22,-9],[1,6],[-12,0],[-5,11],[12,13],[27,11],[38,-2],[44,32],[-7,-44],[-30,-13]],[[81577,25163],[-22,61]],[[81555,25224],[44,27],[92,-15],[54,21],[-43,-18],[46,4],[-36,-28],[-15,22],[-18,-30],[-8,8],[-15,-20],[-17,0],[15,14],[-63,-26],[-11,-9],[-3,-11]],[[83281,25292],[-294,-287],[-47,-9],[-275,123],[-423,55],[-516,121],[-133,-37]],[[81593,25258],[0,6]],[[81593,25264],[0,-6]],[[81593,25258],[-16,-7]],[[81577,25251],[-10,0]],[[81567,25251],[-1,-2]],[[81566,25249],[-25,36],[37,162],[-15,38],[89,104],[-22,74],[18,37],[-27,38]],[[81621,25738],[22,67],[39,28],[108,-50],[211,-9],[1,-42],[74,-22],[193,-17],[25,-17],[-6,-31],[98,-25],[-6,-27],[270,-22],[38,-29],[-2,-39],[71,-29],[224,-1],[20,-159],[193,-35],[35,55],[52,-42]],[[80813,24941],[-73,-21],[49,33],[24,-12]],[[80607,25127],[-11,8]],[[80596,25135],[11,-8]],[[80594,25135],[-14,9]],[[80580,25144],[14,-9]],[[80542,25210],[33,-53]],[[80575,25157],[-46,-12],[13,65]],[[80517,25251],[-3,4]],[[80514,25255],[3,-4]],[[80429,25260],[39,-15]],[[80468,25245],[29,6]],[[80497,25251],[17,-3],[-21,-15],[27,6],[-28,-8],[-24,-53]],[[80468,25178],[16,-40],[-2,21]],[[80482,25159],[6,18]],[[80488,25177],[-5,16]],[[80483,25193],[11,26]],[[80494,25219],[26,-3]],[[80520,25216],[4,-7]],[[80524,25209],[-19,-17],[13,-48],[60,-32],[-29,-5]],[[80549,25107],[22,-3],[-15,-10]],[[80556,25094],[29,15],[37,-42],[-31,27],[-17,-14]],[[80574,25080],[43,-19],[-28,7],[31,-13],[31,-136],[67,-33],[84,6],[21,-28],[-87,-61],[-78,-9],[-34,39],[-89,-79],[-186,-40],[-165,-22],[-9,41],[-63,48],[-72,-25]],[[80040,24756],[10,10]],[[80050,24766],[-10,-10]],[[80040,24756],[10,-26],[-32,-32],[29,32],[-9,26],[-96,-33],[-1,-20],[29,-3],[15,-23],[-17,20],[-37,4],[-38,-24]],[[79893,24677],[7,21],[-24,-3]],[[79876,24695],[-90,198],[71,-145]],[[79857,24748],[19,-53]],[[79876,24695],[23,2],[-6,-20]],[[79893,24677],[71,15],[15,-28],[-52,-125]],[[79927,24539],[3,-154],[-48,-284],[-35,-42],[-235,-83],[-193,-17],[-7,20],[-28,-31],[-164,-12],[-159,19],[-20,52],[-35,14],[-8,112],[-96,138],[-39,14],[-181,-30],[-144,-163],[-11,18]],[[78527,24110],[15,9],[-306,145],[-147,146],[-16,59],[-21,-13],[-136,70]],[[77916,24526],[31,88],[139,51],[-30,109],[134,21],[-41,171],[68,-8],[-35,57],[17,28],[25,-14],[29,78],[42,-163],[87,0],[27,100],[-13,116],[286,47],[-6,36],[31,17],[293,25],[-54,159],[-110,103],[-21,120]],[[78815,25667],[271,30],[341,-30]],[[79427,25667],[81,21],[15,-143],[221,-15],[22,-56],[-26,-33],[74,17],[-16,-58],[25,-45],[25,13],[5,56],[39,-3],[39,-66],[35,20],[19,72],[138,38],[45,-106],[159,17],[19,-70],[30,14],[-2,-42],[55,-38]],[[81518,22992],[-4,-3]],[[81514,22989],[4,3]],[[81243,23043],[-29,6],[27,20],[2,-26]],[[81459,23168],[15,-72],[-33,65],[-72,-89],[-56,34],[-18,50],[62,44],[102,-32]],[[81431,23262],[39,-23],[-62,30],[23,-7]],[[81081,23283],[35,-42],[43,28],[23,-64],[-181,-7],[-7,59],[26,29],[61,-3]],[[81314,23277],[53,-8],[-25,-18],[-43,14],[15,12]],[[81496,23278],[-44,-21],[-39,17],[83,4]],[[81543,22975],[5,8]],[[81548,22983],[105,3],[-21,-55],[-74,-49],[-21,-79],[32,5],[8,-25]],[[81577,22783],[-33,-83],[102,-42],[-113,-252],[-34,-16],[-64,-183],[-26,-29],[-36,26],[-22,-45]],[[81351,22159],[-160,21],[-68,44],[-31,-32],[-74,48],[-60,-33],[-23,-74],[-88,-56],[-98,141],[-64,-38]],[[80685,22180],[-56,78],[-118,46],[-32,89],[8,89],[-79,-31],[-325,233]],[[80083,22684],[93,80],[103,32],[17,34],[13,-15],[-7,29],[28,-5],[-19,-24]],[[80311,22815],[75,53],[45,65],[-4,42],[108,103],[14,-36],[-18,-20],[20,7],[-7,-37],[35,-64],[79,12],[31,163],[98,218],[98,-44],[38,-121],[26,-7],[-12,-21],[18,16],[21,-35],[-3,31],[31,-6],[-8,-47],[24,19],[74,-60],[34,18],[11,-42],[138,-3],[15,-57],[66,61],[-48,-55],[133,-121],[40,-14],[19,23],[31,47],[-22,84],[32,-12]],[[81637,23524],[44,-37],[-3,-73],[-14,49],[-62,21],[3,42],[32,-2]],[[81676,23582],[-45,-9],[30,36],[15,-27]],[[81888,23776],[-13,-13],[-1,32],[39,-37],[-25,18]],[[81818,23801],[25,-8],[-38,-21],[45,-9],[-69,-9],[37,47]],[[81749,23820],[1,-22],[25,19],[-7,-18],[25,-1],[-15,-26],[-67,36],[38,12]],[[81677,23838],[-3,3]],[[81674,23841],[17,2]],[[81691,23843],[2,4]],[[81693,23847],[17,-21],[-36,-47],[3,59]],[[81870,23881],[7,-56],[-37,1],[5,59],[25,-4]],[[81181,24373],[6,-5]],[[81187,24368],[-6,5]],[[81181,24373],[32,66],[218,-76],[42,-64],[236,58],[74,-34],[84,15],[29,-36],[56,-5],[12,-33]],[[81964,24264],[-6,-38],[28,-42],[87,-32],[34,-80],[13,32],[6,-21]],[[82126,24083],[12,-20],[-32,74],[-93,66],[-17,-13],[-5,26]],[[81991,24216],[-20,10]],[[81971,24226],[-2,21],[26,-24],[6,35],[-15,-24],[-20,21],[63,38],[67,6],[149,-58],[154,-173],[24,-245],[-50,-87],[-64,-46],[-286,-24],[-38,24],[29,59],[-68,77],[27,64],[-43,-61],[-33,-6],[3,38],[-39,44],[-40,-3],[-39,-47]],[[81782,23855],[-46,-30],[-43,22]],[[81693,23847],[-2,-4]],[[81691,23843],[-17,-2]],[[81674,23841],[3,-3]],[[81677,23838],[-22,24],[-14,-30]],[[81641,23832],[-23,-36]],[[81618,23796],[-19,6],[32,41],[-43,-36],[-17,-56]],[[81571,23751],[4,-18],[-19,18],[-50,-20],[-8,-96],[-51,-22],[-19,-107],[-41,-22],[73,28],[32,82],[45,-26],[3,-59],[-105,-81],[-168,-41],[-47,26],[-87,-9],[-115,-94],[-72,41],[-183,15],[-50,-53],[-52,-151],[-62,6],[63,-33],[-35,-166],[-108,154],[-26,0],[-46,-74],[-44,20],[22,-40]],[[80425,23029],[-36,11],[-17,-145],[-78,-9],[-64,-72],[-38,3],[-184,-177],[-4,-86],[32,-42],[-17,-9],[32,-5],[21,-56],[-69,-70],[48,-103]],[[80051,22269],[-307,110],[-105,-1],[-12,-38],[-47,-12],[-23,19],[35,109]],[[79592,22456],[98,166],[63,175],[47,15],[54,172],[141,15],[54,36],[30,44],[-42,61],[139,0],[4,74],[83,60],[-22,86],[51,29],[24,-32],[49,39],[17,144],[-20,152],[-22,17],[41,40],[-27,70],[-107,53],[-77,117],[-68,14]],[[80102,24003],[-44,119],[35,39],[83,-25],[-18,37],[-64,-4],[9,54],[80,190],[104,64],[401,-41],[184,44],[59,-34],[1,-52],[55,49],[126,-6],[68,-64]],[[70193,22933],[-259,-154],[-337,-142],[-79,-157],[-133,-167],[11,-44],[-152,-130]],[[69244,22139],[-81,94],[-83,42],[-176,9],[1,57],[-44,52],[-80,62],[-82,0]],[[68699,22455],[88,159],[122,103],[218,23],[-112,502],[-4,61],[83,-5],[-54,162],[-12,327]],[[69028,23787],[8,78],[106,139],[39,198],[115,-14],[-2,-66],[46,-56],[64,-10],[39,48],[61,-51],[188,-41],[89,166],[38,6],[186,-8],[143,-138],[67,70],[73,-15],[-13,-184],[-33,-75],[71,-44],[205,12],[-57,-214],[52,-77],[-1,-127],[-62,3],[-137,140],[-81,31],[-42,71],[-74,13],[-178,-312],[221,-379],[34,-18]],[[65275,25205],[196,37],[-1,-139],[398,98],[-7,26],[174,95],[36,-44],[17,-95],[-80,-154],[12,-110],[74,-74],[125,9],[58,-38],[89,-290],[126,-66],[253,91],[74,1],[102,-80],[20,-42],[-14,-104],[21,-26]],[[66948,24300],[-71,-154],[-73,-69],[55,-64],[-22,-72],[21,-18],[113,38],[65,-132],[27,5],[17,-130],[157,-27],[21,-115]],[[67258,23562],[29,-102],[-30,-79],[21,-30],[-113,-293],[96,-59],[170,-200],[-15,-65],[-59,-21],[-15,-50],[11,-41],[39,-18]],[[67392,22604],[-60,-20],[-64,18],[-19,-36],[-77,-16],[-343,-17],[-12,68],[-76,84],[-18,-7],[-32,69],[-59,46],[-66,-11],[41,74],[-99,66],[-96,-33],[-158,-113],[-3,-207],[-69,12],[-10,-48],[-121,-14],[-48,2],[-25,32],[-200,19],[-64,-51],[-109,90],[-113,44],[-142,-4],[-38,59],[-167,-55],[-83,88],[-56,1],[-42,-56],[-18,34],[-49,-3],[-54,-47],[-20,22],[-75,-15],[-57,50],[-88,-4],[-104,34],[-311,-89],[-241,9],[-292,77],[-57,-33],[-95,-210],[-139,-28],[-7,-103],[134,-175]],[[63491,22207],[-187,-57],[-416,-50]],[[62888,22100],[112,276],[-132,130],[45,202],[-62,-14],[-97,50],[-30,101],[-94,0],[-11,40],[-83,61],[6,43],[-77,33],[-23,63],[-58,12],[24,219],[-82,-27],[-11,77],[-66,30],[51,101],[45,-25],[57,31],[4,-18],[120,74],[113,-33],[-47,84],[69,172],[1,100],[-45,121],[-115,33],[-55,45],[-22,73],[-75,63],[-19,101],[-45,8],[-32,142],[-104,116],[-52,288],[30,178]],[[62128,25050],[31,183],[104,95],[-6,62],[34,-28],[98,118],[67,-4],[3,-26],[49,11],[11,-40],[81,-51],[3,30],[83,42],[73,-1],[205,-121],[32,-33],[-18,-66],[19,-32],[77,-23],[57,-60],[67,24],[-12,125],[67,-45],[79,14],[186,138],[34,-147],[157,172],[79,-105],[107,2],[60,81],[-9,59],[94,43],[75,-89],[73,4],[57,-53],[52,36],[44,221],[38,50],[21,-62],[201,-44],[55,-57],[85,0],[18,-70],[135,-56],[83,-102],[180,-2],[118,-38]],[[67716,24063],[-2,-30],[104,-54],[79,-133],[-32,-62],[-113,78],[5,-49],[-31,-55],[39,-13],[2,-138],[-121,-141],[-41,-115],[-105,-38],[0,42],[-52,5],[-32,89],[17,27],[-30,21],[-101,-36],[-44,101]],[[66948,24300],[162,-130],[40,-4],[54,22],[-4,58],[27,12],[-18,15],[62,27],[13,137],[44,31],[130,-11],[7,42],[31,-25],[35,57],[112,39],[35,-71],[58,-34],[52,-168],[-55,-32],[-18,-120],[-51,6],[-3,-61],[55,-27]],[[71754,24594],[-81,-92],[-59,-243],[-34,-49]],[[71580,24210],[-36,-19],[-92,53]],[[71452,24244],[2,121],[-75,60],[-15,50],[-173,68],[14,53],[-72,36],[-44,-89],[-211,122],[-12,-31],[-84,75],[-33,-72],[-30,-3],[-165,107],[-71,-59],[-67,1]],[[70416,24683],[-7,32],[-92,-33],[-4,56],[-47,10],[55,89],[-18,121],[-44,24],[1,121],[105,63],[28,55],[126,40],[95,-15],[16,-50],[190,-101],[11,-55],[45,-2],[1,-21],[77,6],[44,163],[77,-14],[-7,-40],[-62,-16],[35,-89],[54,-40],[-35,-46],[20,-48],[-18,-48],[146,-33],[221,6],[-8,-162],[-34,-81],[367,19]],[[71452,24244],[-49,-19],[-47,-147],[-47,-51],[123,-145],[-39,-39],[-4,-48],[62,-28],[15,-69]],[[71466,23698],[-105,32],[-138,92],[-46,-30],[-141,143],[-70,-95],[-128,-48],[0,-34],[-96,-120],[-1,-210],[-116,-278],[34,-24],[-35,-75]],[[70624,23051],[-44,-44],[64,-91],[-41,26],[-44,-35],[-128,68],[-55,-30],[-75,27],[-108,-39]],[[69028,23787],[-159,30],[-90,284],[-48,32],[76,22],[30,106],[-65,229],[73,142],[4,-33],[29,21],[-3,163],[-59,80],[-106,4],[-156,201],[67,115],[32,167]],[[68653,25350],[43,34],[76,-22],[42,73],[122,35],[154,-20],[93,74],[68,158],[31,15],[23,-30],[100,-15],[257,187],[79,8],[59,-83],[12,-121],[49,-29],[33,50],[47,-7],[44,-126],[-13,-193],[-45,-93],[-38,-210],[-9,-193],[129,-39],[88,-210],[90,-82],[144,-55],[51,69],[107,35],[-37,54],[-55,7],[19,62]],[[68699,22455],[-270,27],[-45,-37],[-42,5],[-44,45],[-23,-13],[-124,65],[-34,-14],[-57,44],[-44,-3],[-23,57],[-53,21],[-61,-24],[-47,29],[-28,-47],[-417,-50]],[[67387,22560],[5,44]],[[67716,24063],[61,17],[103,105],[78,5],[21,72],[77,62],[21,109],[92,45],[12,73],[26,10],[-3,65],[101,69],[103,29],[-9,65],[-76,60],[12,183],[-184,189],[25,131]],[[68176,25352],[84,220],[67,39],[62,-27],[90,-170],[174,-64]],[[70188,35162],[94,-78],[125,-15],[36,-32],[-3,-50],[106,-29],[-8,-135],[-58,-67],[42,-92],[-5,-105],[-89,-34],[42,-80],[-16,-21],[31,-56],[-10,-46],[141,-95],[108,13],[73,-124],[9,-152],[53,-74]],[[70859,33890],[-89,-86],[45,-50],[-63,-39],[-29,-68],[13,-38],[-225,-167],[-90,-201],[-82,-54],[-159,-233],[228,-172],[-15,-92],[41,-107],[-95,-84],[65,-115],[-63,-18],[-97,-151],[10,-134],[45,-40],[-6,-93],[92,-148],[-64,-45]],[[70321,31755],[-142,139],[-15,-29],[-58,3],[-42,44],[-124,40],[-66,86],[-84,28],[-40,-112],[36,-29],[-1,-39],[-233,-121],[-63,56],[35,24],[-162,157],[-80,-41],[-45,86],[-239,-46],[-38,217],[-39,92],[-36,-9],[-26,29],[-5,75],[-221,156],[-193,264],[-39,1]],[[68401,32826],[32,91],[73,-24],[62,93],[-71,56],[-20,97],[47,48],[156,-5],[73,124],[-41,47],[-13,108],[-67,62],[-14,77],[-72,14],[-27,77],[-102,38],[37,43],[-40,34],[11,49],[-25,52],[-137,36],[56,90],[-1,92],[104,65],[136,17],[19,-36],[41,1],[74,20],[22,32],[32,-23],[34,20],[-33,167],[158,-18],[60,137],[-4,82],[50,25],[87,-111],[104,182],[-26,38],[33,-5],[13,47],[111,36],[29,-116],[46,61],[63,-8],[132,100],[47,90],[91,47],[118,136]],[[69859,35111],[182,72],[147,-21]],[[74876,15419],[-3,-129],[98,-2],[21,-69],[57,12],[92,-29],[3,35],[62,50],[110,-73],[54,-291],[70,-121],[-23,-69],[245,57],[77,-57],[-20,-190],[-60,-103],[55,-5],[83,-63],[87,68],[38,-104],[-107,-100],[-91,-139]],[[75724,14097],[-146,31],[-325,161],[-21,-41],[-10,-7],[-12,-3],[-81,16],[10,12],[16,-16],[60,-11],[26,30],[-90,26],[-2,-26],[-34,17],[12,-50],[-15,32],[6,35],[-252,92],[-702,133]],[[74164,14528],[-6,81],[-165,293],[-39,145],[-45,27]],[[73909,15074],[51,62]],[[73960,15136],[47,110],[63,45],[18,-29],[92,-16],[2,-71],[75,-6],[25,87],[31,-87],[100,-23],[-18,88],[69,98],[-5,112],[41,33],[74,-9],[6,37],[25,-1],[-20,-174],[134,-13],[3,84],[70,23],[18,-41],[47,5],[19,31]],[[66422,14324],[-45,-8],[44,106],[34,-83],[-33,-15]],[[66195,14650],[82,7]],[[66277,14657],[-82,-7]],[[66811,14606],[70,-18],[-4,-80],[29,-30],[-7,-261],[35,-166],[-52,-88],[110,30],[-1,68],[25,-110],[-28,-39],[-266,-89],[-239,-47],[-171,190],[3,38],[25,-27],[-24,42],[22,48],[-12,44],[-34,-23],[-5,31],[21,-14],[-21,20],[2,90],[45,-10],[2,-34],[0,31],[22,-5],[-25,36],[22,36],[112,-22],[3,42],[-52,-7],[62,89],[-36,89],[-32,0],[-23,54],[47,4],[16,32],[75,-65],[8,80],[64,103],[131,-20],[81,-42]],[[66195,14650],[-51,25]],[[66144,14675],[51,-25]],[[66126,14684],[-17,5]],[[66109,14689],[17,-5]],[[66082,14704],[-4,-3]],[[66078,14701],[4,3]],[[65761,14718],[-4,3]],[[65757,14721],[4,-3]],[[65986,14718],[20,-18]],[[66006,14700],[-20,18]],[[65986,14722],[-5,8]],[[65981,14730],[5,-8]],[[66282,14683],[-3,-17]],[[66279,14666],[3,17]],[[66282,14683],[-19,35]],[[66263,14718],[19,-35]],[[66254,14734],[9,-16]],[[66263,14718],[-9,16]],[[66254,14734],[-4,-1]],[[65966,14743],[-29,-10]],[[65937,14733],[29,10]],[[66249,14733],[-4,19]],[[66245,14752],[4,-19]],[[65911,14757],[4,29],[-20,-2]],[[65895,14784],[22,3],[-6,-30]],[[65893,14784],[-35,3],[-26,-53],[-66,-19]],[[65766,14715],[64,19],[-3,29],[36,30],[30,-9]],[[66794,14964],[62,-40],[211,-16],[-18,-77],[32,-150]],[[67081,14681],[-7,-18]],[[67074,14663],[0,-22]],[[67074,14641],[-12,-27]],[[67062,14614],[-3,-3]],[[67059,14611],[-1,-102],[-95,46],[-13,90],[-68,-48],[-3,29],[-66,-9],[-87,37],[-146,20],[-95,-131],[11,42],[-59,-2],[-102,100],[29,125],[-95,9],[-16,-21],[32,-33],[-44,-2]],[[66241,14761],[10,230]],[[66251,14991],[140,-17],[6,26],[45,6],[164,-44],[36,2],[3,33],[79,-17],[-1,-31],[69,-6],[2,21]],[[63929,16337],[114,-9],[108,-89],[-38,-45],[54,-40],[-45,-71],[43,-68],[75,-51],[44,14],[54,-58],[77,-173],[-36,-26],[7,-33],[35,-2],[17,-51],[-115,-54],[-263,-264]],[[64060,15317],[-54,78],[-114,85],[17,142],[-24,58],[40,46]],[[63925,15726],[73,56],[-8,49],[-35,37],[-7,-25],[-88,32],[95,74],[-29,155],[56,67],[19,-11],[-15,15],[-61,-39],[2,-196],[-61,-11],[-35,-64],[91,-62],[33,9],[6,-30],[-103,-58],[-17,-80],[24,-63],[-7,-29],[-40,8],[-2,-26],[38,-1],[-38,-88],[-32,62],[27,-143],[-53,78],[3,97],[-16,-65],[-24,80],[-325,187],[-22,48],[17,-50],[-53,-62],[-173,108],[-84,221]],[[63081,16006],[7,40],[-14,7]],[[63074,16053],[1,3]],[[63075,16056],[114,94],[-7,54],[78,110],[44,-25],[-7,72],[20,12],[72,-42],[49,29],[105,-28],[25,68],[33,0],[26,-36],[41,8],[31,95],[31,-14],[-12,-42],[22,-30],[75,-15],[27,-53],[87,24]],[[64834,13074],[8,0]],[[64842,13074],[-2,5]],[[64840,13079],[1,1]],[[64841,13080],[2,2]],[[64843,13082],[-2,-2]],[[64840,13079],[2,-5]],[[64842,13074],[-8,0]],[[64834,13074],[-33,27],[2,52],[-39,35],[-38,122],[-4,252],[109,40],[51,-12],[91,-75],[52,-100],[70,-36],[76,-136],[-27,-12]],[[65144,13231],[-7,-48],[11,47],[56,25],[187,-86],[-87,-93],[-34,-70],[19,-34],[9,46],[41,22],[18,90],[77,0],[143,-35],[119,23],[189,-10],[35,-29],[-10,26],[157,-96],[238,-81],[72,-216],[32,-16],[-11,-74],[27,-108],[-55,46],[-14,-14],[9,54],[-48,-96],[86,-47],[44,39],[0,43],[98,-20],[113,-130],[-35,-68],[-191,-148],[-23,-96],[-147,6],[-158,-53],[-246,-193],[-70,-134],[-5,-108],[-50,-159],[20,-111],[-41,-74],[16,-55],[-64,-127],[-200,-82],[9,-15],[-50,17],[-280,-156],[-158,-51],[-102,5],[-208,-73],[-113,38],[-94,189],[-302,274],[-80,29],[-181,207],[-242,169],[-325,129],[-94,111],[-61,25],[-176,216],[-231,48],[-26,-27],[-510,-113],[-61,-9],[-67,45],[149,35],[0,121],[200,89],[32,125],[80,89],[-6,104],[43,47],[69,54],[150,-6]],[[62829,12703],[-9,-27],[-32,14],[25,-20],[19,3],[-2,-51],[17,25],[-5,-92],[11,39],[22,-22],[-26,-2],[-6,-39],[-41,11],[38,-14],[-31,-38],[21,-13],[-21,-9],[21,6],[-8,-52],[19,-13]],[[62841,12409],[-44,-39]],[[62797,12370],[7,-29],[48,54],[-22,95],[21,3],[-27,12],[18,12]],[[62842,12517],[30,-10],[-24,14],[32,-8],[-24,17],[36,25],[-4,49],[-12,-17],[-15,30],[30,9],[3,-29],[9,19],[-2,27],[-37,-15],[-19,43],[25,34],[118,-2],[153,44],[114,101],[271,158],[123,-36],[4,-9],[-41,18],[18,-16]],[[63630,12963],[-71,10],[68,-28],[12,-23],[-47,-35],[46,-4],[-39,-83],[-99,-37],[30,-4],[-43,-33],[37,10],[-5,-51],[-66,-14],[-30,-33],[34,32],[32,4],[2,-24],[0,26],[34,0],[7,65],[39,39],[31,-15],[25,68],[10,-178],[2,121],[52,-44],[-49,47],[6,42],[78,-45],[4,-35],[2,32],[40,-14],[-102,71],[-5,22],[16,38],[-11,-48],[12,24],[26,-6],[-5,17],[76,-17],[-4,32],[6,-36],[36,-13]],[[63817,12843],[48,3],[-4,-22],[71,24],[23,-91],[9,43],[-30,66],[63,29]],[[63997,12895],[-57,-12],[-15,-23],[-111,6],[-2,24],[44,5],[-14,36],[36,6]],[[63878,12937],[-126,35],[29,18],[6,-27],[4,39],[-75,3],[219,113],[228,74],[53,65],[18,107],[103,80]],[[64337,13444],[117,143],[55,31],[123,-5],[31,-95],[26,-8],[15,-261],[33,-137],[29,-4],[16,-56],[-80,-343],[10,-57],[-11,-21],[-12,6],[-12,-2],[17,-1],[5,-5],[6,2],[15,-9],[-3,-71],[8,60],[-4,11],[-2,3],[-14,7],[12,21],[-6,52],[123,369]],[[62350,75710],[-21,-95],[178,-33],[86,71],[105,-33]],[[62698,75620],[7,-55],[-71,-18],[-72,-74],[-65,-7],[67,3],[75,77],[67,13],[-2,59]],[[62704,75618],[112,-72],[-34,-166],[62,-355],[-9,-82],[60,-129],[33,13],[30,-50],[-35,-63],[109,-95],[-109,-128],[32,-29],[268,36],[49,-25],[93,37],[33,-15],[-4,-27],[160,53],[8,151],[75,152],[-75,245],[85,36],[-13,45],[279,35],[112,158],[180,43]],[[64205,75386],[110,-248],[65,-81],[2,7],[24,2],[12,-3],[14,-8],[15,-15],[-21,18],[-20,6],[-11,-3],[25,-12],[-6,-10],[-41,12],[36,-40],[8,18],[-2,-31],[28,31],[-38,-57],[56,-146],[-21,-32],[81,-143],[-15,-61],[36,-140],[-19,-122],[35,-58],[-15,-64],[40,-123],[109,-202],[199,-214],[36,-86],[223,-267]],[[61142,70489],[-215,95],[-23,-11],[-30,-167],[-36,3],[-15,-45],[-159,37],[-88,-18],[-75,57],[-88,-13],[-16,-77],[41,-21],[7,-282],[-54,4],[-44,-90],[-51,-249],[-258,161],[-48,116],[-36,-4],[-3,39],[-63,48],[-77,-71],[-84,-3],[-12,-326],[-72,3],[-90,-61],[-139,-168],[-307,-157],[-50,12],[-75,-59],[-114,8],[-129,-36],[-53,123],[-82,3],[-100,106],[-156,71],[-265,54],[13,127],[-87,-44],[-72,-1],[-221,-184],[-245,-64],[-20,-28],[-295,-35],[-81,-68],[-95,41]],[[56980,69315],[74,98],[24,110],[-66,270],[36,211],[-55,239],[-51,30],[18,161],[-87,53],[-133,-48],[-111,166],[5,121],[-321,202],[-143,137],[-76,121],[-295,211],[-38,237],[-142,299],[122,89],[149,178],[54,17],[-36,81],[-7,121],[-93,44],[6,34],[-30,17],[-90,-21],[-99,31],[5,43],[-75,24],[-69,104],[-72,53],[10,65],[-32,25],[16,43],[-28,51],[98,59],[25,63],[-31,48],[35,22],[-9,83],[36,10],[4,42],[104,106],[-34,15],[-24,66],[48,90],[0,141],[53,117],[-15,135],[123,144],[-47,114],[16,150]],[[55732,74337],[168,33],[90,77],[282,-124],[17,-31],[116,-19],[13,-39],[133,-27],[153,264],[26,103],[186,1],[70,-48],[45,184],[187,169],[29,225],[44,15],[275,-41],[53,-51],[131,21],[128,100],[26,-14],[107,53],[116,12],[120,160],[32,-2],[30,56],[61,32],[2,33],[95,45],[183,-22],[84,-71],[-36,-21],[20,-29],[73,-12],[132,-97],[118,-15],[27,34],[8,-52],[91,-36],[4,-89],[-54,-20],[79,-6],[-24,-42],[65,-60],[22,40],[-34,19],[7,24],[129,51],[17,42],[29,-30],[58,-1],[151,107],[33,71],[-27,93],[74,73],[11,175],[59,33],[20,68],[-29,98],[60,-21],[27,44],[-8,63],[94,32],[61,98],[63,4]],[[60054,76069],[116,21],[26,-40],[38,24],[49,-38],[29,77],[73,17],[12,27],[108,-74],[18,44],[57,-17],[89,134],[97,-9],[31,27],[45,-33],[53,-115],[15,20],[59,-36],[158,19],[60,-96],[35,80],[114,26],[-29,-148],[24,-29],[109,-30],[32,-41],[-6,-38],[88,44],[32,-184],[-36,-32],[59,-7],[144,114],[76,11],[4,45],[96,124],[57,6],[59,50],[89,-137],[36,-228],[180,63]],[[55715,52703],[110,-127],[22,16],[18,-22],[5,-55],[-56,-59],[13,-14],[48,44],[70,1],[10,37],[54,7],[64,67],[54,3],[81,96],[14,56],[98,6],[39,-23]],[[56359,52736],[163,3],[54,-13],[14,-33],[62,1],[-9,-27],[203,-35],[-23,-60],[62,-71],[-86,-29],[-30,-51],[125,-127],[83,23],[86,-70],[20,26],[52,-4],[22,146],[52,69],[-62,79],[114,133],[-7,157],[129,-80],[78,42],[179,20],[99,-100],[138,-32],[74,23],[39,121],[99,55],[30,53],[84,-57]],[[58203,52898],[-27,-38],[63,-62],[46,47],[38,-17],[16,-43],[58,-12],[-17,-80],[36,-32],[-8,-103],[27,-27],[-85,-89],[7,-116],[37,-15],[-22,-57],[14,-71],[58,-19],[18,-42],[-68,-250],[0,-335],[36,-168],[-36,-127],[79,-78],[-13,-104],[19,-53],[156,-97],[63,-117],[-10,-49],[-95,-31],[-31,-38],[25,-142]],[[58587,50533],[-49,-92],[-15,-116],[-62,-103],[-72,-1],[-73,-57],[-91,64],[-154,-9],[-78,-90],[22,-44],[-60,-47],[10,-66],[-85,-23],[-20,-48],[-152,-29],[-48,49],[-79,-62],[-87,-5],[-33,14],[9,47],[-27,-14],[-19,45],[-39,-19],[-11,27],[-22,-9],[-51,126],[-58,14],[-41,-152],[31,-260],[-124,47],[-35,-103],[-151,-111],[-305,-449]],[[56618,49057],[-97,-123],[-7,-58],[-64,0],[-67,-42],[-82,-167],[-51,61],[-35,-60],[-175,-62],[22,-30],[-35,-45],[-131,-40],[-88,71],[-126,-24],[-99,-72],[-12,-86],[-151,-222],[-54,39],[-26,-9],[-8,-53],[-154,-3],[-56,-30],[7,-42],[-39,-24],[25,-35],[-34,-184],[55,-91],[-38,-21],[121,-176],[-38,-59],[-73,-42],[20,-142]],[[55128,47286],[-79,-45],[-157,4],[27,-60],[-56,-58],[-70,9],[-43,-33],[-76,12],[-51,-22],[36,-89],[-5,-153],[-73,18],[-64,-71],[-177,-69],[-42,15],[-52,-56],[-94,134],[-64,11],[-69,-53],[-55,95],[-72,47],[-28,-143],[11,-157],[-55,-109],[-49,14],[-100,131],[-64,11],[-67,113],[-65,-46],[-42,11],[28,-45],[-56,-53],[-83,-14],[-26,56],[-76,61],[17,37],[-23,94],[49,38],[-22,25],[-37,-7],[41,63],[-95,-3],[17,63],[-35,73],[-124,-26],[-51,65],[-3,63],[-41,23],[-89,-48],[-52,33],[-33,-11],[-196,-140],[-109,17],[-15,47],[-92,83]],[[52327,47241],[94,258],[91,37],[-59,101],[50,64],[4,102],[57,20],[31,71],[-295,235],[-64,-31],[-8,-61],[-50,-9],[-18,-51],[-34,72],[-110,92],[20,40],[-69,55],[-8,47],[-103,71],[65,196],[32,-4],[61,71],[28,78],[179,27],[43,197],[-31,102],[34,77],[21,-16],[63,39],[128,-61],[96,-1],[9,38],[67,43],[24,142],[162,-34],[15,78],[-33,24],[22,71],[119,149],[36,25],[101,-12],[65,-83],[36,21],[73,-31],[29,32],[-78,130],[9,56],[113,-52],[99,121],[112,-24],[79,-131],[74,-52],[135,46],[55,114],[64,-36],[96,29],[24,65],[129,-23],[-10,-38],[150,-111],[42,6],[21,51],[41,-3],[23,68],[96,-15],[2,164],[-121,88],[8,201],[-40,58],[22,46],[-12,71],[30,16],[46,-48],[71,30],[75,-71],[34,20],[32,-76],[95,-77],[85,-208],[76,-27],[-1,74],[52,41],[123,-118],[83,163],[-72,66],[50,47],[-12,79],[-152,7],[-45,151],[-52,-42],[-82,36],[12,92],[-30,12],[-17,101],[11,29],[103,9],[29,51],[-43,62],[35,-15],[22,92],[249,-167],[37,4],[42,148],[111,113],[-32,44],[8,78],[-137,-4],[-50,87],[-97,50],[22,85],[-70,10],[6,-46],[-17,4],[0,56],[-26,-11],[-26,38],[-52,-23],[-78,47],[-50,-1],[-2,-56],[-72,-68],[-40,17],[10,31],[-64,80],[-113,56],[-35,89],[31,29],[-55,68],[-99,40],[-49,-24],[-132,77],[-114,-13],[4,141],[-36,-10],[7,87],[-41,96],[23,40],[-83,119],[69,83],[92,249],[-27,22],[-55,-40],[-132,5]],[[54725,53157],[164,-70],[7,-46],[65,-42],[-8,-27],[90,-68],[86,-12],[24,-59],[74,-36],[91,10],[-13,35],[30,27],[73,-38],[10,29],[68,-6],[88,-51],[12,-51],[37,13],[9,-48],[73,10],[10,-24]],[[48952,51170],[-22,12]],[[48930,51182],[22,-12]],[[48687,51760],[34,32]],[[48721,51792],[-5,-33],[-29,1]],[[52327,47241],[-111,-141],[-131,-42]],[[52085,47058],[-148,57],[-143,-10],[-10,69],[-51,56],[-113,-20],[-11,43],[-35,-35],[-38,29],[-44,-44],[16,-30],[-32,12],[-18,-34],[-25,22],[-21,-20],[-9,32],[-144,40],[-31,-15],[-103,58],[-43,169],[1,30],[26,4],[-55,106],[-33,20],[-33,-31],[-83,88],[47,219],[-97,50],[45,48],[-75,24],[62,48],[-3,53],[-43,-30],[19,39],[45,-10],[16,33],[-73,27],[58,20],[-13,18],[-70,-24],[-20,27],[98,31],[-21,38],[-58,14],[44,27],[-35,56],[-73,-12],[20,66],[-56,20],[54,104],[-136,90],[-22,62],[-73,2],[22,93],[48,3],[-32,-16],[7,-27],[57,67],[28,86],[-55,-18],[15,79],[69,28],[26,153],[-49,0],[-149,-145],[-60,12],[-83,53],[-10,35],[-172,60],[-29,-12],[-28,86],[-149,83]],[[50001,49314],[-138,269],[-45,-43],[-27,65],[-65,32],[92,66],[27,-34],[56,16],[38,51],[40,-13],[173,109],[23,-29],[143,93],[59,86],[6,77]],[[50383,50059],[132,163],[18,-25],[-15,-83],[22,-35],[86,-2],[42,32],[-45,-22],[-87,10],[9,119],[-34,15],[-129,-161]],[[50382,50070],[-16,97],[-134,129],[-105,203],[-672,561],[-90,50],[-290,18],[-119,41]],[[48956,51169],[-29,16]],[[48927,51185],[-45,41]],[[48882,51226],[16,4],[-19,-3]],[[48879,51227],[-10,9]],[[48869,51236],[-15,19]],[[48854,51255],[28,22],[-29,-21]],[[48853,51256],[-9,9]],[[48844,51265],[0,2]],[[48844,51267],[-55,75]],[[48789,51342],[-49,73]],[[48740,51415],[47,-22],[2,-34],[38,-6],[-38,9],[0,31],[41,20],[25,-26]],[[48855,51387],[-1,2]],[[48854,51389],[1,-2]],[[48855,51387],[47,-33],[-40,48],[53,3]],[[48915,51405],[-19,17],[46,-20],[-39,26],[-124,-21],[-15,18],[10,-12],[10,-2],[27,25],[-33,-11],[8,-10],[-10,0],[-14,19],[-32,6],[-10,15]],[[48720,51455],[3,33],[111,-37],[-16,15],[27,12],[-109,13],[90,20],[21,-18],[45,-8],[4,-28],[2,37],[-42,0],[34,13],[19,24],[34,-29],[-10,23],[68,4],[-91,5],[-36,-30],[-60,19],[-84,-12],[13,32],[105,-18],[29,37],[-30,-30],[-1,50],[28,8],[10,-8],[31,-5],[-17,50],[0,-40],[-12,-3],[-12,9],[-23,-2],[-11,-15],[-8,-35],[-8,2],[2,-6],[-88,27],[8,17],[14,6],[36,-26],[-19,21],[-15,6],[-17,-3],[8,21],[57,-9]],[[48810,51597],[8,2]],[[48818,51599],[-8,-2]],[[48810,51597],[7,50],[36,-18],[-34,21],[11,26],[-41,-61],[-62,2],[53,40],[-17,16],[17,9],[-16,-2],[-18,-44],[-18,5],[10,27],[-13,-14],[3,-72],[-20,50],[11,-58],[-45,22],[17,9]],[[48691,51605],[10,39],[-21,-32]],[[48680,51612],[-18,-25],[-13,24]],[[48649,51611],[1,0]],[[48650,51611],[13,6]],[[48663,51617],[-13,-6]],[[48649,51611],[-18,12],[30,12]],[[48661,51635],[-29,-9],[20,10]],[[48652,51636],[4,-1]],[[48656,51635],[-4,1]],[[48652,51636],[15,15],[-39,-21],[32,24],[-30,-13],[13,29]],[[48643,51670],[-18,-5],[133,45],[-158,-34]],[[48600,51676],[42,39]],[[48642,51715],[58,12],[-57,-11]],[[48643,51716],[10,11]],[[48653,51727],[1,0]],[[48654,51727],[3,4]],[[48657,51731],[62,3],[-59,-1]],[[48660,51733],[19,20]],[[48679,51753],[65,1],[-3,-9],[7,-8],[11,-3],[16,8],[18,-9],[13,1],[19,12]],[[48825,51746],[-19,-10],[-12,-3],[-20,10],[-16,-7],[-15,9],[9,3],[-7,6],[21,20]],[[48766,51774],[5,4],[11,-30],[13,-5]],[[48795,51743],[9,13]],[[48804,51756],[8,4]],[[48812,51760],[-8,-4]],[[48804,51756],[-9,-13]],[[48795,51743],[-7,22]],[[48788,51765],[11,4]],[[48799,51769],[-11,-4]],[[48788,51765],[-7,-2],[-8,17],[23,-8],[17,23]],[[48813,51795],[-17,-21],[-12,12],[-17,-6],[-21,-21],[-23,10],[10,26],[7,-11],[13,-9],[10,5]],[[48763,51780],[1,12]],[[48764,51792],[7,-3]],[[48771,51789],[-7,3]],[[48764,51792],[-1,-12]],[[48763,51780],[-11,-3],[-17,15],[10,10],[27,0],[4,26],[-53,-35]],[[48723,51793],[307,292],[128,-112],[99,30],[22,-54],[65,-33],[17,-64],[92,-50],[66,35],[51,-15],[177,122],[217,-87],[57,37],[107,-9],[86,109],[69,-66],[26,34]],[[50309,51962],[153,-62],[86,-116],[99,-98],[20,-10],[29,-8],[-48,21],[-94,101],[111,-25],[80,-65],[208,16],[-26,-45],[12,-32],[-6,34],[51,60],[-27,12],[10,21],[126,51],[-74,49],[14,75],[95,21],[122,-15],[288,-178],[302,246],[20,44]],[[55128,47286],[37,-11],[-29,-99],[98,-177],[-68,-69],[-29,19],[-27,-81],[33,-21],[17,-67],[-67,-77],[-13,-98],[-66,-41],[-48,153],[-121,16],[51,-58],[14,-160],[-71,-11],[-12,32],[-90,19],[-101,-92],[-90,-231],[-32,-15],[0,-37],[-47,9],[2,-153],[-46,-93],[-87,-53],[49,-205],[80,-106],[-13,-94],[24,-24],[30,11],[47,-63],[37,101],[141,19],[58,73],[40,-29],[25,45],[140,24],[91,-22],[11,36],[48,20]],[[55144,45676],[31,-5],[-63,-225],[12,-142],[-64,-74],[16,-33],[-54,-197],[-9,-156],[-29,-41],[-93,11],[-75,-115]],[[55701,43279],[8,-125],[54,-59],[-143,-232],[43,-150],[105,-31],[44,-156],[258,-48],[93,47],[99,-18],[36,19],[35,-47],[44,-244],[-79,-106],[114,-12],[-22,-72],[38,-51],[-35,-175],[-80,-118],[-86,-276],[-107,3],[-100,-67],[-100,30],[-166,-6],[-35,102],[-66,9],[-24,-26],[-15,-195],[31,-98],[118,-38],[66,32],[8,-66],[53,-23],[-9,-41],[50,15],[94,-33],[147,-213],[11,-92],[-80,-45],[-80,-105],[-31,3],[148,-62],[82,-115],[-113,-166],[71,-59],[2,-41],[-268,-187],[-62,-126],[-70,-53],[-55,-160],[31,-91],[60,-44],[59,-96],[63,-195],[-23,-65],[32,-21]],[[55949,39090],[-165,-142],[-50,-126],[-86,-20],[-38,32],[-63,-44],[-50,6],[-55,53],[-162,1],[7,-205],[-34,-42],[16,-79],[-26,-53],[15,-98],[-62,-89],[271,-131],[74,-71],[-16,-48],[-127,6],[-22,48],[-65,-32],[-65,20],[-93,-74],[-83,20],[-29,-45],[-26,43],[-104,-19],[-44,62],[-42,-112],[47,-139],[-42,-36]],[[54830,37776],[-100,-36],[-277,31],[-90,-50],[-61,40],[6,-98],[-87,-2],[-25,-26],[14,-39],[-28,-13],[58,-65],[-23,-98],[54,-94],[-31,-110],[-211,-45],[-66,16],[6,47],[37,15],[-33,57],[-86,71],[-151,35],[-134,-142],[-69,-24],[8,-107],[-30,-107],[18,-118],[-106,98],[-87,-66],[-93,10],[-131,-114],[-53,25],[-18,-16]],[[50081,37489],[-139,33],[-35,50],[-47,-36],[-31,15],[-22,-36],[-124,12],[-37,-38],[-317,-74],[-173,56],[-47,32],[0,48],[-46,41],[-187,98],[-166,222],[-84,4],[-82,106],[-219,48],[-62,68],[8,116],[-84,47],[-77,97],[-177,114],[-180,64],[-25,84],[-74,56],[21,136],[-44,3],[-20,42],[32,160],[109,98],[67,130],[132,96],[-2,22],[146,-34],[353,270],[137,17],[117,92],[573,3],[151,33],[-47,56],[21,73],[-40,52],[52,94],[-14,63],[251,-58],[26,64],[-37,82],[29,38],[-18,24],[84,293],[-48,25],[19,137],[-26,64],[-52,87],[-70,26],[-194,-56],[-65,-56],[-53,-111],[-93,-82],[-40,23],[-196,-83],[11,-39],[-55,-14],[-14,-44],[115,-87],[-40,-70],[-205,-80],[-215,-25],[-36,96],[178,68],[48,45],[-139,373],[-91,116],[-8,138],[32,12],[-40,30],[45,-12],[81,41],[68,-28],[33,73],[34,-6],[83,112],[95,28],[-35,148],[96,95],[9,89],[84,70],[-25,13],[15,30],[118,28],[-86,101],[-123,57],[123,68],[162,24],[2,91],[53,39],[-33,24],[-4,71],[92,198],[-62,1],[32,91],[-6,80],[-37,68],[112,31],[19,98],[84,103],[-25,148],[43,71],[0,59],[18,-58],[60,-10],[28,22],[69,-27],[131,33],[30,50],[41,12],[19,-75],[-24,-94],[110,-15],[40,30],[-5,139],[-44,0],[14,101],[-35,-4],[-24,54],[-169,-29],[-56,71],[43,3],[4,79],[-50,1],[-91,58],[-15,39],[-50,-33],[-50,52],[6,22],[53,0],[32,83],[-1,54],[-55,83],[-50,-53],[-35,44],[-76,-45],[-13,19],[38,30],[-56,47],[-67,-51],[-28,38],[-24,-14],[41,60],[-88,17],[-42,-69],[-1,31],[-60,46],[-27,-68],[-60,27],[14,34],[-24,55],[-72,1],[-26,141],[53,52],[-8,80],[-38,6],[-59,-69],[-74,24],[-32,-95],[-75,-47],[-6,55],[-109,6],[-98,40],[-19,-27],[-30,55],[-91,21],[-24,37],[-7,50],[69,49],[8,58],[-28,25],[-54,-67],[-50,56],[23,71],[-21,110],[80,169],[42,24],[-21,74],[45,85],[-103,74],[80,102],[172,113],[59,80],[-12,34],[-47,7],[-158,134],[47,91],[101,5],[-105,78]],[[48386,45653],[24,42],[64,29],[205,-14],[-24,86],[43,210],[31,98],[110,154],[171,-72],[111,12],[26,45],[175,-21],[53,24],[59,110],[39,-6],[-1,89],[61,97],[34,0],[29,110],[171,57],[74,-9],[63,148],[56,-72],[-38,-56],[97,-73],[17,-67],[272,-189],[13,48],[63,23],[106,-20],[47,35],[40,89],[70,3],[26,30],[32,-87],[255,-46],[50,18],[71,-34],[-8,-70],[30,-87],[23,0],[118,-186],[83,-75],[0,-80],[50,-46],[75,-163],[40,23],[9,59],[104,121],[230,232],[235,9],[26,231],[-21,198],[33,53],[-28,33],[-1,107],[-69,53],[75,202]],[[29756,2229],[5,-18],[-28,7],[23,11]],[[27892,3842],[24,-36],[-32,-26],[8,62]],[[36946,7126],[18,-8],[-39,-16],[-22,21],[25,30],[18,-27]],[[38382,7903],[20,-41],[-16,-21],[-34,41],[30,21]],[[31536,8493],[24,-20],[-48,14],[24,6]],[[33396,10052],[29,-11],[-3,-41],[-2,29],[-45,12],[21,11]],[[37942,11795],[13,-77],[70,-14],[-1,-39],[52,-27],[75,21],[99,-61],[-17,-125],[-47,-78],[35,-129],[-44,-132],[19,-120],[-43,-43],[0,-106],[40,-95],[72,77],[66,0],[17,-109],[33,-22],[30,42],[-37,104],[131,-38],[13,-48],[-72,-63],[-14,-85],[61,-115],[77,-63],[39,-175],[-67,-51],[-41,-86],[71,-11],[89,115],[46,4],[59,-18],[81,-176],[59,-20],[97,74],[56,-12],[-35,-75],[51,-132],[-16,-53]],[[39059,9834],[-15,-36],[9,-18],[60,5],[-8,-156],[78,-6],[26,64],[49,21],[39,-107],[-120,-34],[-7,-9],[12,-40],[-6,-25],[-50,-22],[-81,66],[-95,30],[-11,-33],[4,-59],[-30,-43],[-25,6]],[[38888,9438],[28,-10],[49,-92],[-3,-122],[-147,-101],[-30,-54],[-55,28],[-39,-10],[91,-21],[15,-109],[65,-42],[89,119]],[[38951,9024],[31,14],[47,-115],[-11,-51],[31,-61],[-20,-46],[74,-47],[-23,-32],[57,-72],[-56,-98],[-76,7],[-16,-21],[-10,23],[-7,-31],[-20,8],[13,-14],[-34,8],[18,-8],[-14,-18],[-23,41]],[[38912,8511],[-13,101],[-92,50]],[[38807,8662],[22,-36],[62,-20],[3,-78],[-65,-19],[53,13],[39,-64],[-51,-3],[58,-12],[-7,-36],[25,21],[-12,29],[82,12],[-13,10],[41,-21],[-16,-130],[-7,2],[-27,-27],[31,25],[4,-43],[39,-46],[12,-48],[-68,-44],[30,-15],[-16,-68],[-118,-42],[-17,-48],[-27,13],[14,46],[-32,1],[-31,68],[32,-87],[-14,21],[-14,-15],[29,-31],[-68,-27],[-15,-42],[-69,29],[20,33],[-65,-2],[59,-48],[-88,-35],[73,14],[31,-24]],[[38726,7888],[-71,-67],[-108,61],[-30,-24],[-17,19],[10,-110],[-34,-44],[-87,112],[38,54],[-23,-31],[-22,51],[33,35],[-51,-38],[-7,45],[-10,-57],[-7,68],[81,90],[36,-12],[-36,17],[7,93],[27,35],[-14,101],[50,42],[8,41],[-50,154],[42,-190],[-54,-48],[-27,-230],[-85,-69],[-17,-76],[-72,53],[39,71],[-26,35],[31,4],[-80,11],[30,57],[-22,43],[18,6]],[[38226,8190],[-40,7],[-9,12],[8,15],[-3,17],[-18,3],[19,-12],[-20,-2],[-31,59],[-33,-6],[-15,11],[0,16],[-8,3],[-5,2],[-13,-8],[-4,-21],[-11,-7],[-10,-17],[-16,-3],[15,3],[23,24],[3,20],[15,7],[10,-7],[0,-14],[16,-10],[33,6],[13,-41],[18,-20],[21,2],[-8,-21],[48,-58],[-33,-57],[2,-35],[45,-33],[-16,-130],[-44,52],[-146,-40],[88,11]],[[38120,7918],[57,12],[15,-17],[-15,-9],[-1,-13],[15,21],[17,-21],[-4,-6],[39,18],[47,-18],[-11,-59],[-34,0],[-38,-38],[-18,-95],[50,121],[45,-3],[10,65],[73,-61],[82,-123],[82,10],[-4,-29],[-121,-30],[38,-1],[93,13],[12,40],[54,28],[24,-4],[-22,-9],[10,-18],[21,27],[63,-29],[-2,42],[38,-1],[102,104],[-18,50],[41,45],[41,-17],[67,41],[74,3],[75,-68],[-57,-6],[-12,-25],[93,-37],[-31,-63],[82,-47],[-16,-60],[-57,-24],[-87,46],[37,-45],[-107,-54],[-46,57],[13,-41],[-65,-37],[-57,7],[-24,-63],[32,33],[163,-26],[-58,-51],[71,3],[21,-72],[7,75],[37,5],[0,30],[103,-32],[-5,-93],[-35,-9],[-23,-58],[-54,26],[22,-54],[131,54],[-6,48],[91,51],[21,47],[55,6],[26,-37],[-14,-38],[56,-62],[-22,-112]],[[39402,7231],[-167,-48],[-104,-101],[-9,-69],[76,-65]],[[39198,6948],[31,-40],[-2,-58]],[[39227,6850],[10,-20],[-200,12],[-90,-54],[8,-38],[-37,-14],[-26,41],[35,39],[-38,38],[70,69],[-33,80],[-188,198],[-138,71],[-98,91],[-323,129],[-210,14],[-54,-42],[-121,30],[-72,-15],[0,-2]],[[37722,7477],[-69,-1],[-161,60],[-210,-3],[-228,-47],[-132,-152],[-30,27],[-49,294],[-34,37]],[[36809,7692],[-17,95],[23,30],[-24,-29],[-6,-81],[39,-43],[28,-98],[-2,-107],[-43,-3],[-43,70],[-92,-11],[-43,23]],[[36629,7538],[-6,57]],[[36623,7595],[-21,12]],[[36602,7607],[21,-12]],[[36623,7595],[6,-57]],[[36629,7538],[47,-31],[87,3],[47,-72],[59,6],[11,-77],[42,-39],[3,-42],[-81,-97],[-115,-42],[18,-44],[-17,-38],[-215,65],[-37,-98]],[[36478,7032],[-124,3]],[[36354,7035],[-23,5],[31,-24],[-36,-23],[-115,-47]],[[36211,6946],[-1,0]],[[36210,6946],[1,0]],[[36210,6946],[-41,-12]],[[36169,6934],[-129,-1],[0,21],[-154,48],[-84,56],[-37,-24],[-42,16],[-85,-81],[-11,-43],[-34,10],[9,37],[-48,30],[-48,-12],[-55,-65],[-129,7],[-48,28],[1,55],[37,-11],[38,51],[111,24],[75,61],[-74,-41],[-110,-12],[-15,103],[35,98],[-75,-9],[2,166],[186,-14],[72,54],[-59,-43],[-97,46],[-32,-45],[-72,29],[22,291],[120,39],[35,55],[-88,-65],[-43,12],[-45,-33],[-18,-103],[-201,237],[-13,119],[-15,8],[7,9],[-3,7],[-15,2],[4,10],[-5,9],[-30,21],[9,135],[-11,-133],[34,-32],[-2,-13],[16,-3],[-8,-14],[16,-15],[-3,-57]],[[35060,7959],[-17,46],[17,-64],[-31,-11],[32,8],[63,-166],[52,-43],[-42,-48],[43,47],[94,-101],[-7,-123],[1,55],[-12,-41],[17,-136]],[[35270,7382],[13,-111],[57,-32],[-22,-62],[14,-26],[-19,-59],[-101,-78],[15,-26],[-72,-18],[-27,-57],[-77,-20],[-12,29],[-20,-8],[-11,-102],[-34,-36],[-25,10],[-9,50],[-72,33],[27,50],[-7,53]],[[34888,6972],[9,164],[-72,67],[2,87],[-3,-22],[-112,6],[-12,33],[-14,-6],[45,-64],[-47,15],[10,-48],[32,17],[-45,-49],[-297,-73],[-50,-55],[-99,-9],[-89,-155],[30,-160],[83,-65],[-15,-65],[28,-44],[-13,-12],[-22,36],[-25,-27],[-30,33],[-87,-81],[-13,-47],[-62,-32],[-28,-83],[52,-81]],[[34044,6252],[-51,-75],[15,-73],[-37,12],[33,-27],[1,1]],[[34005,6090],[3,-15]],[[34008,6075],[-28,-86],[165,-78],[-34,-11],[20,-46],[-79,-35],[-70,-74],[-24,-68],[65,-56],[-153,-108],[-2,-162],[-60,-9],[0,29],[-63,59],[-7,76],[-42,23],[-110,-15],[-13,45],[-59,-16],[-24,71],[-69,-37],[-120,23],[-94,-72],[-22,-100],[-60,-8],[-51,-89],[-26,8],[-32,-83],[-39,17],[-25,-25],[-19,-46],[13,-50],[-64,-14],[-2,-78],[-70,-62],[-27,-9],[-9,95],[-95,80],[-132,-23],[-78,-51],[-98,-152],[10,-94],[-53,-5],[-10,-87],[33,-27],[-26,-79],[13,-122],[-100,-104],[16,-91],[-23,-28],[-100,-20],[-112,-137],[-58,16],[9,64],[-29,69],[71,70],[8,-43],[38,-10],[48,169],[100,-8]],[[32206,4471],[19,29],[-65,-23],[-39,23],[29,74],[-67,-6],[-1,30],[36,0],[79,133],[-2,21],[-67,-69],[12,60],[-6,54],[-25,15],[8,76],[-17,-83],[27,-21],[-19,-92],[18,-34],[-20,-36],[-62,-6],[47,-84],[-48,-55],[11,-68],[-79,32],[-88,-66],[-21,19],[-18,37],[59,193],[-15,33],[29,45],[-5,73],[41,49],[14,-36],[3,83],[-6,42],[-23,-92],[-75,-31],[-51,271],[-30,46],[18,31],[53,-21],[-24,30],[57,85],[-21,86],[23,81],[53,-1],[66,68],[28,-76],[104,40],[19,-47],[-6,45],[94,32],[21,-80],[5,86],[63,-20],[10,36],[-13,23],[-84,-3],[-8,42],[96,-22],[54,22],[48,-75],[-60,111],[33,68],[49,-7]],[[32467,5641],[7,9]],[[32474,5650],[-7,-9]],[[32467,5641],[-61,12],[3,-11],[-11,24],[15,20],[-4,23],[3,-21],[-14,-8],[2,-56],[-18,44],[-42,-69],[-57,31],[33,-54],[-81,-23],[-5,-62],[-64,-36],[-83,-22],[2,25],[-20,-13],[-32,43],[-67,-10],[11,36],[-25,60],[37,98],[-45,59],[-40,6],[102,61],[-3,110],[43,151],[32,33],[9,77],[84,95],[-101,-98],[-7,-57],[-49,-70],[-53,-142],[34,-65],[-77,-51],[-7,21],[-51,-95],[-58,91],[-67,47],[7,36],[-87,143],[96,-225],[-144,-27],[179,-21],[-4,-33],[51,-32],[-11,-53],[74,73],[58,-35],[-42,-85],[-29,0],[42,-55],[10,-86],[-97,-34],[-43,46],[12,22],[-54,23],[-47,-29],[42,12],[74,-65],[-94,-46],[99,21],[21,-18],[7,-151],[-20,-33],[-31,51],[-51,4],[26,-45],[-62,-81],[-44,71],[37,-86],[-55,-14],[-79,-139],[11,77],[-62,67],[-15,117],[-30,-72],[-42,41],[-176,16],[-34,38],[23,-48],[76,-22],[-87,11],[-20,23]],[[31220,5202],[18,-23],[-20,15],[-18,2],[-58,-32],[-55,-8],[-23,-21]],[[31064,5135],[11,-4],[19,24],[49,7],[66,32],[69,-39],[122,-2],[26,-12],[21,-87],[91,-55],[7,-52],[54,-37],[20,-57],[-2,-93],[-55,-29],[-146,87],[108,-98],[99,8],[78,-45],[-13,-99],[-63,-96],[-138,-9],[-52,84],[-39,-4],[-11,27],[-32,-29],[-63,56],[-19,-47],[-73,35],[43,-35],[-31,-18],[83,-1],[54,-53],[38,35],[33,-26],[110,-172],[53,-5],[-13,29],[30,5],[-1,42],[-20,1],[40,3],[-13,-49],[47,-5]],[[31651,4352],[10,29],[67,-171],[-124,65],[-179,-113],[-5,-53],[34,-44],[-55,-21],[-25,-59],[-102,-43],[40,-37],[-6,-45]],[[31306,3860],[-13,-95],[86,-66],[-35,-11],[-52,-95],[-70,-48],[-105,63],[-78,-27],[-34,-47],[-143,17],[21,48],[-14,38],[81,65],[-35,-12],[-32,34],[14,-30],[-40,-51],[-33,13],[34,-71],[-25,-54],[-172,-33],[-12,51],[45,119],[-48,70],[30,-77],[-34,-79],[-44,55],[47,-67],[-36,-25],[23,-8],[-7,-39],[71,-44],[-120,-42],[-15,17],[-1,-28],[-187,-7],[-31,30],[3,32],[-38,-37],[-44,76],[14,-38],[-37,-1],[72,-47],[-50,-35],[60,20],[112,-33],[-70,-92],[22,13],[20,-36],[-10,44],[75,77],[53,24],[-1,-56],[12,53],[33,-14],[28,32],[139,39],[22,-6],[41,-113],[-30,133],[86,36],[27,-35],[38,20],[-16,-62],[95,74],[139,-42],[34,16],[57,-62],[49,-3],[1,-33],[-75,17],[-77,-71],[-48,1],[-19,-34],[77,19],[71,55],[18,-28],[77,11],[82,-47],[44,39],[8,-60],[-38,-80],[-2,-113],[105,-18],[20,-77],[31,-18]],[[31552,2964],[-21,-85],[57,-44],[-75,-69],[-21,-196],[-182,-59],[-65,-74],[-3,-45],[39,-14],[-30,-24],[12,-45],[31,-33],[-36,4],[-19,-75]],[[31239,2205],[-34,-103],[-44,15],[-30,-41],[-113,102],[-26,-26],[-52,9]],[[30940,2161],[-9,-44],[-48,45],[-99,-22],[-52,15],[-72,-30],[-76,-127],[14,-95],[-43,-54],[-37,-2],[-11,-89],[-30,-9]],[[30477,1749],[-39,-101],[8,-48]],[[30446,1600],[0,-9],[1,0]],[[30447,1591],[38,-49],[-31,-30],[10,-30],[-39,1],[-2,-22],[-58,34],[-24,-24],[2,-49],[-64,-7],[-82,13],[0,34]],[[30197,1462],[-2,15],[1,0]],[[30196,1477],[1,77],[-41,61],[-137,69],[-51,-27],[-25,20],[1,-2]],[[29944,1675],[-19,17],[3,39],[-21,0],[43,69],[-97,62],[32,47],[-27,78],[-87,25],[-30,105],[-1,0]],[[29740,2117],[21,18],[0,2]],[[29761,2137],[63,99],[3,35],[-29,18],[48,77],[-86,124],[37,57],[-41,8],[-3,50],[-44,15],[-1,39],[-88,35],[53,102],[-43,101],[-224,299],[-111,76],[24,18],[-4,34],[-2,-28],[-44,-15],[-50,46],[-14,56],[-91,44],[-63,8],[-149,-53],[-27,69],[-52,-4],[-24,66],[-143,88],[-55,-41],[-73,50],[-65,-3],[-18,-61],[-31,20],[-10,-35],[-23,14],[-61,-44],[23,62],[-21,68],[-47,13],[0,31],[-54,51],[-35,13],[-32,-25],[-48,42],[-2,62],[-76,77],[-76,-12],[-111,81],[-106,17],[-284,-54],[-27,-50],[14,-55],[-10,31],[-22,-14],[1,-33],[46,9],[-28,-53],[-55,-4],[-104,-114],[48,-48],[-42,41],[-6,-41],[47,-18]],[[27313,3578],[93,-204],[-51,-81],[-27,-189],[-55,-54],[-16,-73],[-38,-36],[-83,36],[3,-60],[-119,-98],[-63,24],[-48,-47],[-55,36],[-101,-64],[-58,24],[-14,-17],[-29,36],[-53,-24],[-5,-39],[-32,8],[11,-47],[-25,-21],[-26,18],[-14,-47],[1,0]],[[26509,2659],[-9,-17],[-12,44],[-44,26],[-47,-11],[-44,-83]],[[26353,2618],[-47,15],[-101,-48],[-20,17],[-11,-35]],[[26174,2567],[-55,9]],[[26119,2576],[-43,35],[23,27],[-46,41]],[[26053,2679],[-31,33],[15,27]],[[26037,2739],[6,32],[-66,19],[10,14],[-1,0]],[[25986,2804],[20,50],[-68,31],[-48,-16],[-9,37],[-34,9],[10,38],[-47,36],[-19,88],[66,36],[6,98],[88,9],[35,33],[51,121],[-1,58],[-48,31],[-26,68],[1,180],[-29,27],[2,104],[-43,44],[-3,54],[-39,21],[21,23],[31,-12],[19,33],[-25,69],[102,49],[-9,116],[48,90],[0,2]],[[26038,4331],[121,128]],[[26159,4459],[27,50]],[[26186,4509],[5,47],[108,-47],[64,54],[0,2]],[[26363,4565],[52,22],[53,-24],[49,15]],[[26517,4578],[35,-6]],[[26552,4572],[45,20],[7,56],[23,1]],[[26627,4649],[21,14],[-15,53],[30,-6],[26,74],[1,-20],[69,8],[-18,60],[36,6],[15,42]],[[26792,4880],[40,33],[-18,43],[45,-71],[41,1],[29,47]],[[26929,4933],[26,-6],[-8,42]],[[26947,4969],[20,23],[16,-23],[36,12],[-12,56],[27,35],[53,-41],[90,94],[37,-5],[3,79],[42,3],[13,36],[52,-3],[34,66],[74,-40],[90,18],[7,37],[60,-27],[32,45],[44,-9]],[[27665,5325],[49,32],[110,-75],[89,60],[-9,-83],[1,24],[-25,-3],[0,-36],[88,-91],[2,-98],[118,-25],[20,-44],[147,-27],[53,-103],[-44,-21],[-53,-136],[41,-3],[29,-33],[7,-145],[7,94],[-14,52],[-28,34],[51,37],[5,53],[-21,15],[-1,3],[6,14],[30,29],[1,34],[-44,35],[59,-39],[24,-36],[-23,16],[-47,-41],[-5,-13],[25,-14],[55,48],[-7,37],[30,-50],[-31,62],[17,-9],[28,4],[111,65],[-46,-21],[17,29],[-26,0],[-79,-74],[-82,47],[-16,-7],[-2,41],[279,332],[74,148],[24,63],[-18,96],[-25,6],[3,58],[30,13],[22,-23],[15,23],[28,-23],[57,66],[36,-99],[49,-20],[111,65],[123,-36],[150,93],[40,73],[52,18],[5,71],[34,0],[-8,30],[50,26],[12,45],[27,16],[41,-27],[30,34],[30,-34],[-26,49],[58,9],[5,31],[-24,11],[85,66],[-10,20],[139,26],[-5,24],[35,10],[-15,36],[88,31],[70,78],[87,270],[-17,204],[130,62],[132,-12]],[[30285,6892],[46,-23],[48,94],[34,-3],[18,92],[77,24],[-8,98],[90,9],[25,51],[51,8],[46,45],[32,-25],[-5,104],[69,336],[-79,61],[-1,0]],[[30728,7763],[53,33],[-30,19],[-7,53]],[[30744,7868],[-21,30]],[[30723,7898],[-14,20],[121,-8]],[[30830,7910],[-36,20],[43,91],[-56,80],[19,52],[28,5],[76,-67],[-14,88]],[[30890,8179],[5,11],[1,0]],[[30896,8190],[4,21],[22,-9],[66,-70],[89,74],[59,3],[68,-16],[16,-47],[23,25],[79,-42],[52,3],[28,30],[43,-33]],[[31445,8129],[-46,36],[-14,-21],[-21,-7]],[[31364,8137],[7,3],[11,10],[-11,-10],[-6,7],[3,-6],[-5,0],[0,6]],[[31363,8147],[-3,-4]],[[31360,8143],[-11,1]],[[31349,8144],[-178,73],[-121,-3],[-60,45],[206,14],[39,92],[-17,34],[16,29],[-30,27],[15,11],[50,-79],[56,-1],[-7,-49],[27,-34],[58,6],[117,93],[-7,47],[63,-10],[39,25],[-53,17],[44,10],[26,97],[20,0],[59,124],[39,146],[-10,82],[-24,19],[44,26],[-36,24],[-2,35],[64,37],[17,-16],[12,25],[-68,105],[37,42],[-17,56],[29,22],[10,59],[-2,47],[-31,29],[16,40],[-105,61],[49,16],[-13,55],[19,18],[54,3],[-9,51],[20,23],[79,-2],[-46,62],[23,18],[-26,14],[33,81],[-36,0],[30,32],[-32,-8],[36,25],[-28,-3],[1,22],[58,27],[-33,43],[32,43],[-23,132],[-69,27],[-17,42],[-42,2],[43,30],[-14,25],[108,34],[46,-97],[35,-17],[102,37],[4,-77],[59,-17],[20,42],[91,-13],[25,25],[23,43],[-28,22],[45,18],[29,92]],[[32332,10421],[30,50],[36,-9],[97,71],[-22,26],[9,44],[36,27],[61,-3],[-40,-189],[96,-50],[31,-63],[-7,-109],[-4,17],[-16,-23],[12,5],[12,-44],[-2,32],[17,-83],[-9,-44],[35,-41],[-14,-29],[-50,-7],[21,-6],[-58,-94],[51,-139],[-23,97],[13,100],[24,16],[51,-21],[39,103],[126,-9],[16,-32],[-21,-11],[99,-24],[2,-57],[34,-35],[-14,91],[-20,1],[125,61],[268,-21],[81,-79]],[[33454,9940],[42,-35],[50,-71],[-35,-46]],[[33511,9788],[29,27],[8,22],[38,-57],[44,9],[21,-16],[17,-47],[38,-23],[6,-27],[-8,-32],[4,-31],[102,-67],[19,-74],[-16,73],[-103,69],[3,71],[-5,18],[-16,17],[19,3],[49,-21],[7,0],[4,3],[12,-2],[25,45]],[[33808,9748],[-26,-43],[-12,1],[-5,-4],[-11,4],[-4,5],[-7,-2],[-26,14],[-44,3],[-17,47],[-26,21],[-40,-12],[-115,155],[12,24],[-13,-21],[-42,48],[-3,83],[-32,14],[22,-11],[-8,-25],[-94,80],[-47,-35],[-10,51],[5,-43],[-25,-11],[-145,14],[-31,27],[-3,-44],[-75,-39],[-136,95],[-22,48],[32,30],[-110,38],[-51,100],[48,146],[-48,56],[70,125],[67,44],[-30,39],[9,26],[-151,96],[22,33],[103,37],[-30,42],[52,6],[17,-86],[58,-12],[16,-53],[74,-6],[30,26],[65,-55],[34,2],[7,22],[28,-10],[0,50],[45,0],[23,66],[53,-27],[-40,29],[18,68],[77,-37],[104,88],[67,-86],[58,41],[25,-56],[-12,27],[30,27],[60,-41],[-15,40],[37,0],[-3,-20],[54,35],[170,24],[21,53],[45,10],[-15,33],[46,35],[14,71],[50,36],[7,53],[56,74],[-23,91],[45,105],[1,104],[55,33],[25,126],[-70,31],[22,58],[-17,15],[63,115],[-40,-2],[-8,41],[21,15],[24,-44],[19,60],[94,-13],[24,33],[-27,26],[24,21],[19,-18],[-3,22],[34,-80],[42,12],[18,43],[15,-21]],[[34472,12204],[32,157],[35,18],[51,-31],[122,67],[-25,45],[32,-19],[22,40],[34,-24],[0,2]],[[34775,12459],[-32,28],[-21,-10],[-1,13],[26,27],[29,-15],[10,23],[122,17],[-39,19],[-7,35],[52,89],[52,21]],[[34966,12706],[49,-3],[22,33],[-16,32],[112,80],[14,78],[-25,31],[57,83],[-9,128],[-31,35],[114,-22],[53,40],[8,21],[-50,50],[48,10],[-3,41],[129,33],[23,59],[-16,20],[36,12],[-12,15],[53,59],[177,60],[54,83],[70,5],[29,69],[96,71],[45,232],[-37,58],[24,19],[-17,52],[29,45],[-15,253],[17,32],[-17,26],[17,40],[60,-39],[28,17],[-29,-11],[-33,42],[-20,136]],[[36000,14731],[-18,515],[-36,18],[22,48],[-69,88],[42,36],[14,62],[-39,41],[19,15],[-20,48],[14,33],[-51,41],[56,71],[-3,102],[60,50],[-7,32],[49,51],[-24,29],[76,36]],[[36085,16047],[48,9],[62,-33],[304,12],[247,57],[132,-34],[-62,-172],[5,-62],[36,-89],[75,-26],[-6,-36],[34,-39],[6,-147],[54,-45],[19,-84],[50,-38],[98,-211],[-111,-10],[-24,-193],[-51,-87],[22,-53],[-40,-237],[50,-69],[-35,-40],[12,-31],[-41,-70],[-9,-84],[-44,-21],[1,-31],[-102,-46],[-100,1],[17,-24],[-36,-12],[21,-32],[-136,-15],[-31,-51],[139,-44],[40,-75],[147,-20],[45,30],[45,-74],[4,-66],[72,-30],[120,-150],[55,9],[79,-40],[-11,110],[-40,71],[183,57],[111,-115],[-56,-84],[-4,-109],[62,-19],[-37,-132],[98,-152],[43,-219],[65,-66],[-65,-145],[16,-80],[-19,-24],[26,-21],[-4,-47],[125,-62],[-2,-39],[34,-24],[3,-97],[37,-98],[-24,-56],[24,-24],[-7,-98],[16,-44],[40,-9],[-7,-41],[36,-44],[3,-138]],[[20233,503],[29,-13],[1,-33],[24,35],[48,-51],[-6,52],[29,17],[69,-92],[-21,-59],[-43,76],[-36,-5],[-9,-35],[32,-65],[-36,-16],[15,-17],[-28,-30],[-40,112],[-31,-32],[-30,8],[-9,36],[38,44],[-18,30],[22,38]],[[20022,512],[60,-74],[-18,-37],[-16,64],[-74,3],[48,44]],[[20646,592],[-39,-5],[-55,142],[-41,1],[-2,-69],[-43,-15],[-44,72],[50,71],[31,-18],[17,39],[-1,-51],[67,23],[6,49],[-40,14],[33,0],[6,27],[-46,11],[25,10],[-27,53],[40,42],[1,49],[77,28],[12,31],[99,-62],[-5,-38],[102,-29],[-42,-18],[52,-93],[-31,-100],[-65,24],[28,-74],[-40,-25],[-132,24],[23,-40],[-19,-12],[21,-33],[-18,-28]],[[20230,957],[-72,30],[34,41],[-19,55],[17,26],[33,-16],[-16,-56],[23,-80]],[[21151,1218],[-17,-20],[-13,18],[30,2]],[[20982,1236],[-21,-30],[41,-26],[-14,-18],[-37,54],[12,33],[19,-13]],[[21119,1283],[12,-17],[-23,0],[11,17]],[[21053,1301],[28,-15],[-14,-26],[-78,103],[26,6],[-6,-26],[44,-42]],[[20064,1351],[-5,-40],[-23,29],[15,27],[13,-16]],[[20400,1538],[-4,-26],[-27,21],[31,5]],[[20136,1524],[14,15],[-8,-44],[53,-34],[47,-91],[-36,-84],[18,-65],[-22,-20],[-35,17],[-20,-36],[3,45],[-40,9],[50,9],[8,33],[-76,32],[7,35],[52,-6],[-37,34],[19,14],[-15,19],[27,-1],[23,38],[-30,54],[-26,1],[24,26]],[[20238,1556],[52,-2],[27,-78],[46,16],[16,-72],[46,5],[72,-89],[-33,-102],[27,-28],[-75,-20],[-28,-66],[-66,113],[-1,140],[-45,23],[-68,116],[30,44]],[[20529,1589],[56,-8],[7,-70],[-85,43],[22,35]],[[20627,1524],[9,60],[42,-6],[-7,37],[36,33],[76,-133],[47,15],[28,-36],[40,38],[33,-34],[33,52],[40,-47],[-82,-91],[-64,13],[-56,-47],[-50,86],[-125,33],[0,27]],[[20446,1660],[41,-24],[-61,-47],[-9,59],[29,12]],[[20712,1738],[57,-31],[-24,-55],[-33,86]],[[20473,1731],[-13,-33],[-8,34],[21,-1]],[[61969,24950],[77,23],[43,71],[39,6]],[[62888,22100],[-115,84],[-43,67],[-99,-15],[3,-104],[-42,-53],[-15,-178],[51,-50],[23,-88],[-24,-110],[22,-41],[35,10],[18,-25],[-42,-43],[12,-92],[-102,0],[-72,-88],[59,-60],[-41,-249],[88,27],[7,-27],[-55,-184],[-88,-50],[-45,53],[-232,102],[-93,-36],[-106,5],[-5,-43],[-60,32],[-25,-148],[-79,-27],[-125,-356],[-175,44],[-116,-53],[-53,4],[-8,-22],[-142,-15],[-38,-163],[150,-160],[73,-40],[-5,-137],[-26,-48],[161,-335],[-79,-439],[196,-28],[126,-122],[-39,-66],[32,-153],[-89,-160],[83,-211],[-63,-564],[23,-121],[113,5],[71,-88],[106,-54],[-55,-56],[3,-45],[68,-97],[0,-39],[-28,-14],[-39,-1],[-34,44],[-12,-47],[-39,-3],[45,-11],[40,-51],[-14,-14],[-92,39],[-102,-76],[32,-133],[55,-44],[-7,-66],[47,-53],[101,-15],[-82,-109],[-67,-192]],[[61819,16504],[-31,-60],[-102,69],[-100,-146],[-135,-63],[-243,140],[-266,335],[-306,17],[1,37],[-405,166],[-64,9],[-69,-92],[-105,172],[-74,184],[-157,-75],[-178,-302],[-5,329],[-107,-102],[-363,-28],[-193,-232],[-61,113]],[[58856,16975],[-75,33],[-106,-93],[-70,-17],[-74,-134],[-142,-9],[-66,-45],[-174,-3],[-35,-59],[-106,-29],[-44,-39],[-3,-45],[-33,-11],[-52,-131],[-129,1],[-21,-31],[-34,15],[-111,-79],[-76,159],[-90,90],[0,119],[-22,2],[30,131],[-105,24],[-144,98],[-216,224],[-48,108],[15,68],[-77,46],[13,28],[-43,12],[-5,184],[-37,108],[-72,81],[-34,-6],[-111,187],[-69,36],[-126,186],[-67,35],[-183,-53],[-199,127],[-173,48],[-132,-9]],[[55610,18332],[-28,84],[-158,44],[-64,124],[-57,39],[-23,80],[24,68],[-19,106],[-24,-12],[10,58],[176,88],[-12,131],[117,64],[2,111],[173,272],[22,81],[102,104],[7,71],[58,124],[26,-1],[-3,61],[33,16],[2,61],[29,2],[128,275],[-27,49],[79,305],[136,224],[-38,77],[46,61],[-7,142],[-73,261],[-104,47],[21,35],[-22,15],[-128,-60],[-6,19],[-7,79],[41,80],[-73,83],[73,15],[42,57],[-30,66],[28,-3],[-26,56],[19,11],[-41,42],[-31,-26],[-69,20]],[[56079,25845],[46,77],[143,11],[53,-30],[28,161],[171,62],[132,109],[7,-114],[124,-1],[22,-50],[59,36],[20,25],[-15,43],[29,9],[42,-58],[146,-40],[48,-48],[281,457],[558,782],[144,-160],[143,-113],[30,12],[53,-71],[106,-21],[69,36],[92,-124],[73,2],[-6,-82],[75,32],[158,-45],[-108,327],[44,15],[51,122],[88,40],[187,-199],[149,-19],[137,-107],[67,53],[36,-13],[-95,128],[-4,78],[-78,115],[-20,104],[50,-42],[171,86],[79,-181],[42,-33],[-3,-53],[54,-46],[33,-84],[92,-3],[212,104],[-20,124],[-44,35],[22,64],[44,29],[29,100],[-61,120],[8,121],[57,12],[40,-60],[-33,-24],[148,-313],[-9,-60],[60,-88]],[[73866,35002],[-345,98],[-43,-120],[-68,-71],[-1,-109],[-37,-82],[-134,49],[-5,-26],[-66,-21],[-38,-122],[-86,-101],[-24,-74],[-102,0],[-29,-27],[143,-426],[-61,-85],[-11,-60],[-28,21],[-29,-66],[-73,-62],[8,-38],[-41,-33],[-28,39],[-57,-54],[38,-89],[-48,-53],[-14,24],[-46,-75],[37,-80],[-180,-101],[-215,-15],[-93,-67],[-153,142],[-13,74],[-41,29],[-66,126],[-128,-61],[-120,-126],[-45,-83],[46,-36],[-39,-78],[-4,-86],[-35,-35],[-27,77],[-56,10],[1,115],[-209,211],[-75,-18],[-147,213],[-101,-10],[-34,64],[-30,-25],[-32,12],[53,107],[-76,92]],[[70188,35162],[58,198],[114,193],[99,97],[-47,90],[-97,528],[121,62],[75,-36],[39,74],[144,69],[68,-10],[145,-91],[-15,-30],[63,-85],[13,19],[121,-195],[96,71],[118,-29],[33,82],[-15,66],[71,65],[-26,166],[-69,128],[245,374],[-50,46],[288,51],[95,-45],[96,74]],[[71971,37094],[186,-133],[71,4],[27,-93],[-24,-175],[34,-2],[6,-69],[76,-39],[7,-68],[102,-6],[29,45],[69,-133],[57,56],[70,-17],[35,22],[50,-34],[24,-105],[-75,-5],[-14,-31],[5,-80],[29,-8],[36,-487],[135,25],[80,-59],[78,-3],[-27,70],[6,101],[79,15],[127,-3],[56,-56],[180,23],[66,-65],[-117,-225],[24,-163],[29,-44],[41,-3],[233,38],[-27,-63],[39,-5],[78,-148],[95,-81],[-29,-113],[-51,25]],[[73866,35002],[-95,-121],[60,-66],[121,-27],[98,-60],[108,-112]],[[74158,34616],[-73,-136],[-87,-77],[252,-4],[71,-37],[234,-37],[68,9],[9,45],[73,20],[35,-13],[7,-72],[46,-9],[4,-309],[-34,-52],[21,-66],[-18,-168],[-25,-27],[12,-87],[-76,-163]],[[74677,33433],[-58,-52],[-73,-253],[-198,33],[-215,-388],[160,-406],[-108,-13],[-205,-166],[-63,16],[-35,-209],[-82,4],[-26,-86],[-91,-1],[-37,48],[23,80],[-98,130],[9,74],[-121,9],[-34,-21],[41,-82],[-101,-96],[-51,-108],[-169,32],[-78,-23],[-103,13],[-55,33],[-76,-27],[-6,-55],[37,-74],[104,-22],[24,-38],[-22,-76],[22,-37],[-8,-92],[-211,-148],[-77,54],[31,101],[-2,301],[-59,22],[-45,-38],[-17,-126],[-53,-14],[-20,-170],[-20,-12],[16,-100],[-27,-30],[-10,-86],[34,-120],[-28,-13],[144,-101],[50,-113],[-18,-40]],[[72943,30318],[-3,-101],[50,-152],[88,-115]],[[73078,29950],[-22,-45],[-123,-92],[-65,24],[-47,-166],[-40,-27],[-278,170]],[[72503,29814],[-146,145],[-29,-12],[-4,-41],[-66,21],[-55,56],[-75,-63],[-58,81],[-33,-36],[-29,30],[-26,-38],[-55,85],[-70,-39],[63,-115],[-74,-51],[-100,10],[-8,-113],[-43,30],[-44,-7],[-37,-144],[-46,-21],[84,-66],[6,-32],[-29,-25],[17,-34],[-134,-105],[-19,-52],[-112,58],[-39,78],[-56,21],[14,44],[-105,127]],[[71195,29606],[41,18],[46,-51],[54,104],[-93,66],[-71,133],[-69,36],[-24,56],[27,6],[-49,9],[-19,48],[20,47],[-127,184],[-223,80],[-98,150],[-73,-52],[-78,8],[-129,65],[-67,56],[0,54],[-68,36],[-52,79],[-187,-17],[-68,127],[85,173],[9,98],[75,132],[24,-5],[-18,110],[65,35],[9,-29],[30,6],[-14,186],[40,-21],[29,30],[19,-15],[24,66],[36,11],[36,115],[-16,15]],[[62971,79279],[0,1]],[[62971,79280],[0,-1]],[[62548,82561],[-7,-45],[-23,7],[5,50],[25,-12]],[[61570,86814],[19,-26],[-32,7],[13,19]],[[61510,86808],[25,-20],[-29,-17],[-28,32],[32,5]],[[61779,87025],[20,-8],[-17,-34],[-3,42]],[[61748,87076],[73,-36],[-34,-5],[-39,41]],[[59829,87945],[248,-90],[76,0],[77,41],[26,-35],[50,32],[-2,-46],[36,-19],[73,16],[-17,-140],[29,-137],[-134,43],[-10,-39],[-70,5],[-36,52],[9,80],[-85,77],[-145,15],[-54,-37],[-7,-39],[-52,-13],[-84,44],[-30,172],[-65,76],[16,19],[110,-19],[68,-41],[-27,-17]],[[57436,88676],[-8,21]],[[57428,88697],[8,-21]],[[62971,79280],[-85,150],[-150,116],[-33,97],[-26,-11],[20,-47],[-23,46],[6,-19],[-100,-22],[-68,62],[-22,7],[-23,-19],[-36,19],[-14,-10],[-2,19],[-36,32],[-29,-2],[51,-21],[14,-30],[21,-1],[-2,-9],[71,1],[18,-47],[52,-24],[-103,-39],[-162,-11],[-42,-52],[38,46],[194,0],[-14,-25],[143,75],[87,-29],[153,-111],[32,-62],[-8,-91],[10,32],[9,-24],[13,13],[-13,44],[39,-84],[-27,25],[-38,-83],[34,-155],[76,-146],[111,-126],[-34,-7],[-16,-61],[8,-22],[8,-8],[20,-3],[-22,6],[-13,27],[22,61],[34,7],[-16,21],[28,-6],[17,-80],[47,-7],[19,-80]],[[63209,78612],[-78,3],[-79,-110],[-111,-18],[39,-187],[-46,12],[-138,-97],[-14,107],[-194,-15],[-66,113],[-26,-48],[-118,-63],[-165,21],[-30,113],[-51,-11],[-150,41],[-93,-13],[-84,34],[-145,-25]],[[61660,78469],[-86,220],[-381,-101],[-2,-45],[-117,18],[4,-77],[-85,-5],[28,-192],[111,-6],[29,-43],[-3,-100],[-120,-9],[-22,-42],[-50,-14],[22,-69],[-110,-12],[-48,-49],[-61,-6],[-6,-75],[-90,-9],[-8,-127],[-46,5],[-2,-190],[-152,12],[-16,-219],[52,-124]],[[60501,77210],[-133,44]],[[60368,77254],[-246,-121],[10,-54],[-33,-82],[-54,-16],[-25,-58],[14,-101],[-95,-36],[35,-94],[-12,-42],[57,-74],[-22,-139],[-124,-7],[-102,-186],[34,-44],[196,-66],[53,-65]],[[55732,74337],[-99,60],[-36,156],[-184,27],[-102,145],[-87,65],[-25,96],[-149,68],[-105,296],[-89,75],[-97,-205],[-259,-164],[-34,-8],[-40,41],[-138,-201],[-168,-160],[-59,5],[-187,-70],[-91,11],[-84,81],[-132,70],[-84,104],[-131,336]],[[53352,75165],[82,115],[-148,306],[-134,159],[256,187],[77,185],[12,154],[57,14],[23,21],[-28,36],[112,35],[20,45],[-13,24],[-41,-19],[-5,39],[-72,30],[-65,103],[-32,113],[25,149],[-159,73],[-80,6],[-51,118],[10,36],[76,7],[44,118],[65,14],[52,71],[-10,61],[59,166],[-57,16],[35,42],[-31,3],[5,142],[72,60],[109,14],[114,119],[49,-9],[18,31],[39,-19],[6,57],[126,14],[21,38],[50,-47],[-11,53],[109,7],[91,42],[0,56],[-99,106],[30,57],[-40,-18],[-58,66],[-6,50],[24,17],[-36,4],[104,88],[-16,53],[-63,53],[57,99],[71,-10],[3,28],[-153,118],[-113,-26],[-14,-62],[-109,3],[-16,-36],[-69,23],[-93,-51],[-39,28],[-15,-27],[-17,42],[-29,-4],[34,80],[-74,48],[-15,65],[-133,10],[2,71],[-91,52],[2,116],[-62,66],[-10,82],[24,30],[-197,69],[-99,-21],[-128,50],[-86,76],[-42,155],[-61,14],[-55,123],[-22,0],[11,44],[-63,124],[79,107],[-3,33],[-133,198]],[[52411,80343],[75,145],[-18,49],[145,298],[164,-26],[147,57],[-39,92],[50,227],[164,35],[-142,52],[-168,142],[176,33],[-13,86],[43,29],[124,202],[315,207],[-3,59],[66,38],[80,126],[-16,92],[75,-30],[173,104],[92,5],[161,214],[-3,45],[64,111],[58,65],[117,45],[123,-24],[147,90],[45,5],[89,-47],[42,33],[83,5],[113,-68],[23,-92],[57,-14],[124,27],[54,89],[310,184],[-76,88],[142,122],[-41,30],[-7,142],[-81,103],[99,45],[-19,88],[28,25],[168,-47],[7,47],[146,76],[13,84],[94,36],[51,53],[36,-6],[29,55],[74,-16],[14,65],[159,-12],[98,-56],[12,34],[214,104],[101,117],[51,168],[-11,72],[46,44],[166,65],[-72,59],[-246,48],[-42,92],[34,119],[-149,245],[-61,21],[-21,36],[40,201],[-29,84],[-49,19],[8,229],[-75,119],[4,44],[-67,17],[-251,286],[-106,67],[-34,86],[57,161],[-27,29],[-2,81],[-41,12],[-11,61],[-95,53],[-12,-16],[-77,142],[63,30],[3,97],[-138,-41],[-103,89],[8,37],[77,37],[14,94],[76,0],[90,57],[60,2],[141,-64],[237,24],[91,-75],[96,20],[25,65],[-93,39],[-50,71],[98,59],[62,92],[101,28],[-2,175],[84,76],[37,83],[63,28],[120,201],[149,67],[-86,187],[71,57],[162,15],[24,60],[-8,141],[47,47],[60,12]],[[57276,88664],[98,-50],[71,19],[10,124],[21,24],[68,0],[-25,139],[56,59],[91,14],[323,-76],[67,8],[84,36],[77,160],[56,15],[-47,-51],[129,46],[88,-144],[99,-8],[182,-294],[75,-53],[22,-77],[210,-210],[211,-143],[11,-32],[67,-4],[215,-97],[40,-32],[-51,-6],[28,-21],[64,11],[9,-27],[-74,-46],[31,-137],[-27,27],[-15,-15],[5,35],[-7,-36],[-56,3],[109,-29],[15,-100]],[[59606,87696],[-8,-4]],[[59598,87692],[66,-145],[-38,1],[11,-13],[-14,12],[8,6],[-10,-5],[-3,11],[-12,-20],[21,2],[1,-18],[44,7],[61,-137],[97,-72],[44,-88],[-17,-23]],[[59857,87210],[-17,16]],[[59840,87226],[17,-16]],[[59857,87210],[107,-83],[183,-67],[83,54],[70,155]],[[60300,87269],[24,80],[-45,89],[61,-40],[82,-228],[213,-272],[-11,-77],[-21,35],[-38,1],[-88,-63],[-110,-2]],[[60367,86792],[89,-64],[53,-138],[86,79],[24,75],[63,17],[49,74],[185,-37],[51,-66],[193,-78],[265,-320],[88,-44],[51,12],[-35,-15],[66,-11],[14,-43],[36,-14],[-1,-26],[-109,-80],[58,41],[109,-219],[58,-28],[-14,-50],[48,-44],[34,11],[-60,-34],[-17,25],[-42,-20],[-45,-151],[-39,-42],[48,27],[90,-174],[69,-21],[-5,-57],[72,-12],[-67,-110],[44,-71],[-31,-110],[35,-86],[153,-83],[38,16],[-20,-291],[42,-169],[-39,-71],[59,-160],[-61,-95],[53,-92],[92,-21],[13,-29],[-57,-194],[28,-124],[-15,-47],[-68,-14],[-39,-45],[-37,-127],[-134,-143],[-38,47],[-44,6],[35,12],[-10,84],[39,-16],[36,9],[6,26],[-81,55],[-60,-28],[63,25],[74,-59],[-9,-16],[-71,10],[-7,-87],[-32,33],[8,-60],[67,-62],[-25,-3],[38,-51]],[[61877,83224],[-18,31],[40,41],[96,-398],[104,-195],[70,-88],[81,3],[-88,-7],[-1,-26],[-88,55],[-57,143],[44,-165],[-137,73],[-16,80],[-38,-11],[7,-56],[-28,-19],[-24,10],[-28,44],[-37,6],[80,-65],[28,8],[12,13],[-5,58],[31,6],[10,-80],[212,-109],[-18,-13],[118,6],[21,36],[8,-56],[183,-199],[-8,-160],[-69,-67],[-104,-232],[-3,-243],[92,-329],[121,-211],[172,-168],[-20,-98],[21,-116],[140,-235],[71,-27],[-27,-68],[57,-101],[-113,-34],[-25,-65],[13,-67],[-69,-68],[-37,-117],[-132,-15],[95,3],[29,-27],[89,-252],[152,-207],[87,-166]],[[58140,89101],[0,-6]],[[58140,89095],[0,6]],[[58140,89101],[19,12],[-3,-65],[-39,-80],[-35,-12],[-177,52],[170,-61],[-80,-15],[-104,46],[-168,22]],[[57723,89000],[-2,300],[-24,64],[22,93],[80,17],[130,130],[85,-3],[160,130]],[[58174,89731],[41,-56],[-12,-49],[61,-34],[98,-132],[-6,-25],[121,-83],[-13,-53],[59,-42],[-24,-46],[39,-45],[12,-112],[66,-22],[-63,15],[-13,27],[-101,-32],[-92,136],[-76,-9],[-94,-39],[-37,-29]],[[58474,13059],[43,-6],[-57,-4],[18,-52],[-47,52],[43,10]],[[58489,13121],[-5,-41],[-39,-12],[12,50],[32,3]],[[60486,13130],[15,-59],[-12,40],[-1,-23],[-24,38],[17,27],[5,-23]],[[60201,14051],[26,-29],[-45,-32],[44,-1],[2,-68],[45,-23],[-16,-31],[47,-17],[37,-57],[-23,-109],[8,-27],[21,9],[-14,-41],[29,-45],[49,38],[34,-14],[63,51],[-10,41],[119,89],[68,15],[27,-47],[-22,-18],[81,-178],[-26,-99],[-24,-9],[21,-105],[-16,-25],[230,71],[318,-5],[-24,-122],[-70,-97]],[[61180,13166],[-292,-57],[-146,-152],[14,55],[-26,17],[-61,-38],[-59,80],[-23,-30],[23,-15],[-24,-11]],[[60586,13015],[31,0],[3,-21],[-29,14],[15,-47],[-45,27]],[[60561,12988],[-1,0]],[[60560,12988],[-1,3]],[[60559,12991],[-1,9]],[[60558,13000],[-7,-3]],[[60551,12997],[7,3]],[[60558,13000],[1,-9]],[[60560,12988],[1,0]],[[60561,12988],[10,-37],[-45,45],[29,75],[-22,-39],[-44,-4],[-3,25],[19,6],[1,33]],[[60506,13092],[-10,50],[-33,29],[27,24],[-14,23],[13,-23],[-26,-21],[-38,15],[35,-20],[0,-42]],[[60460,13127],[35,-66],[-201,3],[17,41],[-15,60],[-31,35],[-86,25],[88,-33],[40,-86],[-22,-39],[53,-26],[126,9],[51,-51],[11,-67],[54,-25],[-40,-6],[15,-15],[145,-14]],[[60700,12872],[-31,-4],[34,-9],[-11,-23],[75,134],[-82,-201],[-160,77],[-433,67],[-277,-23],[-277,-65],[-297,-158],[-286,-326],[-29,4],[-19,55],[92,33],[78,94],[-28,75],[-52,17],[-54,80],[-35,-35]],[[58908,12664],[27,47],[-41,-43]],[[58894,12668],[16,28],[-22,25],[26,-15],[11,59],[-35,12],[-4,-53],[-62,59],[32,23],[-13,31],[-72,-4],[-56,-73],[-177,44],[30,82],[46,15],[-72,62],[3,83],[44,-23],[-20,17],[-49,13],[29,5],[-21,66],[38,39],[-41,-37],[-23,10],[9,32],[-15,-38],[-89,-4],[-32,-52],[10,-30],[43,5],[-49,-18],[8,-28],[22,5],[-13,-30],[24,-32],[29,-6],[-4,-23],[-23,6],[8,-42],[91,-15],[4,-65],[70,-41],[-19,-46],[-71,0],[-22,42],[7,-39],[-16,51],[-39,-18],[-108,21],[-8,32],[-34,-11],[-167,97],[50,54],[-15,51],[81,50]],[[58234,13044],[25,2],[19,108],[80,8],[36,686],[72,34],[18,49],[-60,43],[77,28],[79,-28],[169,22],[94,-46],[67,21],[86,122],[25,-6],[25,-65],[-33,-115],[54,-98],[116,61],[6,-70],[-23,-48],[15,-36],[47,-6],[16,30],[165,71],[64,-65],[9,-51],[69,-41],[38,-95],[72,158],[6,494],[70,-26],[100,71],[102,-145],[197,-63],[32,30],[33,-27]],[[58562,12302],[1,-26],[-34,-11],[-15,46],[48,-9]],[[58643,12355],[-16,-29],[-59,12],[8,24],[67,-7]],[[58349,12412],[0,-30],[-32,-11],[-30,133],[20,9],[32,-42],[-25,-32],[35,-27]],[[58742,12537],[100,-10],[19,-93],[-47,-39],[-193,12],[-39,82],[23,33],[95,41],[42,-26]],[[58223,12576],[-12,-18],[-14,18],[26,0]],[[58856,16975],[12,-173],[94,-40],[49,-90],[82,-29],[23,-63],[55,-32],[104,-244],[88,-104],[20,-61],[159,-152],[46,-107],[89,33],[65,107],[125,78],[137,-72],[137,5],[-85,-228],[34,-124],[-75,-122],[-131,31],[-76,-120],[40,-47],[-35,-68],[24,-65],[-29,-63],[7,-62],[-51,-48],[0,-46],[23,-72],[188,-51],[130,51],[17,89],[43,-2],[41,-160],[-19,-28],[49,-55],[-31,-58],[56,-52],[-29,-1],[15,-32],[71,-39],[-14,-41],[-40,-6],[20,-33],[-81,-15],[-10,-95],[26,-41],[-48,-71],[38,-42],[-78,-73],[1,-39],[65,-38],[-3,-46],[29,-12],[-22,-56]],[[58234,13044],[-59,-7]],[[58175,13037],[-14,64],[-29,-55],[-13,42],[-66,-57]],[[58053,13031],[0,7]],[[58053,13038],[0,-7]],[[58053,13031],[-17,4],[17,-10],[-16,-28],[-30,40],[41,-82],[1,29],[52,15],[9,-18],[-8,10],[1,-6],[-3,-3],[-15,8],[6,-6],[7,-2],[3,0],[3,2],[-9,-8],[14,6],[0,-34],[-7,21],[-14,-2],[4,14],[-22,-9]],[[58070,12972],[32,-9],[-40,-12],[44,-8],[-17,-45],[30,7],[-46,-51],[-8,17],[-18,-5],[19,-7]],[[58066,12859],[35,-38],[-106,50],[-60,-15],[-31,-40],[-21,14],[11,-32],[-64,-80]],[[57830,12718],[-2,2]],[[57828,12720],[2,-2]],[[57830,12718],[4,-10]],[[57834,12708],[-2,0]],[[57832,12708],[2,0]],[[57834,12708],[32,24],[-2,-42],[26,33],[20,-5],[-29,-22],[38,21],[51,-29],[-47,17],[-44,-25]],[[57879,12680],[-60,3],[21,-13],[-3,-23],[-17,18],[8,-37]],[[57828,12628],[11,-37],[-17,17],[-2,-21],[17,3]],[[57837,12590],[14,-17],[-31,0],[-26,-46],[-25,18],[-26,-44],[-70,62],[-89,-29],[91,26],[58,-61],[16,-3],[30,20],[-4,-47]],[[57775,12469],[-15,-15],[25,8],[-2,-35],[-44,38],[-59,-29],[-6,-9],[4,-14],[29,-16],[-5,-24],[-37,13],[-29,-12],[0,-50],[-27,-24],[-46,50],[-58,12],[-18,-11],[-26,-40],[2,-38],[-18,2],[-3,-5],[8,-17],[-5,19],[16,-5],[3,5],[-2,37],[41,47],[61,-12],[39,-50],[36,27],[2,53],[39,5],[11,-37],[1,23],[14,6],[4,24],[-31,21],[0,15],[41,8],[17,21],[24,-65],[50,24],[87,-13],[57,56],[42,138],[100,44],[31,67],[119,3],[70,-92],[-35,-9],[-27,33],[-69,10],[16,-19],[-32,-3],[25,-8],[-20,-6],[17,3],[-9,-27],[35,23],[-27,-46]],[[58191,12573],[35,-34],[11,34],[-17,17],[16,-6],[22,-45],[-15,-64]],[[58243,12475],[-12,-15]],[[58231,12460],[-3,-26]],[[58228,12434],[-4,-21],[14,29],[-1,-26],[20,9]],[[58257,12425],[-23,-27]],[[58234,12398],[-7,8]],[[58227,12406],[7,-8]],[[58234,12398],[-55,-21],[30,-3],[-56,-66],[-69,-3],[3,22]],[[58087,12327],[-54,-48]],[[58033,12279],[35,5],[-27,-22],[16,-4],[112,33],[31,42],[55,35],[-49,-42],[13,-6],[-21,-9],[16,0],[-4,-20]],[[58210,12291],[-6,-3]],[[58204,12288],[6,3]],[[58210,12291],[28,33],[5,-49],[-19,-3]],[[58224,12272],[4,-11]],[[58228,12261],[-17,-3]],[[58211,12258],[17,3]],[[58228,12261],[-13,-26]],[[58215,12235],[-42,-57],[-89,-8]],[[58084,12170],[78,2]],[[58162,12172],[25,12]],[[58187,12184],[18,17]],[[58205,12201],[29,3],[-11,-32]],[[58223,12172],[10,29],[3,-25],[22,19],[-13,-19]],[[58245,12176],[-2,2]],[[58243,12178],[2,-2]],[[58245,12176],[-13,-19]],[[58232,12157],[21,1],[-20,-42],[20,33]],[[58253,12149],[20,43],[-25,28],[37,33]],[[58285,12253],[1,79],[25,-5],[5,-40],[10,46],[61,3],[27,-46],[-27,-2],[43,-20],[-64,-52]],[[58366,12216],[28,6],[-7,-37]],[[58387,12185],[5,-22],[0,39]],[[58392,12202],[4,-4]],[[58396,12198],[-4,4]],[[58392,12202],[33,32],[68,-6],[20,-29],[-45,-6],[-7,-35],[74,-49],[14,81],[118,63],[-59,-108],[33,-65],[14,29],[23,-19],[-25,-12]],[[58653,12078],[53,3],[-26,-46]],[[58680,12035],[20,22],[20,-15],[-5,20],[42,-58],[1,95],[-27,40],[49,33],[16,-17],[20,65],[34,-30],[65,115],[79,-124],[-99,-243],[23,-149],[78,-82],[150,21],[-82,-169],[-94,-25],[-73,-77],[-46,-127],[16,-112],[103,-12],[-55,-41],[-24,-58],[11,-100],[-83,-50],[-374,12],[-200,-42],[-117,-133],[-142,-56],[-54,76],[-19,184],[-77,-21],[-35,48],[-56,-11],[-136,52],[-39,-15]],[[57570,11051],[-114,34],[-101,74],[-35,50],[19,35],[-45,39],[-103,-62],[-104,106],[-107,-24],[-117,34],[-35,-19],[21,53],[-118,69],[-194,-44],[-22,-47],[-45,-13],[-140,3],[-20,47],[-28,-9],[4,-29],[-210,78],[-161,2],[-168,54],[-114,-15],[-134,107],[-239,-13],[-117,66],[-125,18],[-134,-54],[-109,51],[-95,-60],[-161,-219],[-19,-106],[15,-34],[36,25],[12,-19],[-101,-23],[-15,67],[-12,-65],[68,-17],[93,47],[-86,-88],[20,-39],[144,-75],[-157,74],[-122,-109],[-67,-130],[12,-33],[-115,87],[-9,40],[-52,6],[-63,57],[-16,50],[33,57],[-44,18],[-7,43],[-26,-26],[-21,15],[16,45],[-31,33],[-47,-15],[-32,115],[-123,-7],[-59,36],[-63,89],[-31,-12],[-27,37],[46,3],[12,47],[-112,2],[-21,125],[-86,-23],[-105,65],[-164,135],[31,25],[-18,26]],[[53206,11911],[-107,-2],[753,-647],[497,-503],[-19,71],[17,-3],[80,-172],[73,6],[45,-45],[45,2],[14,58],[28,11],[-33,-47],[34,-28],[129,15],[-55,-44],[113,-228],[-21,-124],[-89,-75],[-77,-115],[-49,-146],[-123,-113],[-24,16],[-5,77],[39,97],[16,199],[-24,53],[74,223],[-18,54],[-376,440],[-338,333],[-610,536],[-350,267],[-873,563],[-213,102],[19,31],[-18,3],[-5,-44],[-10,30],[-248,115],[-165,-3],[-139,72],[-125,3],[-329,118],[-281,45],[-145,-78],[-15,-55],[-77,-69],[40,-20],[-118,-13]],[[50143,12877],[-48,155],[134,235],[-24,88],[48,65],[-183,142],[15,62],[190,208],[309,69],[92,97],[-20,21],[23,12],[-54,152],[-226,13],[-56,40],[-119,23],[-84,84],[-117,3],[34,37],[-7,30],[35,18]],[[50085,14431],[61,38],[49,184],[66,9],[36,66],[44,-22],[96,39],[35,42],[63,-17],[32,55],[52,-9],[34,48],[41,6],[51,-59],[19,44],[111,-14],[169,49],[20,-64],[105,38],[21,-17],[-1,49],[26,-17],[47,47],[78,142],[52,-23],[-19,-48],[134,-88],[56,24],[53,88],[161,8],[38,92],[58,-47],[245,36],[75,-35],[1,110],[64,-22],[37,54],[54,6],[10,35],[147,23],[160,144],[91,-57],[32,14],[-3,63],[41,-26],[128,-6],[6,-96],[85,16],[56,61],[15,98],[-48,27],[-11,94],[-69,128],[65,81],[16,150],[95,51],[-20,121],[-73,53],[-13,48],[35,-20],[43,86],[79,42],[-4,151],[33,55],[-44,78],[16,94],[-47,40],[67,76],[57,-66],[29,0],[98,96],[3,51],[48,-19],[59,-116],[54,27],[26,50],[69,34],[6,100],[-63,30],[4,39],[37,2],[-1,47],[107,-2],[-4,-81],[80,-32],[81,41],[-7,-20],[139,8],[123,-272],[-17,-45],[22,4],[116,-160],[-1,-68],[69,27],[27,-67],[21,15],[25,-31],[-16,-48],[44,-27],[59,54],[55,120],[-42,107],[169,53],[115,-163],[276,178],[342,96],[5,91],[-96,92],[-201,7],[-31,204],[50,66],[-21,37],[79,39],[73,164],[145,111],[72,111],[53,21],[-28,154],[-60,70],[-39,-9],[-42,86],[-6,116],[48,81],[92,17],[71,65]],[[71195,29606],[-31,63],[-31,-13],[21,-80],[-22,24],[-56,-100],[-71,-15],[8,-38],[-66,-141],[-87,18],[-27,89],[-151,-30],[-32,45],[-89,13],[-63,61],[-131,-95],[-74,34],[-97,-1],[-84,124],[-99,240],[-65,18],[76,122],[-49,118],[-36,18],[-95,-58],[-30,52],[-85,-24],[-20,-94],[-76,-15],[-45,-100],[-82,-4],[8,-68],[60,-54],[0,-47],[125,-198],[40,-26],[87,67],[234,-352],[4,-39],[-70,-35],[76,-63],[47,-145],[2,-109],[63,-83],[153,-87],[69,-91],[110,-15],[24,26],[97,-32],[39,-78],[105,60],[128,11],[20,-80],[99,-165],[80,56],[-17,-47],[57,12],[-3,-59],[51,11],[-5,-27],[37,-26],[-31,-33],[28,-82],[-94,-73],[-18,-97],[69,-94],[67,-34],[39,-123],[-48,-187],[18,5],[3,-39],[65,-9],[36,28],[93,6]],[[71453,27422],[-6,-51],[123,17],[51,-102],[-84,-114],[-55,38],[-16,-145],[-86,69],[-6,-32],[-32,-4],[23,-115],[-21,-9],[51,-50],[-74,-167],[45,-12],[-14,-36],[50,-266],[84,-231],[80,-35],[95,2]],[[71661,26179],[51,-225],[46,-45],[13,-80],[36,-21],[11,-186],[54,-72],[-10,-49],[-120,-131],[-4,-68],[-32,-48],[44,-64],[13,-77],[-29,-181],[22,-84],[57,-65],[-57,-124],[-2,-65]],[[68176,25352],[-56,15],[14,155],[-75,25],[-30,58],[-43,-3],[-25,47],[-24,-16],[-32,69],[-94,47],[-27,216],[146,81],[70,127],[-29,65],[-78,10],[-40,-39],[-83,50],[-8,87],[48,106],[-99,44],[-2,123],[10,38],[47,-13],[79,93],[-93,175],[-49,36],[50,-13],[5,36],[-33,-1],[17,25],[115,-18],[33,47],[19,-65],[-4,50],[41,35],[-80,119],[24,21],[40,-14],[63,106],[65,21],[138,-83],[149,2],[-56,81],[-122,39],[98,76],[61,-8],[-18,56],[-94,68],[-19,51],[72,190],[-27,46],[17,154],[-32,48],[-51,19],[-30,100],[-80,112],[-76,6],[-51,158],[-39,-27],[-41,97],[-96,15],[-88,68],[-78,21],[-96,-18],[-50,40],[-11,-110],[-47,-19],[-64,39],[-35,-20],[-87,38],[-143,-6],[-54,36],[-26,-32],[20,-164],[-132,-5],[-84,115],[-100,21],[-57,71],[-43,3],[-28,-28],[-16,113],[35,108],[-35,34],[25,60],[-26,42],[-207,20],[-79,80],[-57,3],[16,78],[-30,29]],[[66184,29114],[53,75],[-66,126],[18,40],[44,14],[17,62],[51,31],[-78,53],[-101,156],[-90,54],[103,68],[65,92],[78,-59],[90,-16],[144,-136],[68,-30],[45,15],[41,65],[59,-34],[24,46],[106,66],[-131,65],[-14,56],[18,12],[-39,63],[26,23],[-27,160],[14,57],[-41,89],[-74,32],[65,81],[11,79],[-14,22],[-55,-15],[-16,35],[-131,57],[20,55],[37,-2],[24,32],[-17,87],[32,159],[28,21],[-60,48],[-4,34],[36,6],[5,70],[35,-3],[23,37],[-18,25],[136,53],[66,195],[-42,19],[-173,-89],[-26,115],[-116,92],[90,172],[59,190],[220,323],[-39,11],[-28,81],[-115,-34],[-28,37],[-97,-45],[-69,139],[-61,-44],[-80,68],[-54,-18]],[[66231,32452],[-141,59],[-22,45],[33,142],[94,201],[76,46],[98,-3],[56,53],[112,15],[58,98],[44,-12],[85,70],[80,-46],[114,94],[80,-45],[28,12],[14,28],[-32,70],[-109,51],[139,32],[118,-62],[56,-3],[20,30],[77,-3],[99,-53],[96,46],[49,-28],[61,117],[79,43],[103,-86],[-38,-39],[1,-48],[44,-39],[-23,-12],[23,-67],[50,6],[-37,-21],[52,-109],[15,-164],[213,-331],[140,156],[61,-48],[49,24],[55,155]],[[71710,41880],[3,2]],[[72410,40952],[-2,-129],[73,-91],[-21,-38],[-60,6],[-27,-45],[38,-112],[116,-49],[-15,-68],[22,-77],[-30,-97],[-47,-16],[-31,-83],[43,-49],[158,-47],[113,-131],[43,2],[130,-76],[35,11],[19,-47],[-63,-95],[-1,-110],[81,-109],[23,-69],[-19,-77],[71,-91],[-99,-87],[-152,-320],[-15,-47],[83,-50],[-150,-83],[-188,-188],[-143,-59],[-28,-98],[39,-20],[-150,-113],[-56,-151],[-61,-47],[-76,38],[-17,-51],[-101,9],[-14,-46],[-131,26],[-17,-39],[-66,33],[-15,-26],[65,-83],[-96,-105],[7,-104],[188,-177],[-53,-113],[146,-30],[12,-240]],[[69859,35111],[-54,87],[-46,240],[24,123],[-82,135],[-33,114],[-84,72],[-211,90],[-72,-42],[-90,9],[-107,-65],[-33,180],[-55,-21],[-14,211],[-54,130],[28,196],[-106,322],[222,214],[1,36],[60,66],[-2,169],[-45,215],[-75,119],[-262,169],[-98,269],[-186,49],[-105,98],[-102,-36],[-30,-39],[-16,15],[32,373],[105,1],[55,142],[38,20],[-131,75],[-221,45],[-16,174],[44,92]],[[68138,39158],[102,160],[30,-17],[34,32],[-19,150],[-29,37],[-88,27],[-1,28],[29,19],[-18,29],[17,26],[111,13],[25,100],[-31,53],[26,24],[-1,102],[-30,32],[95,69],[33,130],[65,14],[31,-61],[56,-4],[28,-50],[27,21],[-1,-36],[40,20],[10,-31],[43,-10],[37,24],[31,-35],[41,12],[21,-37],[66,7],[32,50],[186,-85],[7,28],[106,42],[77,-74],[45,12],[42,-48],[44,18],[30,66],[75,14],[110,86],[97,-14],[18,41]],[[66231,32452],[-63,-125],[-53,-34],[-26,-114],[-85,-5],[-112,-72],[-63,18],[-108,-172],[-128,-8],[-50,-62],[-293,61],[-105,74],[-65,-9],[-105,-73],[-81,30],[-94,-7],[-24,-41],[-46,151],[57,51],[-21,25],[12,72],[55,89],[-65,81],[52,10],[3,43],[-54,100],[-8,84],[-79,23],[23,45],[-51,178],[-136,132],[49,92],[-3,101],[48,10],[19,67],[-60,13],[83,118],[-17,30],[-165,-3],[-28,100],[117,87],[183,5],[136,80],[209,-32],[-7,50],[-98,145],[-148,127],[-198,321],[-80,77],[17,32],[-47,34],[-5,52],[-47,31],[-15,65],[-110,163]],[[64351,34762],[4,85],[76,116],[41,-6],[44,137],[260,17],[21,6],[1,57],[163,3],[66,27],[-52,275],[-124,88],[-16,49],[38,37],[-51,18],[-56,148],[82,-8],[75,-42],[6,84],[103,103],[147,12],[47,42],[-5,32]],[[65221,36042],[133,128],[20,70],[-48,108],[-23,201],[-89,51],[42,116],[174,260],[-327,97],[-166,102],[63,135],[215,137],[70,4],[39,44],[92,-12],[111,62],[54,-27],[48,48],[102,30],[2,64],[23,12],[-259,534]],[[65497,38206],[98,-23],[8,18],[49,-63],[129,51],[57,58],[77,4],[40,-41],[97,76],[36,155],[45,58],[41,27],[34,-11],[24,56],[174,63],[42,40],[-10,37],[24,37],[48,18],[17,37],[133,-42],[4,-59],[60,-30],[19,-62],[88,-18],[3,53],[91,74],[43,84],[-7,105],[-18,19],[-50,-15],[-15,35],[155,199],[187,91],[43,89],[87,-23],[58,36],[45,-27],[62,36],[38,73],[78,-21],[57,25],[52,-33],[38,-113],[224,-79],[48,14],[12,-30],[47,21],[29,-47]],[[47760,65954],[-2,-56],[-19,50]],[[47739,65948],[21,6]],[[47776,65963],[-11,-6]],[[47765,65957],[11,6]],[[45848,67822],[5,-18],[-24,33],[19,-15]],[[47164,75677],[9,-23],[-28,44],[19,-21]],[[49175,77340],[0,25]],[[49175,77365],[0,-25]],[[53352,75165],[-184,112],[-276,20],[-124,-23],[-54,24],[-22,-78],[-99,-68],[-97,-147],[-27,-4],[-28,44],[-131,-65],[101,-218],[-140,-42],[-14,36],[-64,17],[-129,-18],[-104,84],[-23,53],[-65,20],[-47,-94],[-93,6],[-55,-42],[-87,27],[-143,-54],[-162,133],[-37,-37],[-32,40],[-33,-34],[-78,132],[-153,-12],[-65,57],[-88,-62],[9,-68],[-83,-78],[-81,-32],[-147,9],[26,-134],[-146,-58],[12,-48],[-77,-72],[-56,-124],[32,-12],[-95,-69],[-25,-55],[-61,-3],[-91,-78],[-23,25],[-40,-48],[-41,18],[-92,-32],[-37,-93],[26,-60],[-65,-88],[-14,-12],[-28,41],[-27,-103],[-222,-112],[39,-28],[2,-89],[86,-53],[-3,-27],[136,-18],[114,-192],[-24,-6],[29,-17],[-16,-49],[-56,-50],[13,-85],[-42,-111],[20,-55],[-31,-25],[-239,-15],[-359,99],[-86,-68],[-73,-4],[-47,-139],[148,-18],[139,-77],[-79,-103],[-51,-24],[-31,-68],[-122,-50],[-46,-93],[-20,-204],[41,-327],[-25,-76],[42,-24],[6,-44],[81,-31],[85,52],[54,-22],[60,30],[94,-6],[46,-29],[43,-143],[102,-2],[99,-48],[36,-63],[-78,-94],[-183,-124],[88,-96],[77,7],[-92,-122],[106,-80],[-33,-41],[33,-166],[-74,-104],[-6,-161],[92,-73],[-15,-160],[50,-116],[-19,-92],[-253,-80],[-53,8],[-22,-76],[-98,18],[-125,-46],[-49,-68],[-58,-14],[-83,-183],[-103,32],[-55,-111],[28,-77],[-60,-20],[-113,65],[-37,93],[-81,-34],[-38,-86],[-56,-62],[-59,-8],[-36,-60],[7,-95],[46,-12],[22,-73],[6,-111],[-21,-14],[29,-54],[185,-127],[64,-6],[41,90],[31,-57],[46,-19],[10,-62],[-19,-55],[-181,-75],[-197,-38],[-101,-113],[-15,-162],[-79,-61],[21,-41],[-17,-103],[-71,-107],[-61,-182],[13,-28],[-110,-21],[-47,-96],[-54,-24],[1,-136],[-103,-58],[-103,-131],[21,-95],[75,-38],[-63,-362],[42,-109],[43,-30],[4,-51]],[[47678,66597],[31,-36],[-16,-77]],[[47693,66484],[-9,-27]],[[47684,66457],[-3,-29],[8,-38],[-2,29],[17,-11],[-30,-46]],[[47674,66362],[-14,-16]],[[47660,66346],[-29,-25],[28,3],[-2,-27]],[[47657,66297],[1,-5]],[[47658,66292],[67,-65],[-7,-39],[-37,-9]],[[47681,66179],[-4,9]],[[47677,66188],[4,-9]],[[47681,66179],[-34,3],[5,-23],[-32,3],[-7,-22],[-32,9],[5,-18],[38,7],[-4,21],[32,-4],[3,25],[40,-61],[-4,37],[9,-16],[-8,-68],[16,44],[14,-40],[-27,-54],[22,36]],[[47717,66058],[-13,-68]],[[47704,65990],[1,-3]],[[47705,65987],[1,-3]],[[47706,65984],[-13,-36],[14,35]],[[47707,65983],[17,-26]],[[47724,65957],[-12,-24],[14,21]],[[47726,65954],[6,-4]],[[47732,65950],[-13,-16],[16,14]],[[47735,65948],[2,0]],[[47737,65948],[3,-15]],[[47740,65933],[-6,-69],[-6,33]],[[47728,65897],[-3,-6]],[[47725,65891],[-7,-8]],[[47718,65883],[-4,23],[-13,-29],[14,38],[-33,32],[15,-22],[-38,8],[38,-11],[0,-36],[-18,32],[7,-32],[-11,23],[-16,-18],[30,-17],[-45,-3],[12,125],[-21,-99],[-14,10],[-13,-4],[1,15],[-6,6],[-15,-8],[15,32],[-24,-18],[8,-15],[18,6],[-11,-23],[3,-7],[-26,33],[-18,-12],[46,-24],[2,18],[6,-6],[22,-3],[-12,-33],[30,-6],[-30,-5],[84,-20],[-65,2],[37,-6]],[[47673,65829],[0,-5]],[[47673,65824],[-38,-1],[62,-5],[-24,-13]],[[47673,65805],[-24,1]],[[47649,65806],[24,-1]],[[47673,65805],[17,1],[-55,-9],[39,-9],[-6,-24],[-35,23],[19,-38],[-34,21],[10,-24],[-29,-15],[11,28],[-17,-18],[14,23],[-23,0],[20,12],[-31,-9],[16,-21],[-18,19],[11,19],[31,-2],[-29,6],[19,6],[18,44],[-22,-42],[9,45],[-15,-2],[-7,11],[12,14],[-41,33],[16,-41]],[[47573,65856],[21,9],[-12,-15],[8,-11],[15,-4],[-41,7],[18,-30],[-8,17]],[[47574,65829],[18,-23],[-42,-12],[2,-26]],[[47552,65768],[5,-4]],[[47557,65764],[2,-3]],[[47559,65761],[-5,-3]],[[47559,65761],[-7,-24],[-10,31],[7,-34],[-24,6],[13,16]],[[47538,65756],[-10,20],[37,33],[-35,-10],[12,21],[0,6],[-14,6],[9,9],[-13,17],[-3,-28],[-18,20],[17,-21],[21,-5],[-10,-1],[-8,-12],[-31,37],[43,-61],[-38,19]],[[47497,65806],[17,-28],[-30,24],[-3,-20],[38,-17],[-7,-48],[-14,41]],[[47498,65758],[-3,-11]],[[47495,65747],[-7,-55],[-25,-13],[20,22],[-1,39],[-27,-3],[2,18],[7,-5],[6,0],[3,6],[7,-1],[1,3],[-4,9],[-8,-8],[-9,9],[17,25],[0,1],[-8,3],[7,-3],[-11,-16],[10,61],[-18,-58]],[[47457,65781],[-9,4]],[[47448,65785],[9,-4]],[[47457,65781],[4,-6],[5,3],[-7,-10],[6,-7],[4,-3],[7,6],[3,-3],[0,-5],[-9,2],[-1,-8],[-12,6],[-2,-1],[-4,-17],[22,-27],[-12,-3]],[[47461,65708],[3,-4],[-15,-25],[0,11],[-2,-11],[4,52],[-10,-41],[5,-11],[4,-4],[-14,4],[5,22],[-6,-22],[8,76],[-12,-57],[0,-17],[9,-11]],[[47440,65670],[15,-13],[-28,13],[-5,-37],[-21,-2],[9,12],[-57,-27]],[[47353,65616],[28,-4],[16,18],[25,-11],[-20,0]],[[47402,65619],[8,-3],[14,3],[2,-15],[-27,0]],[[47399,65604],[-4,0]],[[47395,65604],[-2,0]],[[47395,65604],[4,0]],[[47399,65604],[17,-11],[14,16],[18,-35],[-14,68]],[[47434,65642],[46,12],[5,-92],[94,-97],[-51,-33],[-80,-142],[-19,17],[-111,-36],[-113,105],[-49,-6],[1,27],[-10,-75],[-85,-55],[88,38],[-25,-33],[38,9],[-35,-30],[69,33],[54,-7],[-114,-41],[-232,12],[-73,42],[-60,91],[-298,517],[-257,341],[-236,461],[-15,135],[46,49],[14,123],[-80,354],[15,156],[117,169],[-11,-193],[97,-36],[-14,-35],[23,-25],[-21,27],[82,103],[4,-44]],[[46238,67483],[0,44],[43,10],[2,60],[24,5],[-29,12],[33,65],[79,-2],[14,22],[-10,-13],[6,47],[-4,32],[10,1],[13,-34],[20,6],[21,28],[-11,22],[62,12],[2,12],[-17,6],[63,41],[-13,22],[23,-1],[7,39],[-10,-38],[-22,3],[13,-25],[-62,-40],[0,-9],[17,0],[-2,-9],[-60,-10],[-4,-8],[11,-14],[-20,-28],[-16,-6],[-10,33],[-14,3],[-6,-11],[-5,-80],[-79,6],[-52,-128],[-91,-34],[-23,16],[21,-16],[-36,-25],[-22,50],[16,109],[-57,69],[3,67],[76,65],[39,73]],[[46181,67932],[-52,-69],[-55,20],[-3,-34],[-15,38],[-33,2],[48,-50],[-19,6],[10,-45],[-27,-14],[-67,42],[-37,-12],[-15,-43],[-22,0],[-12,16]],[[45882,67789],[14,-12],[-64,63],[29,58],[-11,-17],[-6,29],[9,0],[-10,9],[2,1],[1,2],[-1,10],[-3,-12],[7,-9],[-34,24],[-22,43],[55,68],[36,-15],[-5,12],[-15,3],[18,9],[13,33],[-33,-38],[2,-7],[13,-2],[4,-9],[-33,17],[-61,-41],[-3,-39],[35,-73],[-24,-41],[22,-60],[58,-45],[137,-18],[-26,-2],[20,-71],[-98,-95],[-48,26],[-339,477],[-28,166],[-254,348],[22,17],[-91,107],[62,-96],[-19,12],[-296,401],[-190,198],[-261,458],[-130,132],[-102,-2],[-66,169],[-56,44],[-47,106],[3,89],[222,111],[65,112],[61,303],[29,-48],[28,38],[-29,12],[41,-11],[7,109],[88,190],[-23,284],[107,181],[-6,149],[10,-10],[38,3]],[[44706,71639],[-20,1],[-22,94],[-45,425],[-35,85],[158,-91],[42,0],[-64,26],[38,-6],[59,36],[80,-42],[-61,47],[-41,1],[-66,-35],[-73,43],[68,66],[25,107],[119,174],[188,179],[61,104],[67,206],[8,173],[57,-25],[0,-28],[7,23],[16,-14],[-14,-66],[71,21],[13,15],[-83,-33],[17,69],[-58,35],[58,-6],[63,125],[289,228],[216,276],[45,337],[-55,314],[252,635],[80,352],[14,22],[37,-12],[-28,20],[98,84],[173,252],[188,121],[87,-7],[-133,-83],[-6,-5],[2,-12],[-33,-9],[-4,-12],[-2,0],[0,9],[-5,3],[-28,-11]],[[46526,75850],[-8,-16]],[[46518,75834],[-6,-9]],[[46512,75825],[3,-6]],[[46515,75819],[8,-6]],[[46523,75813],[9,-9]],[[46532,75804],[5,4]],[[46537,75808],[4,-4]],[[46541,75804],[-10,-9]],[[46531,75795],[-8,0]],[[46523,75795],[-3,-19]],[[46523,75795],[8,0]],[[46531,75795],[10,9]],[[46537,75808],[-5,-4]],[[46532,75804],[-9,9]],[[46523,75813],[-8,6]],[[46515,75819],[-3,6]],[[46512,75825],[6,9]],[[46518,75834],[8,16]],[[46526,75850],[30,8],[0,-9],[8,-11],[13,-7],[0,-24],[22,16]],[[46599,75823],[-2,-6]],[[46597,75817],[5,-1]],[[46602,75816],[-5,1]],[[46597,75817],[2,6]],[[46599,75823],[-34,18],[2,20],[43,0],[-11,18],[7,6],[16,-10],[2,13],[-8,-71],[59,-4],[-5,-43],[3,3],[5,-7],[8,0],[11,9],[11,-5],[-38,-25],[-3,13],[1,-22],[16,-18],[-13,25],[39,26],[98,-11],[-111,18],[-16,-9],[-6,8],[10,23],[-8,18],[-60,6],[30,45],[-13,-20],[69,-39],[-45,29]],[[46658,75837],[-21,63],[78,-66],[-62,66],[32,-18],[-18,27],[18,9],[57,-78],[-16,-35],[15,30],[51,-19]],[[46792,75816],[-16,16],[51,-15],[-11,-33],[31,35],[55,-5],[-28,-18],[67,9],[41,-51],[45,4],[52,-42],[-18,5],[-2,-6],[-12,-11],[-19,11],[14,-16]],[[47042,75699],[18,16],[1,4],[38,-27],[-11,-24],[-8,15],[-4,0],[-3,-26],[6,26],[7,-23],[9,-10],[-1,-29],[1,24],[37,-38],[-44,53],[16,26],[98,-66],[-53,-138],[16,9],[33,-80],[-26,-45],[-33,-3],[-16,20],[-12,0],[-28,-25],[-15,-18],[19,-34],[102,-32],[-96,30],[-21,35],[45,42],[9,-17],[40,-6],[49,43],[-37,89],[46,40]],[[47224,75530],[6,-7]],[[47230,75523],[3,-17]],[[47233,75506],[-3,17]],[[47224,75530],[-37,-13],[63,131],[-45,38],[19,17],[-38,92],[27,-55]],[[47213,75740],[-22,74],[-35,8],[5,39],[124,-8],[-28,-6]],[[47257,75847],[8,-30]],[[47265,75817],[-8,-10]],[[47257,75807],[8,10]],[[47265,75817],[110,91],[-15,-35],[-11,-15],[-8,-2],[-3,-7],[7,-35],[8,8]],[[47353,75822],[-8,-6],[-4,37],[22,3],[6,38],[53,47],[18,-18],[-16,19],[20,3],[26,97],[10,-26],[-22,-21],[15,-4],[-15,-14],[4,-32],[-2,34],[29,13],[-23,8],[17,16],[-3,32],[-21,0],[-2,-23],[-24,22],[7,81],[53,30],[47,-62]],[[47540,76096],[-23,41],[113,-15],[118,-113],[60,41],[33,-14],[76,65],[-14,24],[36,-20],[54,47],[4,-30],[42,-6],[-8,-15],[-8,-5],[-18,14],[-17,-24],[27,-20],[-21,-78],[9,-3],[20,22],[31,-43],[-42,-2],[40,-33],[-6,-45],[-34,-11],[1,-3],[13,-12],[8,-21],[40,24],[-38,-23],[-10,21],[-13,13],[34,10],[6,47],[-40,33],[42,2],[-32,45],[-27,-21],[20,78],[-26,20],[15,21],[16,-11],[10,3],[9,18],[-41,7],[1,34],[-63,-51],[-34,21],[-4,-14],[15,-10],[-77,-63],[-36,21],[-60,-46],[-18,56],[-41,0],[-11,18],[29,6],[-40,-1],[-30,59],[-96,4],[-39,32],[-104,-50],[-103,-164],[-109,86],[-115,31],[-20,41],[-27,-13],[-90,83],[-16,54],[265,351],[174,22],[-31,-89],[36,37],[-3,53],[191,32],[105,75],[-6,44],[19,-44],[-7,29],[35,-12],[134,45],[211,-60],[77,-126],[195,-66],[14,-77],[36,-13],[-40,42],[110,-86],[177,-11],[37,-28]],[[48640,76376],[163,28],[-20,9],[51,49],[100,34],[9,-65],[-2,61]],[[48941,76492],[162,92],[28,77],[137,16],[-20,-24]],[[49248,76653],[-8,3]],[[49240,76656],[8,-3]],[[49248,76653],[23,21],[97,-25],[-21,-55],[23,56],[199,41],[44,-20],[19,-63]],[[49632,76608],[2,-12]],[[49634,76596],[24,-41],[-28,-112],[60,86],[27,-6],[-43,28],[-65,141],[-62,16],[-218,-34],[-52,40],[0,9],[-29,63],[-24,35],[22,-3],[-19,9],[-22,-8],[20,0],[49,-98],[-41,14],[-26,56]],[[49207,76791],[17,-50],[-78,-8]],[[49146,76733],[15,9],[-40,-21],[-26,50],[24,-53],[-52,6],[7,-24],[-68,-15],[-44,42],[53,30],[-60,-21]],[[48955,76736],[-26,-21],[28,15],[5,-47],[85,-25],[-99,-74],[-23,19],[-38,-4],[4,-32],[-35,12]],[[48856,76579],[-35,36],[29,-43],[-27,-6],[-33,45],[25,-59],[-28,-35],[-31,38],[3,-71],[-39,-19],[-74,24],[-64,157],[99,-50],[-70,57],[68,41],[-79,-20],[-35,76],[66,51],[94,-128],[116,6],[-146,51],[-41,41],[-3,54],[18,17],[33,-29],[68,-98],[-31,63],[30,8],[-30,-2],[-38,67],[65,7],[80,77],[36,-9],[50,40],[0,77],[134,60],[17,33],[-38,-23],[44,96],[52,52],[118,-21],[-19,-96],[21,15],[5,-36],[48,-17],[-6,-76],[48,-46],[248,119],[-276,-83],[-11,20],[40,37],[-73,89],[2,59],[-31,65],[7,-18],[-40,30],[-25,-10],[-18,28],[-4,42],[29,17]],[[49204,77379],[90,88],[-23,95],[17,45],[-33,-14],[-7,40],[89,105],[-27,48],[20,46],[30,-11],[57,41],[-36,80],[74,100],[-55,51],[-23,-15],[-47,33],[14,39],[-45,17],[2,39],[-64,21],[-24,-23],[22,83],[68,44],[137,-6],[607,-90],[28,80],[167,75],[-58,70],[34,86],[150,33],[62,104],[39,-29],[120,12],[32,151],[84,-6],[-22,27],[35,55],[-35,28],[82,6],[50,77],[5,91],[107,30]],[[50927,79125],[56,3],[18,39],[49,12],[-17,38],[24,35],[23,21],[26,-17],[-28,83],[77,-15],[44,50],[8,33],[-57,83],[67,88],[112,-32],[246,85],[87,113],[252,134],[120,136],[256,90],[121,239]],[[48164,63340],[-37,19],[25,45],[12,-64]],[[47347,64549],[8,-57],[15,15],[12,-26]],[[47382,64481],[-16,-9],[10,-41],[-9,41],[25,0]],[[47392,64472],[41,-36],[-31,5],[6,-20],[21,9],[11,-24],[-30,7],[29,-22],[-50,22],[17,-24],[38,0],[33,-89],[0,-149],[44,-82],[25,-155],[-15,-33],[-79,15]],[[47452,63896],[15,-27]],[[47467,63869],[38,12],[-47,-15],[16,-28],[26,25],[-12,-41],[29,16],[-11,31],[8,-18],[22,19],[-17,-23],[25,25],[-24,-35],[29,9],[-38,-20]],[[47511,63826],[-7,-3]],[[47504,63823],[-3,-3]],[[47501,63820],[3,3]],[[47504,63823],[7,3]],[[47511,63826],[37,12],[-53,-24],[44,-13]],[[47539,63801],[-16,-11],[34,3],[0,-39],[32,-14],[-20,-9],[34,-18],[-21,-9],[79,30],[8,-37],[-37,-29],[56,-6],[51,-47],[-48,-44],[-28,6],[28,-7],[-3,-89],[30,-70],[116,-27],[42,-199],[83,-50],[153,100],[40,-106],[11,47],[-23,36],[23,21],[19,-16],[-22,-106],[-197,-42],[-126,51],[-327,518],[-189,383],[-70,522],[45,92],[156,65],[9,-33],[-104,-38],[-10,-80]],[[49324,65026],[1,-23],[-14,49],[13,-26]],[[49359,65569],[17,15]],[[49376,65584],[10,19]],[[49386,65603],[5,6]],[[49391,65609],[-8,-56],[-47,-47],[23,63]],[[47735,65948],[2,0]],[[47726,65954],[6,-4]],[[47739,65948],[-15,9]],[[47707,65983],[35,-32],[18,3]],[[47705,65987],[1,-3]],[[47765,65957],[-33,39],[22,-36],[-10,-7],[-40,37]],[[47717,66058],[10,15],[19,-42],[-21,-15],[26,17],[25,-70]],[[47657,66297],[1,-5]],[[47674,66362],[-14,-16]],[[47693,66484],[-9,-27]],[[56980,69315],[-4,44],[-61,7],[-103,-190],[-408,-12],[-122,56],[-162,-71],[22,-65],[-51,-30],[-115,-38],[-75,14],[8,-118],[-101,-79],[-41,-98],[24,-342],[120,-98],[-32,-53],[29,-44],[-47,-110],[-172,-9],[-80,-124],[-163,-128],[-142,-71],[-61,18],[70,-88],[210,-149],[10,-83],[57,-41],[71,-6],[18,-56],[73,-57],[-46,-161],[-70,-38],[23,-65],[-34,-90],[34,-28],[-34,-81],[62,-97],[-77,-113],[92,-142],[-89,-436],[-24,8],[-82,-65],[-92,3],[-125,181],[-88,-24],[-6,-122],[-209,-11],[-77,-219],[-57,27],[-205,-57],[-53,42],[-172,15]],[[54423,65821],[12,195],[-352,-302],[-180,-48],[-270,-243],[-223,-71],[-81,11],[-15,-28],[-75,25],[-90,-26],[-169,18],[-131,97],[-68,-222],[-49,-64],[-150,-96],[-19,-86],[-35,-26],[6,-83],[-36,-39],[-72,53],[-43,-21],[-138,9],[-245,77],[18,227],[-125,44],[-6,30],[-166,-45],[-272,177],[-151,-120],[25,-80],[-19,-36],[-116,-46],[-80,-73]],[[51108,65029],[-109,94],[-116,31],[-10,124],[29,42],[71,-12],[-16,14],[27,28],[140,93],[6,54],[69,-33],[-46,30],[39,-15],[5,-11],[8,-4],[10,1]],[[51215,65465],[23,-3]],[[51238,65462],[-23,3]],[[51215,65465],[-17,3],[32,9],[2,24],[-3,-24],[-34,2],[32,10],[31,77],[81,56],[-8,-24],[44,103],[121,81],[23,44],[47,-8],[-52,14],[28,33],[-43,-38],[-7,-37],[-41,22],[-2,-57],[-54,-33],[56,110],[16,125]],[[51467,65957],[4,86],[-32,68],[-42,17],[-77,-26],[-5,44],[32,31],[77,-12],[36,56],[37,-12],[-37,17],[-30,-49],[-31,-1],[-49,74],[-23,13],[-17,-3],[1,9],[27,19],[-7,45],[5,-45],[-26,-17],[-1,-9],[3,-3],[15,3],[20,-12],[28,-57],[-62,-29],[2,-76],[41,-9],[55,38],[21,-50]],[[51432,66067],[17,-21],[-51,-210],[-66,-74],[26,6],[3,-28],[-71,-94],[-178,-63],[69,134],[74,11],[-78,-11],[-100,-191],[48,182],[-57,-205],[-239,-47],[-6,20],[56,31],[-57,-31],[17,-70],[-27,74],[22,-66],[-23,39],[-29,-3],[-98,-69]],[[50684,65381],[-8,6]],[[50676,65387],[8,-6]],[[50684,65381],[-6,-41],[-83,-35],[-7,-48],[-43,3],[43,-53],[-21,-74],[25,21],[4,-19],[-60,-32],[-22,32],[-42,-14],[1,-21],[19,24],[9,-30],[72,-26],[-70,-27],[-28,-86],[-43,-3],[-66,-62],[88,41],[35,-44],[-36,-28],[12,-25],[-61,-16],[-65,-150],[-67,29],[-1,-32],[-53,17],[-96,-30],[-85,59],[-59,-31],[-1,32],[-118,-10],[-113,45],[45,24],[-69,-21]],[[49722,64750],[-38,-14],[-25,79],[19,127],[36,-49],[-33,55],[31,28],[-5,38],[37,-44],[-3,103],[-24,10],[59,26],[-57,-14]],[[49719,65095],[18,-3],[-19,-4],[-3,-6],[25,-9],[-2,-73],[-24,26]],[[49714,65026],[7,18]],[[49721,65044],[-32,3],[25,-21]],[[49714,65026],[-22,6]],[[49692,65032],[13,-17],[-30,-18],[-23,56],[18,-53],[-44,-1],[-31,45],[44,77],[-47,-51],[-15,38],[27,7]],[[49604,65115],[2,5]],[[49606,65120],[-2,-5]],[[49604,65115],[-26,-6],[19,50],[-21,-50],[-19,54],[-29,3],[11,-16],[-34,34],[-1,64]],[[49504,65248],[-2,4]],[[49502,65252],[-6,-1]],[[49496,65251],[0,4]],[[49496,65255],[0,5]],[[49496,65260],[0,-5]],[[49496,65255],[0,-4]],[[49496,65251],[6,1]],[[49502,65252],[2,-4]],[[49504,65248],[-3,-48],[-43,49]],[[49458,65249],[-2,55],[-18,-35],[-12,57],[-84,52],[140,-85],[-104,70],[76,19],[28,51],[32,-10],[16,3],[-25,3],[28,15],[22,33],[-1,44],[-67,78],[-8,112],[-13,-26],[-26,25],[-2,86],[-11,-59],[-41,124],[6,-20],[-56,-9],[3,19],[-12,-27],[-51,-1],[-21,98],[46,59],[81,36],[10,63],[38,-36],[-29,-33],[16,-35],[19,3],[23,47],[98,-4],[4,52],[-7,-49],[-96,7],[-31,-48],[-21,21],[37,42],[-33,59],[25,8],[2,10],[-21,94],[50,51],[11,-5],[18,13],[22,33],[29,15],[15,19],[35,62],[15,55],[-14,-50],[-47,-79],[-30,-16],[-39,-49],[-14,5],[-52,-53],[16,-99],[-23,-2],[-2,-17],[-36,-13],[-13,-63],[-80,7],[-17,26],[15,-27],[-37,-100],[-14,29],[-8,-224],[22,-51],[43,23],[24,-22]],[[49305,65685],[72,-37],[14,-39]],[[49391,65609],[-5,-6]],[[49386,65603],[-10,-19]],[[49376,65584],[-17,-15]],[[49359,65569],[-34,-34],[14,-52],[-48,-74],[-46,18],[-30,-25],[-2,-159],[-57,-18],[35,-1],[-53,-101],[-14,87],[7,-116],[36,-101],[-20,-148],[-84,-44],[-63,-74],[-86,-265],[-116,-130],[-38,-125],[-139,-109],[-96,-157],[-292,-285],[-27,-14],[-10,24],[-30,-31],[183,-219],[-22,56],[21,-12],[10,-82],[-182,224],[-23,-25],[8,-65],[-43,19],[27,25],[10,101],[-116,109],[-8,32],[31,31],[-87,144],[-181,-92],[-47,-50],[-1,-74],[-13,54],[-41,5],[-51,92]],[[47641,63908],[-62,63],[-51,219],[7,273],[64,273],[-46,46],[19,16],[-84,-60],[-71,166],[27,65],[72,27],[143,-8],[60,24],[54,67],[17,110],[-69,45],[73,-33],[-28,20],[31,-3],[-12,18],[-28,-6],[62,187],[-2,127],[40,-3],[36,39],[44,175],[73,134],[5,35],[17,-6],[17,23],[1,7],[-18,15],[71,41],[-10,27],[9,-27],[-72,-41],[16,-18],[-15,-23],[-13,34],[-16,-38],[-5,21],[-5,-45],[-5,37],[-2,-76],[-9,-7],[-12,44],[-4,-37],[-57,179],[-33,36],[-22,-9],[-36,76],[18,95],[-11,-55],[-38,94],[-110,26],[43,99],[-17,58],[16,105],[-9,14],[21,16],[7,46],[-18,21],[10,-65],[-21,-18],[-25,24]],[[66874,57846],[18,-17]],[[67506,58629],[-104,106],[-23,57],[12,65],[-101,6],[-35,62],[-170,-137],[-43,0],[-65,74],[43,78],[60,3],[2,41],[-23,38],[-356,138],[-1,34],[157,33],[-7,214],[46,101],[-168,52],[-74,72],[-85,17],[-39,40],[75,156],[-9,48],[-107,-63],[-89,72],[-54,14],[-117,-11],[-72,-56],[-21,21],[-42,132],[56,3],[25,22],[6,73],[35,44],[15,52],[-5,18],[-48,31],[-29,40],[1,38],[69,32],[113,127],[53,19],[45,121]],[[69086,70837],[-4,-6]],[[70563,69487],[44,15],[-20,57],[64,-9],[20,33],[1,61],[16,15],[29,-8],[-30,11],[14,36],[-34,69],[34,37],[-20,37],[23,-37],[146,-44],[37,24],[31,-81],[142,-62],[106,-224],[127,-84],[81,-122],[104,-67],[-7,-86],[-80,-69],[-12,-47],[26,-160],[60,-101],[164,-130],[117,0],[109,-130],[60,-30],[75,-127],[118,-244],[31,-210],[62,-28],[52,-92],[6,-157],[81,-16],[23,-95],[32,-21],[-36,-116],[35,-48],[-3,-150],[87,-81],[-24,-85],[26,-92],[95,-83],[68,41],[37,-39],[3,-35],[-24,-53],[-20,-13],[26,31],[-30,-18],[22,23],[-43,0],[18,-21],[-35,4],[-27,-49],[5,-74],[46,-82],[67,-77],[64,-21],[11,-48],[79,-80],[-30,-71],[58,-74],[124,-57],[86,28],[41,-68],[170,-86],[21,-57],[182,-56],[235,-127],[-106,11],[-52,-98],[-18,-119],[72,-245],[122,-161],[158,-141],[160,-101],[129,-33]],[[66342,60526],[-123,-133],[-68,-28],[-4,-49],[33,-45],[44,-27],[3,-33],[-49,-76],[-9,-78],[-27,-12],[-20,21],[-17,6],[-14,-3],[-12,-14],[-31,-74],[-36,3],[-10,153],[-69,-15],[-51,42],[-71,-73],[-63,139],[-41,2],[-31,-24],[-17,-73],[-75,67],[-129,6],[127,-9],[77,-67],[31,86],[59,9],[59,-139],[74,68],[55,-37],[63,15],[10,-153],[15,-7],[34,9],[28,78],[17,8],[23,-11],[-32,-13],[-8,-18],[51,-142],[19,-9],[91,62],[134,1],[108,-83],[106,63],[0,-46],[-71,-121],[10,-48],[37,-31],[87,-19],[58,-62],[77,-38],[96,-18],[-46,-99],[11,-204],[-170,-33],[-13,-26],[267,-134],[113,-21],[26,-64],[-70,-13],[-38,-92],[84,-79],[119,62],[83,75],[17,-45],[111,-21],[-15,-50],[58,-116],[160,-101],[21,-163],[78,-5],[144,-61],[216,15],[-5,-62],[55,-43],[19,-63],[-18,-60],[-156,25],[-181,-93],[-119,35],[-35,-111],[32,-39],[-42,-22],[1,-40],[-60,20],[32,35],[-18,36],[-113,-27],[-25,-40],[30,-83],[-125,8],[-58,23],[-51,-55],[-128,41],[-111,-24],[-42,-38],[-19,32],[-40,38],[-70,-26],[-3,69],[-67,80],[-18,-1],[-45,-38],[-29,71],[-30,5],[-46,-16],[-3,43],[-31,59],[4,34],[-86,-65],[-11,49],[-78,-23],[48,71],[-53,-9],[-43,69],[-62,-51],[-3,44],[-36,57],[33,-60],[-3,-39],[18,-13],[55,56],[37,-66],[53,7],[-47,-69],[74,23],[15,-49],[82,62],[0,-34],[30,-55],[1,-41],[13,-7],[39,18],[27,-3],[31,-72]],[[66841,57211],[-40,-70],[-113,-39],[-164,42],[-274,-89],[-50,14],[-64,-56],[-1,-125],[-52,-30],[-95,89],[-34,1],[-48,68],[-300,-110],[-181,110],[-10,-33],[-41,15],[-34,-80],[17,-189],[-134,-46]],[[65223,56683],[-89,203],[-95,100],[-15,54],[2,64],[56,9],[-21,30],[37,60],[-47,94],[0,74],[31,74],[42,25],[-3,290],[398,36],[3,88],[-173,96],[12,62],[-24,49],[-57,-68],[-28,75],[-163,-48],[-85,3],[-95,45],[-31,151],[-50,24],[-126,184],[-88,45]],[[64614,58502],[-70,43],[-48,-12],[28,184],[152,-6],[-15,53],[55,61],[-53,133],[-91,17],[29,28],[-91,102],[22,96],[-31,326],[22,73],[42,-13],[35,44],[-60,52],[6,45],[-50,10],[-182,151],[56,33],[39,-10],[-11,80],[-137,72],[33,98],[-38,-3],[-90,80],[188,71],[111,12],[56,46],[-40,199],[-23,7],[35,8],[1,33],[-45,32],[35,124],[-44,164],[187,69],[-7,105],[36,108],[-89,-6],[31,59],[85,29],[-55,36],[-75,-82],[18,157],[-224,80],[-35,-18],[-28,35],[-45,-20],[37,97],[-160,-63],[-103,19],[-100,-38],[-42,41],[-94,-10],[-31,-76],[-75,-30],[-12,-80],[34,-36],[-181,22],[-55,-43],[31,-190],[-21,-40],[-17,-15],[-22,52],[-32,4],[-83,-100],[-118,-21],[-35,74],[-164,2],[-52,54],[-75,9],[-51,-44],[-143,-16],[-54,-36],[-172,34],[-39,-120],[-38,28],[-52,-15],[-37,101],[-121,-13],[-30,-11],[-21,-116],[-111,41],[-22,39],[31,44],[-82,-9],[-115,-83],[-189,60],[-88,-26],[-20,40],[19,40],[-25,23],[-89,9],[-170,-38],[-41,30],[20,58],[-177,41],[9,-31],[-91,8],[-14,-137],[-36,51],[-45,-26]],[[60875,61045],[-132,67],[-33,58],[3,68],[-87,-30],[-87,56],[-32,-47],[-61,-1],[-56,119],[-138,4],[5,103],[-48,-7],[-19,45],[-221,-15],[1,36],[-102,-15],[-53,21],[-9,-72],[111,-70],[-65,24],[-75,-30],[-65,23],[-31,28],[8,92],[-108,73],[-49,160],[4,104],[-53,3],[-67,-115],[-50,0],[-66,46],[-112,-53],[-33,10],[-46,-77],[-120,31],[-21,54],[-58,9],[11,-56],[-77,15],[-71,-36],[35,-127],[-72,2],[65,-150],[-43,-24],[18,-59],[-53,32],[-44,-54],[209,-222],[7,-124],[-140,5],[-97,-40],[-16,-107],[45,-229],[-37,-118],[-66,-51],[-68,15],[-35,51],[-123,-36],[-72,27],[-89,-194],[-126,-129]],[[58071,60138],[-143,136],[-110,50],[-56,115],[-76,-28],[74,114],[-125,188],[-65,41],[-89,207],[50,51],[-63,88],[14,24],[-77,28],[-23,89],[-51,5],[-17,45],[-69,27],[-16,-39],[-67,5],[12,27],[-32,25],[-45,-37],[-25,24],[-28,-20],[11,70],[-24,42],[-64,45],[-38,-51],[-56,16],[-28,99],[15,49],[38,12],[-44,94]],[[56854,61679],[-80,139],[-21,124],[-41,7],[-79,-109],[-43,34],[-98,-61],[-2,94],[-31,0],[-24,59],[97,101],[-55,9],[-27,47],[-119,-6],[-29,-37],[-328,-75],[-88,11],[-38,30],[17,62],[-153,120],[-43,79],[-68,0],[-115,-65],[-107,77],[-1,241],[18,24],[83,-71],[11,28],[-35,120],[-121,28],[7,36],[-45,86],[21,68],[-30,40],[-13,86],[19,9],[-106,127],[-91,-22],[-91,-65],[-212,-29],[-61,-50],[-61,53],[-229,-17],[-94,86]],[[54348,63097],[-6,93],[54,132],[-3,215],[-56,19],[-89,133],[-49,-8],[-54,76],[-121,24],[-28,59],[-128,-12],[-21,69],[21,44],[-112,30],[5,68],[-75,70],[0,58],[-163,85],[-12,63],[29,46],[-18,158],[48,45],[5,100],[-36,7],[9,40],[116,3],[31,65],[62,-17],[24,18],[44,98],[1,80],[151,140],[279,355],[55,196],[112,172]],[[69081,70830],[91,10],[81,-28],[1,-62],[80,-71],[-17,-35],[141,-65],[36,-87],[-22,-48],[43,-67],[123,-7],[36,37],[72,5],[23,51],[88,-59],[17,-57],[87,-91],[102,-13],[40,-91],[46,-18],[-22,-98],[41,-78],[394,-138],[100,-12],[12,33],[-15,-66],[24,-75],[-27,-77],[2,-50],[-73,-9],[-8,-61],[-85,-37],[71,21]],[[49558,20518],[-25,-9],[12,133],[13,-124]],[[49724,21955],[78,-110],[-26,-54],[-51,-20],[18,-100]],[[50085,14431],[-76,98],[11,32],[-72,66],[12,95],[-36,83],[39,80],[-57,15],[9,52],[-183,-9],[-37,-62],[-112,93],[-24,-31],[-62,6],[-138,-67],[4,107],[33,52],[-51,101],[-46,-3],[-22,57],[-78,39],[28,124],[-29,180],[46,140],[-28,72],[-444,-69],[-163,-89],[-37,53],[-117,-154],[-40,-2]],[[48415,15490],[-77,37],[-29,95],[-125,4],[-1,109],[-153,41],[77,147],[-10,43],[70,40],[-1,154],[76,154],[-23,26],[-197,13],[-259,-80],[-125,13],[-196,-35],[-260,181],[-83,20],[-55,54],[-15,66],[-137,123],[-22,-10],[-29,105],[-93,80],[-229,-71],[-166,-9],[-42,256],[40,319],[-14,43],[-296,18],[-8,114],[-55,54],[-136,-8],[-76,-33],[-16,-36],[-62,15],[-48,-21],[-35,0],[-172,128],[-190,-57],[-76,-64],[-61,2],[-11,-121],[25,-47],[-36,-27],[-2,-48],[-31,-5],[-8,-60],[-65,-33],[6,18],[-322,3],[-283,38]],[[44379,17238],[-58,12],[-44,113],[34,134],[71,83],[41,107],[-19,206],[51,69],[-139,41],[-24,-27],[-99,77],[-98,-74],[-87,24],[-61,26],[17,67],[-123,47],[-18,45],[-141,49],[-88,108],[-242,3],[-88,91],[-100,47],[-229,240],[-112,28],[-213,121],[-106,106],[-159,237],[21,193],[-29,44],[-39,341],[295,18],[176,-91],[255,82],[100,-26],[114,23],[80,54],[-19,86],[-54,69],[52,127],[-47,237],[25,57],[-40,58],[58,44],[-4,57],[56,56]],[[43345,20647],[699,-154],[81,10],[88,-104],[86,30],[50,-21],[35,27],[-77,2],[182,62],[105,133],[314,4],[306,-128],[99,1],[214,-157],[-19,0],[34,-80],[205,9],[49,-36],[163,-246],[139,-108],[108,-9],[202,37],[234,-52],[150,40],[-20,-13],[22,-18],[0,25],[141,-63],[140,41],[181,-37],[169,120],[59,-5],[297,104],[124,107],[103,20],[86,-45],[141,42],[94,95],[241,39],[102,-65],[126,17],[176,-95],[84,-8],[102,37],[263,221],[81,-6],[-38,-78],[-15,36],[6,-44],[-31,-51],[38,51],[-32,-191],[-15,21],[-46,-12],[-9,34],[-12,-28],[-18,56],[10,-55],[-56,32],[17,-20],[-70,-1],[43,-12],[-36,-32],[-46,3],[41,-7],[-60,-62],[-74,-27],[34,-20],[54,53],[-14,-55],[-15,22],[-15,-19],[48,-22],[-3,71],[35,37],[-1,-36],[36,71],[-1,-59],[14,71],[42,12],[-21,-57],[22,53],[33,-9],[-28,-30],[56,22],[-33,-32],[32,23],[-6,-42],[9,41],[41,9],[-29,-77],[-106,6],[-88,-103],[-43,-204],[24,8],[122,-162],[63,-24],[65,55],[2,126],[73,23],[115,-69],[34,-70],[-10,-72],[28,-18],[103,6],[-23,-70],[7,-40],[-70,-34],[21,-46],[-18,-55],[48,-1],[10,-15],[-5,-35],[-83,-63],[-10,-59],[70,-221],[16,-25],[7,-8],[123,-29],[46,-51],[30,-99],[38,-28],[6,-51],[47,-48],[15,-26],[41,-38],[41,-22],[35,9],[17,-50],[35,-54],[38,-14],[12,-57],[59,-82],[61,-52],[24,-44],[-114,-121],[-130,-207],[-21,-7],[-30,-67],[-223,-60],[219,56],[10,10],[26,61],[20,4],[119,193],[125,129],[104,-94],[109,3],[-5,-36],[6,-21],[-4,-35],[6,-20],[43,-66],[33,-7],[3,-34],[36,-3],[-36,6],[-2,32],[-32,8],[-3,21],[-15,13],[-8,21],[-22,19],[2,48],[-5,19],[4,37],[-113,-2],[-99,91],[-4,19],[-21,35],[-63,54],[-60,83],[-11,56],[-38,15],[-31,47],[-19,54],[-39,-6],[-43,24],[-32,29],[-18,30],[-49,52],[-5,49],[-36,25],[-34,105],[-48,52],[-114,24],[-23,22],[-71,231],[9,58],[84,64],[0,47],[-12,6],[-42,0],[20,50],[-21,47],[70,27],[-1,57],[28,38],[-18,45],[-102,-13],[1,57],[-40,95],[-113,79],[-89,-14],[-21,-146],[-38,-40],[-35,5],[-144,216],[43,130],[139,25],[82,71],[42,67],[28,141],[15,-66],[21,53],[-25,10],[5,49],[49,110],[70,71],[4,56],[25,-8],[-3,-45],[135,-32],[-86,47],[-42,-6],[13,36],[-46,35],[18,208],[-93,143],[-92,225],[87,814],[-21,54],[-123,10],[-65,65],[285,-51],[15,-44],[51,-9],[21,-36],[-19,9]],[[77429,35800],[141,-52],[-42,-56],[-49,13],[-54,-68],[93,-129],[92,-9],[-44,-171],[-32,-29],[74,22],[62,-112],[-9,-76],[25,-24],[-31,-54],[19,-2],[-17,-276],[-164,46],[-68,-120],[-115,97],[-338,-198],[-20,43],[60,114],[-76,46],[20,54],[-30,86],[58,152],[-69,21],[6,79],[-23,30],[-140,77],[-14,53],[-31,7],[3,47],[-39,11],[11,43],[-22,16],[222,96],[123,122],[84,-36],[12,47],[98,66],[156,-87],[68,111]],[[78222,39774],[-925,-1194],[-145,-93],[-77,-70],[-132,-179],[-60,-120],[-370,-492]],[[76513,37626],[-82,338],[-65,76]],[[76366,38040],[191,182],[-53,139],[22,27],[-97,68],[17,73],[28,9],[30,-54],[44,-11],[132,107],[86,-3],[26,35],[-11,45],[51,47],[176,-62],[57,27],[27,86],[83,73],[29,-34],[-79,-69],[-18,-115],[45,-37],[239,321],[43,-26],[206,275],[-20,33],[-56,-51],[577,750]],[[78141,39875],[22,29],[59,-130]],[[79838,38806],[-54,-37],[19,-56],[-444,-311],[86,-263],[203,-464],[101,-55],[8,-86],[65,23],[133,-74],[-55,-231],[-107,-65],[64,-202],[125,29],[104,-21],[40,-114],[65,-25],[16,-44],[99,-68],[26,-66],[28,12],[111,-103],[30,-69],[-48,0],[9,-27],[-39,-38],[21,-32],[-27,-39],[33,-41],[-346,-111],[-311,-147],[-179,281],[-80,66],[6,24],[-88,38],[8,106],[-32,50],[-35,3],[-7,-34],[-80,79],[-89,13],[5,-125],[-77,-93],[41,-55],[-134,-175],[185,-277],[-160,-106],[250,-237],[118,113],[91,-51],[146,142],[33,-30],[53,24],[-60,123],[110,86],[143,-166],[63,13],[45,63],[85,-112],[48,12],[64,-98],[-16,-7],[50,-24],[67,92],[48,12],[172,-189],[-15,-198],[-36,5],[-17,-83],[-33,-23],[-20,-143],[17,-23],[-67,-110],[-16,-198],[-50,-87],[46,-36],[-13,-35],[-33,-9],[-93,45],[-55,-63],[-62,108],[-101,41],[-67,-32],[-1,-96],[-50,15],[-25,-94],[-163,-3]],[[79733,34623],[-66,-43],[-39,48],[-92,-24],[-53,57],[-111,21],[10,52],[-226,30],[-185,133],[-77,21],[-101,104],[5,72],[-498,362],[-189,257],[-22,-39],[-45,42],[37,75],[-66,76],[-33,113],[-68,5],[89,211],[-79,96],[31,61],[66,38],[67,152],[100,66],[-4,70],[53,125],[-21,30],[46,201],[-11,57],[-84,41],[-2,-80],[-291,-53],[-65,24],[14,76],[-23,13],[-265,-101],[-45,61],[2,39],[-118,19],[-52,-21],[-2,-43],[-23,-8],[-127,91],[-185,31],[-122,92],[-77,0],[-201,141],[-133,129]],[[76452,37543],[19,29]],[[76471,37572],[6,8]],[[76477,37580],[26,24],[382,513],[115,198],[146,163]],[[77146,38478],[152,101],[926,1192]],[[78224,39771],[94,110],[196,13],[270,76],[69,-9],[9,-80],[111,21],[124,-112],[126,-13],[22,-30],[46,36],[0,-80],[120,-248],[98,-60],[90,-154],[232,-160],[-45,-15],[4,-133],[48,-127]],[[75164,40976],[-154,-42]],[[75345,41025],[-7,-5]],[[75914,41177],[-44,-13]],[[76366,38040],[-68,75],[20,52],[-18,175],[-29,16],[-2,61],[-39,52],[129,224],[-101,72],[9,130],[-98,89],[-29,95],[-100,-1],[-39,33],[-20,81],[-81,82],[-116,81],[-63,5],[-25,56],[36,22],[-26,62],[19,290],[-125,3],[8,92],[33,41],[-58,39],[-26,-20],[-107,71],[-10,-164],[-172,-145],[-63,81],[-61,-51],[21,-29],[-22,-36],[-86,-74],[-495,637],[-155,88],[-16,39],[21,33]],[[74997,40931],[-28,-9],[318,86],[42,3],[1086,296],[192,66],[1,-15],[26,80],[274,258],[302,213],[184,282],[4,36],[56,28],[12,24],[0,13],[-58,132],[10,90]],[[77418,42514],[26,-38],[83,13],[30,-28],[130,-12],[-33,-69],[31,-18],[-6,-248],[-66,0],[18,-46],[-77,3],[3,-37],[194,-243],[239,-185],[-72,-62],[57,-51],[-104,-41],[-36,-130],[-87,-26],[0,-37],[33,-59],[-13,-45],[47,-5],[-17,-41],[20,-96],[27,-40],[116,-9],[-11,-60],[34,-51],[-112,-97],[12,-35],[89,-43],[-27,-65],[-83,-23],[4,-104],[33,-12],[50,32],[-39,-64],[-56,8],[82,-109],[-64,-65],[19,-59],[61,32],[47,-48],[47,56],[44,-71],[-72,-61],[7,-37],[-31,25],[-27,-33],[-13,24],[-80,-44],[66,-16],[200,-169]],[[75788,42202],[464,51],[238,249],[6,121],[-41,48],[-4,329],[34,66],[140,130],[221,-57],[86,101],[131,-4],[14,34],[156,106],[94,10],[77,-28],[156,27],[9,-24]],[[77569,43361],[-37,-212],[-99,-250],[-33,-475],[63,-142],[-8,-23],[-48,-19],[-16,-17],[-180,-308],[-329,-235],[-243,-231],[-13,-18],[-14,-46],[-9,-10],[-653,-187]],[[76471,37572],[6,8]],[[76513,37626],[-68,-80],[-51,14],[-88,-8],[20,-16],[-34,-15],[-150,-148],[-4,-92]],[[76138,37281],[-111,-180],[-26,-98],[-71,-68],[-142,65],[-51,-38],[-83,6],[-9,-98],[-38,-37],[-71,-177],[20,-33],[-42,-11],[-36,-90],[-166,-190],[-105,46],[-7,35],[-37,-3],[-80,-173],[-23,0],[-1,-64],[-36,5],[-25,-76],[-23,-3],[-167,394],[-47,21],[-241,-66],[-31,-205],[-17,7],[-28,-102],[58,-151],[34,83],[146,-23],[73,-39],[8,-49],[54,-45],[84,-33],[-47,-198],[-94,-15],[-7,-50],[-234,70],[-99,-24],[-17,-186],[-60,-182],[57,-59],[92,15],[24,-65],[146,127],[57,95],[103,-37],[8,-25],[282,-15],[37,-98],[-29,-43],[25,-9],[-24,-48],[23,-3],[35,-164],[-90,-58],[-238,85],[-62,-27],[-74,-111],[16,-84],[-36,-6],[-5,-33],[-199,-3],[-94,33],[-21,-35],[-218,-122]],[[79733,34623],[31,-55],[-30,-338],[-67,18],[-45,-77],[38,-80],[-111,-24],[-11,-41],[27,-14],[-76,-19],[-69,-224],[61,-53],[-16,-28],[71,-20],[-36,-113],[27,-5],[2,-57],[66,-27],[-13,-24],[31,-89],[-25,-32],[55,-33],[-22,-80]],[[79621,33208],[-76,-72],[-49,-7],[-95,-161],[76,-89],[13,-109]],[[79490,32770],[-158,14],[-74,110],[-153,76],[-37,99],[-147,207],[-3,42],[-119,62],[-21,51],[-197,150],[-89,37],[-217,-240],[-144,185],[-169,15],[-109,40],[-88,-265],[-91,-29],[59,-196],[-31,-53],[-74,9],[-91,-35],[-11,-102],[-49,3],[-2,56],[-70,-27],[-13,39],[-203,-85],[-4,70],[-75,122],[-117,4],[2,-159],[-40,-64],[-3,-99],[-61,-91],[-16,-169],[-63,-83],[-40,-121],[-82,0],[-27,-36]],[[76663,32307],[-81,131],[10,62],[-71,91],[-21,139],[-59,116],[-23,175],[-332,-45],[-134,172],[-72,31],[-81,-24],[-237,-250],[-446,-257],[-117,-134],[-49,21],[38,131],[-101,251],[-95,12],[-93,92],[43,92],[-15,83],[39,72],[-89,165]],[[76138,37281],[10,93],[148,144],[75,33],[81,-8]],[[62913,49332],[57,-60],[19,-107],[149,-47],[60,-86],[-21,-50],[48,-38],[39,20],[64,-89],[138,33],[78,-38],[35,49],[51,-17],[53,30],[133,-39],[121,59],[47,-14]],[[63984,48938],[36,-134],[49,-47],[-9,-39],[38,-44],[69,-65],[80,8],[107,-85]],[[64354,48532],[-110,-199],[0,-83],[72,-140]],[[64316,48110],[36,-334],[64,-75],[52,-148],[-5,-89],[51,-85],[53,-15]],[[64567,47364],[-148,-149],[18,-67],[-82,-34],[27,-82],[-39,-51],[-303,-14],[-34,-63],[-131,91],[6,48],[-73,-9],[-137,-71],[-8,39],[-91,23],[-214,-35],[-134,75],[-165,-19],[1,-53],[71,-110],[-36,-88]],[[62485,46166],[-127,133],[-76,1],[-25,41],[-71,-12],[-43,26],[-50,-24],[-48,37],[-87,-10],[-53,60],[26,95]],[[61931,46513],[36,56],[-44,84],[76,93],[160,-23],[41,77],[49,6],[-22,50],[18,62],[-99,87],[-129,42],[-43,49],[26,190],[64,41],[85,-10],[49,25],[-18,190],[83,-33],[23,18],[-73,28],[-9,32],[86,72],[-104,31],[7,-34],[-67,-28],[-19,12],[15,32],[-74,42],[-42,66],[155,178],[-110,98],[18,89],[50,73],[63,-24],[-1,30],[77,38],[94,102],[52,-3],[51,73],[-19,46],[62,26],[-8,24],[87,101],[126,-10],[64,108],[-48,47],[-100,-22],[-20,83],[39,33],[5,122],[49,56],[-26,89],[79,93],[127,26],[41,86]],[[64790,51980],[74,14],[51,-69],[118,-61],[97,-3],[114,106],[92,-68],[65,21],[82,-20],[31,109]],[[65514,52009],[110,-113],[67,38],[24,-17],[46,-161],[-75,-114],[38,-81],[82,-60],[-95,-61],[-37,-56],[59,-74],[-147,-15],[-97,-43],[-2,-59],[-27,-9],[-63,-136],[26,-101],[70,-83],[-61,-169],[-4,-100]],[[65428,50595],[-13,-36],[80,-124],[2,-125],[50,-97],[5,-81],[-30,-61],[-149,-31],[-24,-30],[-37,19],[-82,-31],[-60,15],[-62,-56],[11,-32],[-76,-118],[-59,-15]],[[64984,49792],[-80,56],[-114,-12],[-60,62],[-68,-9],[-37,-101],[-33,19],[-42,-34],[-64,33],[-61,-47],[-19,-87],[35,-185],[59,-128],[-60,-77],[61,-75],[34,-109],[11,-102],[-21,-40],[75,-89],[19,15],[6,-39],[-46,-20],[-29,-52],[53,-132],[-167,-48],[-82,-59]],[[63984,48938],[24,18],[-56,142],[39,198],[-43,63],[31,50],[103,63],[0,56],[66,70],[18,114],[-122,178],[-100,41],[62,106],[53,-6],[74,78],[97,-32],[17,70],[145,-2],[77,-30],[61,196],[-23,105],[31,152],[-36,121],[28,128],[-67,107]],[[64463,50924],[-30,26],[-12,172],[-65,69],[129,80],[135,21],[-52,174],[-83,95]],[[64485,51561],[-65,202],[118,42],[-99,168],[152,59],[114,-56],[85,4]],[[64463,50924],[-60,-53],[-55,11],[3,74],[-134,-32],[-32,103],[-205,-82],[-55,44],[-87,-74],[-29,-74],[-64,5],[46,-175],[-53,-74],[22,-35],[-20,-27],[-67,30],[-104,-48],[-59,43],[-109,-27],[-11,106],[-55,12],[-87,-27],[-38,30],[-52,-32],[-105,41],[33,44],[-55,16],[-19,43],[9,65],[99,1],[4,39],[0,52],[-54,4],[-35,103],[10,33],[57,7],[-43,47],[33,17],[14,59],[25,0],[-4,31],[-40,3],[-43,58],[93,65],[52,4],[-15,153],[42,0],[34,84],[23,-35],[58,28],[78,-46],[139,38],[69,74],[141,-85],[66,77],[41,-15],[10,133],[78,29],[1,33],[49,-26],[40,-122],[210,-54],[35,65],[23,-28],[25,26],[97,-127],[52,5]],[[62001,52008],[15,-234],[166,-141],[-95,-116],[61,-113],[-23,-130],[169,-19],[76,-179],[-131,-129],[10,-77],[52,-94],[-35,-99],[253,-188],[44,7],[30,-49],[128,-27],[15,-53],[-18,-27],[-270,-14],[-41,-54],[11,-118],[107,-258],[263,-307],[8,-71],[117,-186]],[[61931,46513],[-52,-44],[-70,53],[-33,-28],[-146,34],[-79,-56],[12,-116],[-64,-277],[47,-147],[-66,-90],[-40,-3],[-44,69],[-23,146],[-33,-7],[-32,78],[-51,-48],[-159,69],[-56,-13],[-55,-187],[-128,13],[-95,44],[-81,-13],[7,-65],[43,-34],[59,-163],[-15,-277],[-37,-32],[8,-33],[-29,-11],[-9,-46]],[[60710,45329],[-14,28],[-42,-27],[14,74],[-69,53],[-137,32],[-27,67],[-27,-21],[-31,24],[-37,-60],[-117,92],[-86,-81],[-21,27],[-82,0],[6,54],[-55,-23],[8,31],[-45,4],[-23,68],[23,29],[-14,33],[38,14],[-31,86],[-121,99],[-8,20],[46,9],[1,36],[-44,-1],[2,105],[-22,18],[-38,-18],[-19,50],[7,60],[26,14],[-13,39],[48,24],[-5,49],[87,89],[56,-2],[2,36],[-31,-16],[6,39],[50,4],[12,46],[-51,96],[78,104],[-41,147],[30,84],[184,50],[39,41],[-29,36],[72,-6],[28,68],[16,-20],[36,17],[-22,47],[44,1],[4,33],[61,25],[58,-8],[28,54],[48,6],[-33,141],[74,119],[-53,65],[9,57],[48,55],[2,37],[-40,30],[23,55],[-81,107],[-93,-15],[-2,28]],[[60420,47987],[-51,76],[6,72],[74,71],[-87,56],[12,56],[-63,172],[24,41],[-49,113],[17,47],[81,27],[-22,26],[28,24],[-35,48],[23,48],[-38,38],[9,48],[-115,89],[-49,118],[-35,21],[-17,121],[-72,33],[-19,41],[82,267],[-154,199],[-17,79],[-123,87],[-130,149],[-82,46],[-34,59],[-217,69]],[[59367,50328],[-33,62],[20,63],[-51,52],[-45,6],[6,63],[-71,26],[68,55],[116,-170],[23,24],[-20,59],[30,29],[-14,12],[77,-17],[43,-151],[-8,-62],[52,0],[-15,55],[46,4],[4,125],[87,-155],[188,-122],[-7,-38],[94,44],[-6,81],[42,24],[-39,16],[6,75],[-172,104],[-21,-14],[-67,87],[-118,67],[141,97],[38,152],[81,37],[-21,40],[24,31],[62,-17],[36,32],[111,7],[62,41],[-34,29],[12,24],[184,-46],[42,20],[-69,57],[-19,168],[-83,62],[-25,74],[-44,34],[6,67],[-61,78],[11,160],[78,79],[67,136],[195,128],[212,193],[91,-50],[170,56],[-45,-60],[90,-49],[-23,-187],[63,2],[77,80],[100,-14],[31,169],[49,29],[51,-17],[126,212],[-18,51],[26,182],[-27,65],[84,174],[16,158],[71,8]],[[61520,53224],[3,-106],[-86,-161],[-6,-110],[294,-162],[43,-62],[309,-93],[-97,-50],[-95,9],[-179,-338],[45,-69],[162,98],[67,-68],[21,-104]],[[65162,45685],[-59,-49],[65,-84],[-10,-51],[-118,-12],[-56,-64],[-70,-26]],[[64914,45399],[-92,34],[-98,-47],[-145,69],[-29,-56],[-88,-7]],[[64462,45392],[-41,1],[39,34],[-22,18],[-43,-32],[-30,21],[2,38],[-48,-29],[-10,36],[-117,31],[28,31],[-11,46],[54,-8],[21,66],[-58,17],[-10,-47],[-63,17],[-23,16],[14,47],[-19,32],[-39,-42],[-3,62],[-33,10],[-52,-38],[-56,98],[-88,7]],[[64567,47364],[48,-68],[6,-122],[57,-62],[-24,-33],[59,-211],[27,-15],[-8,-130],[-34,-83],[53,-26],[48,-71],[-17,-60],[41,-187],[-67,-101],[29,-70],[5,-161],[70,-86],[77,0],[78,-50],[86,20],[-8,-65],[68,-65],[1,-33]],[[60040,55174],[23,-117],[165,-30],[-85,-77],[124,-47],[12,-110],[-47,-37],[-9,-188]],[[60223,54568],[90,-78],[106,-24],[25,-89],[69,-53],[79,-18],[63,19],[61,-43],[-26,-71],[40,-186],[-53,-89],[48,-118],[-21,-77],[60,-78],[86,-75],[103,51],[86,-32],[47,-54],[-16,-130],[93,-59],[111,9],[121,-131],[125,-18]],[[59367,50328],[-92,-18],[-54,62],[-68,6],[-120,124],[-176,33],[-50,188],[-220,-190]],[[58203,52898],[22,6],[-46,72],[67,-28],[41,22],[5,38],[34,3],[-23,42],[40,0],[18,53],[75,33],[-6,92],[114,344],[-188,11],[-27,51],[-61,20],[35,68],[-58,72]],[[58245,53797],[-9,38],[40,11],[80,102],[47,-57],[36,-3],[-36,84],[105,65],[12,73],[83,78],[-23,73],[67,39],[-70,102],[10,175],[115,103],[31,103],[-17,110],[82,110]],[[58798,55003],[34,-59],[72,-26],[79,37],[60,-12],[119,63],[46,68],[-88,97],[29,31],[10,118],[58,32],[13,57],[41,26]],[[59271,55435],[91,-5],[45,-68],[101,85],[81,18],[123,-101],[155,-209],[129,55],[44,-36]],[[64414,52272],[28,-50],[97,59],[15,42],[-24,-2],[-7,32],[117,-26],[92,-95],[-13,-46],[-45,-20],[-5,-103],[121,-83]],[[62001,52008],[125,155],[53,-74],[-36,-15],[22,-60],[114,46],[30,-18],[24,33],[49,-64],[-53,-74],[30,-20],[82,26],[108,-35],[33,23],[17,68],[122,22],[60,57],[73,25],[13,-26],[209,51],[79,-31],[112,71],[8,36],[-65,62],[45,15],[-29,19],[80,14],[76,87],[75,5],[111,-47],[73,64],[15,48],[214,-107],[-36,-50],[-11,-136],[46,-75],[212,-40],[7,53],[129,6],[83,-45],[83,198],[31,-3]],[[64462,45392],[0,-51],[-56,-55],[-65,18],[-53,-37],[-50,45],[-14,-47],[32,-25],[-84,-77],[15,-62],[-19,-9],[-31,46],[-38,-10],[-91,-107],[-88,-33],[-59,-109],[-59,-32],[11,-44],[46,-13],[-152,-216],[9,-32],[-119,-226],[-73,-15],[-154,32],[23,-28],[-14,-120],[-179,-92],[46,-37],[-32,-45],[36,-35],[-21,-30],[32,0],[-41,-13],[-16,-74],[-54,-67],[-77,-13],[-11,-35],[-86,-18],[-50,-53],[-87,128],[-189,-30],[-37,-66],[-29,22],[-59,-37],[-69,60],[-47,-12],[-14,-74],[-72,-118],[56,-164],[102,-121],[-7,-53],[-43,-37],[1,-82],[-73,-56],[-51,-84],[-39,-20],[-75,30],[-67,-72],[-60,-14],[2,-34],[-43,-9],[-10,-41]],[[62016,42789],[-73,-59],[-86,63],[-86,-49],[-8,42],[-49,1],[-31,34],[-20,-44],[-154,-12],[7,142],[-44,89],[32,28],[-8,86],[-167,49],[-20,39],[-168,-5],[-55,35],[-9,39]],[[61077,43267],[56,50],[-18,42],[20,85],[47,6],[-40,133],[94,89],[36,170],[106,51],[-6,114],[45,61],[109,-82],[41,1],[91,104],[98,-104],[68,81],[72,-57],[15,47],[-43,57],[102,56],[16,33],[-23,20],[49,42],[39,-21],[40,44],[-24,143],[-164,95],[1,23],[63,137],[125,41],[30,41],[-57,10],[5,61],[-25,-17],[-42,39],[-26,-9],[-41,89],[-97,26],[-93,104],[15,41],[-77,-21],[-65,49],[-144,9],[-98,65],[-144,18],[-31,32],[-93,-59],[-26,34],[18,-10],[6,35],[-44,35],[-94,-21],[-7,-29],[27,-9],[-22,-36],[-44,41],[-31,-53],[-26,28],[17,23],[-114,27],[-6,42],[-40,-27],[-45,14],[32,29]],[[50143,12877],[-65,-67],[-103,-16],[-134,-115],[-114,6],[-103,-77],[-140,-30],[-273,53],[-10,15],[-30,15],[33,216],[-15,10],[23,33]],[[49212,12920],[3,3]],[[49212,12920],[-23,-31],[7,36],[-15,15],[52,44],[-63,-35]],[[49170,12949],[19,-29],[-25,-13]],[[49164,12907],[-16,-222],[12,-29],[40,-16],[-157,7],[-85,-21],[-45,-77],[-38,-18],[-36,-152],[-269,25],[-511,-28],[-435,-92],[-286,-136],[-20,-76],[-62,-39],[-82,-149],[-32,-174],[-130,-167],[-21,-3],[-20,46],[-2,92]],[[46969,11678],[-2,133],[-22,-241],[20,-15],[-25,4],[45,-19],[-154,-26],[-272,-151],[-41,-59],[11,-105],[-29,-6],[-25,48],[-182,-45],[-22,34],[-170,38],[-75,63],[-75,9],[18,22],[-37,3],[52,18],[-8,33],[43,-2],[10,120],[-82,172],[-71,83],[-27,151],[-65,144],[11,23],[-76,110],[-12,45],[13,71],[-11,20],[18,14],[-43,-8],[-16,-23],[-23,50],[9,45],[-14,20]],[[45640,12451],[-4,3]],[[45636,12454],[-1,9]],[[45635,12463],[0,9]],[[45635,12472],[13,18],[-20,38],[2,2],[5,7],[8,0],[12,-4],[5,-14],[-10,-20],[12,-10],[6,4],[10,59],[-4,6],[-24,-4],[-2,10],[12,5],[4,25],[-49,40],[48,-40],[-16,-31],[1,-9],[3,-2],[26,0],[-10,-59],[-16,6],[9,17],[1,8],[-2,6],[-6,6],[-12,3],[-11,-3]],[[45630,12536],[-46,-2],[-19,48],[-27,2],[80,275],[16,335],[-49,43],[8,43],[-140,31],[-76,89],[-115,36],[-41,80],[-47,14],[-24,-35],[-92,-13],[-2,-46],[-38,26],[-40,-16],[-116,-130],[-18,22],[-15,-55],[-156,-2]],[[44673,13281],[-86,-48],[-32,-3],[-21,34]],[[44534,13264],[102,133],[-21,36],[61,10],[-10,67],[121,-33],[-25,27],[11,38],[64,44],[-9,90],[41,28],[-23,24],[-63,6],[-11,-21],[-43,21],[1,60],[-51,30],[-26,113],[92,38],[161,-12],[56,21],[107,-69],[-18,158],[7,-31],[6,28],[60,2],[65,114],[-9,91],[62,51],[-49,29],[8,62],[38,19],[-18,85],[69,-33],[24,-122],[-50,-272],[192,6],[24,-57],[-46,-23],[-1,-32],[45,11],[49,66],[22,-33],[19,9],[16,82],[47,36],[84,-54],[70,9],[50,116],[68,60],[87,-7],[83,-105],[260,93],[184,18],[-15,137],[-46,-8],[-6,136],[32,45],[71,22],[-9,-106],[117,-17],[21,40],[-32,42],[37,63],[-8,77],[-11,38],[-17,-20],[-33,38],[3,38],[46,-8],[31,52],[86,31],[-13,67],[25,13],[80,0],[6,-33],[256,-14],[71,29],[48,50],[-64,66],[4,43],[152,86],[107,107],[35,110],[44,15],[99,115],[135,-32],[-9,-71],[27,-21],[-22,-32],[96,-114],[155,25],[66,-36],[35,27],[16,-16],[111,78],[-14,29],[201,77],[-16,31]],[[45640,12451],[-4,3]],[[45635,12463],[0,9]],[[45341,12522],[17,-15],[-42,6],[-26,45],[51,-36]],[[45630,12536],[-3,-9],[-1,-11],[0,-9],[20,-18],[-13,-15],[2,-21],[17,-23],[-11,-56],[26,-44],[20,28],[26,-19],[-44,-116],[-53,33],[-21,68],[-73,88],[-69,54],[-44,-9],[-25,39],[-102,70],[-7,30],[-28,47],[11,-20],[-15,-9],[-4,3],[-6,-3],[-10,6],[3,11],[-4,-11],[13,-7],[4,3],[4,-3],[15,9],[5,-23],[-75,20],[81,-26],[24,-62]],[[45293,12531],[-2,-1]],[[45291,12530],[-1,-3]],[[45290,12527],[-1,0]],[[45289,12527],[1,0]],[[45290,12527],[1,3]],[[45293,12531],[32,-30],[44,-2],[36,-48],[47,-6],[-18,-15],[54,-68],[64,-27]],[[45552,12335],[-63,15],[-61,74],[-78,6],[-15,62],[-45,22],[-64,-46],[-140,22],[-36,41],[-22,-38],[-86,2],[-56,136],[-151,75],[-53,116],[26,12],[8,70],[-46,118],[83,34],[-60,110],[24,40],[-38,13],[-6,62]],[[44534,13264],[-58,-9],[-39,68],[-48,-27],[-60,124],[-49,-3],[-49,-47],[-19,73],[-154,-7],[-16,50],[-105,-34],[-111,54],[-49,62],[-70,-147],[-5,-66],[-102,59],[-146,-77],[-15,-91],[-72,-81],[-44,-137],[-125,-71],[43,-73],[74,-45],[-80,-65],[-21,-124]],[[43214,12650],[-129,82],[-59,213],[-78,46],[-4,27],[-295,-153],[-164,-6],[-61,200],[-56,-37],[-39,66],[68,60],[34,73],[17,120],[51,112],[44,38],[54,1],[-78,29],[15,21],[-107,220],[28,62],[-205,5],[82,176],[-34,111],[-25,1],[-14,133],[43,145],[-110,-23],[-71,60],[-157,-36],[-33,39],[6,71],[-34,3],[-131,124]],[[41772,14633],[33,62],[79,60],[23,83],[-47,-25],[-122,21],[-26,154],[-110,71],[-61,102],[163,59],[77,61],[-12,120],[-71,-6],[-60,145],[-47,45],[48,76],[93,36]],[[41732,15697],[22,-24],[9,38],[95,30],[99,-29],[82,48],[79,-39],[123,29],[151,-24],[63,78],[-13,20],[58,16],[49,-45],[-60,-110],[10,-38],[36,42],[125,-51],[71,41],[64,-21],[33,-128],[38,-26],[5,-39],[58,-11],[51,-90],[13,-94],[63,0],[36,26],[1,60],[80,74],[-40,44],[89,6],[-20,157],[78,146],[22,-26],[115,35],[131,-12],[-7,36],[289,113],[192,20],[25,-57],[118,24],[131,105],[144,260],[-47,258],[33,95],[-192,15],[0,157],[-80,160],[18,82],[-18,169],[51,-12],[98,-154],[57,1],[-20,-32],[22,-39],[40,27],[15,56],[-75,132],[37,42]],[[41732,15697],[17,168],[-22,-14],[-10,35],[30,9],[11,86],[-28,53],[-8,-38],[-230,-36],[-200,-73],[-111,95],[-130,35],[-133,-5],[-8,145],[38,20],[-23,72],[18,101],[82,62],[184,29],[24,26],[-42,31],[-4,49],[77,72],[-9,83],[51,63],[-49,29],[-5,57],[-34,-40],[-93,46],[-30,-22],[-62,24],[-55,-57],[-16,-59],[-126,-24],[10,-50],[-60,-32],[-72,32],[2,39],[-46,20],[-99,123],[-10,100],[20,57],[-20,47],[33,30],[-6,159],[-101,0],[-14,30],[-88,-20],[-58,31],[-45,-29],[-90,4],[-14,-52],[25,-40],[-87,6],[-50,12],[-40,88],[-201,20],[45,123],[-169,24],[-66,-55],[-51,27],[-58,-67],[-98,2],[-107,148],[-24,-32],[-29,17],[-9,-33],[-11,37],[-13,-34],[-88,0]],[[39147,17451],[-2,163]],[[39145,17614],[6,12]],[[39151,17626],[-6,-12]],[[39145,17614],[-6,-29],[8,51],[87,70],[75,158],[-24,38],[26,249],[69,30],[-4,35],[68,40],[52,-21],[-24,-33],[29,36],[32,-4]],[[39533,18234],[4,-5]],[[39537,18229],[18,9],[-33,32],[21,68],[207,-38],[53,24],[44,-74],[67,-22],[-97,74],[34,57],[3,122]],[[39854,18481],[0,-1]],[[39854,18481],[40,2],[3,-26]],[[39897,18457],[40,-54]],[[39937,18403],[7,-3]],[[39937,18403],[25,-2],[-10,-28]],[[39952,18373],[31,-19],[-12,17]],[[39971,18371],[-7,29],[94,-26],[-20,-20],[38,13]],[[40076,18367],[89,-62],[102,0]],[[40267,18305],[39,22],[87,-66],[15,-47],[-22,-51],[22,-42],[7,-49],[-21,-66]],[[40394,18006],[3,-17],[45,-45],[-18,-26],[28,-132],[-22,138],[18,9]],[[40448,17933],[5,3]],[[40453,17936],[-5,-3]],[[40448,17933],[-2,13],[-49,52],[20,55],[3,51],[-28,57],[23,50],[-12,50],[-102,92],[51,36],[-19,23],[123,36],[-124,-35],[0,-16],[18,-6],[-51,-37],[-82,6],[8,-24],[-56,47],[39,-12],[-191,97],[-70,75],[-103,14],[-86,-17],[-6,-83],[-33,-33],[-119,-32],[-92,26],[-58,-27],[-47,59],[56,199],[-73,-193],[38,-112],[-166,-65],[-55,-92],[36,-33],[-19,-27],[-140,81],[-102,80],[-51,160],[6,457],[-158,44],[-22,68],[62,87],[-229,180],[52,62],[283,-41],[66,109],[58,293],[-42,86],[27,28],[-38,74],[-119,79],[164,30],[82,152],[72,-25],[83,15],[54,-40],[95,83],[65,-15],[30,38],[70,-9],[53,59],[23,-14],[104,67],[49,-9]],[[39817,20306],[3,31],[87,-16],[-35,-27],[45,-11],[42,15],[23,51],[54,-37],[60,46],[13,47],[47,-18],[28,33],[20,-42],[69,-17],[-43,41],[23,8],[105,-86],[37,3],[48,-67],[106,-12],[-24,50],[85,8],[-3,62],[33,27],[174,4],[47,39],[82,-27],[98,11],[60,35],[155,-22],[95,40],[77,107],[93,10],[23,37],[60,-31],[129,-4],[25,-50],[81,-38],[71,28],[27,55],[74,-33],[5,62],[91,-6],[69,57],[127,6],[80,-69],[23,35],[166,-14],[80,74],[43,88],[81,58],[138,-131],[370,-35],[61,-34]],[[41769,6241],[-24,11],[18,30],[33,-32],[-27,-9]],[[39959,6667],[-23,9],[25,12],[-2,-21]],[[45218,7761],[-67,-94],[-7,-46],[30,-18],[-29,-17],[-44,-133],[2,-33],[49,-23],[3,-42]],[[45155,7355],[1,-3]],[[45156,7352],[-12,-20]],[[45144,7332],[-38,-86],[-59,-25],[-34,15],[-29,-112],[-87,-24],[-26,51],[-51,-4],[-30,69],[-32,-19],[-35,58],[-74,22],[19,63],[53,21],[-53,-18],[-3,83],[-51,97],[-2,61],[56,16],[-44,-7],[-40,142],[-103,73],[121,101],[23,65],[-48,-14],[-83,42],[-112,2],[-62,-45],[-101,120],[-16,9],[-4,-45],[-77,33],[-7,28],[28,22],[-50,64],[12,18],[-77,-49],[-40,9],[49,46],[-22,46],[-45,10],[-22,40],[21,-40],[-74,-19],[-18,53],[-190,187],[18,106],[-3,29],[-36,34],[7,59]],[[43673,8719],[-10,30]],[[43663,8749],[14,9]],[[43677,8758],[71,17],[-6,51]],[[43742,8826],[5,-51],[-70,-17]],[[43677,8758],[-14,-9]],[[43663,8749],[10,-30]],[[43673,8719],[-8,-60],[22,-27],[-57,37],[-22,-4],[90,-44],[0,-29],[-8,-21],[-5,-69],[-4,-2],[7,49],[-9,-21],[1,-35],[11,-23],[169,-188],[-44,36]],[[43816,8318],[0,-2]],[[43816,8316],[-2,0]],[[43816,8316],[4,-18],[-30,47],[36,-74],[45,-21],[-15,48],[36,-63],[124,-8],[-39,-37]],[[43977,8190],[1,-35],[53,-27],[77,24],[-90,-122],[-199,-37],[-49,37],[43,-41],[41,-2],[-8,-27],[249,86],[45,-21],[36,-71],[162,-48],[-53,-74],[68,23],[52,89],[54,-23],[-29,-77],[22,-57],[51,-24],[-14,-16],[88,-92],[-47,-145],[-31,19],[4,-25],[-109,-89],[111,62],[88,-7],[21,-218],[36,-25],[-9,-20],[66,-1],[-11,-41],[32,-65],[-47,-21],[-32,-119],[-102,-21],[0,22],[-40,-6],[-69,-90],[-145,-22],[0,-42],[-150,-175],[-110,-205],[-84,-349],[-65,-439],[47,-160],[33,-39],[90,-30],[-5,-18],[-82,0],[-56,-64],[-33,46],[-184,27],[-65,-53],[-3,-38],[-128,-78],[-43,-86],[-52,13],[-64,-66],[-40,47],[0,47],[-32,9],[-17,-28],[-50,120],[-55,6],[-60,57],[-178,42],[-19,62],[77,134],[66,40],[99,-3],[38,36],[56,-45],[72,0],[-112,66],[40,12],[62,85],[62,9],[-69,3],[-61,-88],[-181,-35],[-10,50],[38,36],[-38,68],[13,23],[72,-5],[-2,74],[95,29],[-74,26],[136,50],[9,52],[76,56],[-100,-38],[-9,-54],[-123,-42],[-45,-86],[-47,-18],[20,87],[-66,14],[24,98],[-23,103],[25,30],[9,104],[-64,-174],[-64,46],[-29,111],[6,-45],[-25,-6],[37,-21],[12,-89],[-26,-24],[45,-11],[-9,-30],[36,-47],[-20,-59],[-101,20],[-42,57],[8,-51],[70,-21],[25,-59],[-122,-30],[203,-15],[-12,-44],[62,-51],[-20,-29],[11,-97],[-69,76],[-64,-9],[67,-23],[10,-18],[-29,-17],[35,8],[-2,-63],[-87,-105],[-52,3],[10,-27],[-32,-34],[34,-23],[-5,-101],[-1,0]],[[42813,5318],[3,-26],[-52,-7],[19,-65],[-20,-15],[-84,21],[-26,53],[-96,-2],[-1,0]],[[42556,5277],[-109,47]],[[42447,5324],[-39,89],[-145,97]],[[42263,5510],[-51,16],[-27,48],[-65,-1],[-21,44],[-51,25],[11,18],[-33,38],[97,-4],[-6,48]],[[42117,5742],[20,229],[-41,58],[-47,-12],[-9,58],[-109,89],[-1,47],[26,26],[-11,54],[104,-38],[35,120],[53,51],[50,8],[-52,6],[2,110],[56,30],[32,42],[-17,14],[70,68],[32,-28],[110,53],[-114,-34],[-12,18],[52,19],[-47,-16],[-3,42],[-8,-36],[-80,-55],[-41,38],[32,-63],[-105,-101],[22,-103],[-61,-54],[-31,-98],[-44,-3],[-34,52],[-134,-42],[-32,47],[6,48],[-85,32],[-20,62],[-49,-2],[-19,29],[-73,14],[-67,-31],[-45,38],[-44,-24],[1,78],[-33,9],[5,77],[38,23],[68,225],[60,18],[70,109],[-75,-89],[-64,-15],[1,48],[77,133],[9,173],[-11,-169],[-43,-66],[-23,9],[-43,-95],[-6,-162],[-73,-96],[-47,-6],[-58,-74],[-53,7]],[[41184,6641],[-81,37],[-142,1],[-105,-89],[-90,15],[-34,-66]],[[40732,6539],[-21,-55],[-47,26]],[[40664,6510],[-84,-53],[-104,29]],[[40476,6486],[-9,4]],[[40467,6490],[-24,-9],[-19,53],[-37,-16],[-25,55],[-57,37],[-74,0],[6,61],[22,34],[60,0],[21,36],[80,-32],[42,50],[68,-14],[4,-22],[8,31],[55,14],[23,36],[-124,-50],[-53,16],[-19,67],[86,89],[-29,14],[36,85],[234,161],[-43,11],[-58,-31],[-53,-12],[-29,6],[26,0],[18,35],[-10,14],[-56,-68],[-5,-27],[-32,-5],[-20,-78],[-49,61],[16,43],[-24,143],[5,-128],[-60,-9],[49,-21],[48,-133],[-28,-36],[8,-41],[-52,-63],[6,-109],[-59,30],[-70,-18],[-22,41],[-111,39]],[[40146,6830],[-144,-5],[-58,-33],[-51,29],[5,36],[-55,2],[0,58],[-28,34],[28,63],[-21,57],[16,35],[-80,23],[1,84],[48,58]],[[39452,8491],[-51,-54],[-46,5],[-19,-26],[-38,42],[-49,-13],[11,25],[-40,35],[125,80],[52,107],[36,23],[-6,57],[32,48],[54,-45],[-49,60],[66,92],[-20,83],[43,28]],[[39553,9038],[67,-26],[64,39],[82,6],[168,-31],[-15,-136],[19,7],[8,-62],[74,156],[185,139],[16,-91],[52,-66],[43,1],[-25,-77],[69,-7],[26,40],[185,108],[108,-28],[7,102],[134,15],[23,101],[92,15],[111,124],[104,37],[49,124],[77,59],[90,-29],[-26,-145],[24,6],[195,-155],[34,44],[54,0],[66,-74],[22,6],[43,-70],[65,105],[69,7],[31,86],[-27,210],[-71,95],[-11,121],[12,145],[42,16],[21,73],[-45,104],[119,92]],[[41983,10224],[37,-126],[72,7],[41,-29],[61,54],[61,-27],[7,-51],[64,-53],[3,-63],[80,-105],[46,8],[33,122],[40,6],[-11,62],[83,51],[30,59],[22,-6],[41,-57],[-41,-165],[89,-7],[41,-53],[-20,-192],[-42,-54],[23,-30],[95,-14],[22,-43],[-130,0],[10,-40],[-51,-15],[9,-30],[-34,-9],[62,-107],[-28,-20],[10,-39],[62,-11],[-10,-86],[46,5],[47,-127],[33,-6],[43,54],[80,-4],[9,115],[-99,172],[32,123],[-20,142],[101,106],[167,-62],[29,-74],[137,-127],[21,-110],[39,-50],[154,-68],[69,-117],[105,-58],[36,-60],[17,66],[113,82],[5,-36],[42,13],[-1,-31],[-75,-59],[121,-52],[69,100],[87,-24],[34,7],[21,46],[60,-8],[39,174],[58,57],[45,-1],[57,-71],[65,-31]],[[44542,10156],[-34,-27],[-7,15],[9,28],[39,-6],[-7,-10]],[[45552,12335],[32,-287],[-18,11],[24,-58],[79,-61],[45,-136],[16,-221]],[[45730,11583],[30,-116],[-25,-118],[29,-39],[7,-133]],[[45771,11177],[11,-64],[32,54],[101,45],[9,39],[-26,-4],[4,24],[66,35],[-65,-132],[-116,-146],[-4,-56],[-119,-93],[-88,-117],[-23,-114],[11,-113],[-79,-40],[-197,-300],[4,71],[-91,21]],[[45201,10287],[-435,-16],[-79,-47],[-82,-5],[-28,-42],[-15,4],[-75,-12],[18,2],[-6,-20],[4,-22],[-7,-20],[-32,11],[13,-15],[-42,-16],[-14,17],[-39,30],[2,53],[-30,17],[28,-20],[-2,-54],[35,-23],[-19,-1],[-32,9],[-31,69],[-6,-23],[45,-58],[43,0],[10,-13],[-6,-1],[-17,7],[-9,-1],[-43,-36],[51,36],[20,-8],[14,-3],[60,14],[-43,-149],[76,184],[310,69],[93,-45],[9,35],[222,7],[38,30],[120,-81],[-114,-316]],[[41983,10224],[-16,152],[30,56],[-19,41],[57,187],[-68,65],[-44,318],[83,216],[-3,50],[80,137],[54,42],[19,68],[88,76],[21,169],[51,43],[74,-28],[23,59],[111,-8],[41,66],[43,4],[-23,40],[-42,6],[20,85],[54,30],[56,125],[-12,42],[-74,59],[-41,142],[38,56],[180,-38],[37,50],[61,-36],[63,29],[61,-28],[72,17],[34,44],[127,-20],[25,17],[-30,93]],[[41772,14633],[-53,-77],[-91,17],[-76,-52],[-139,-24],[14,55],[-39,117],[-165,189],[28,89],[-74,-6],[-49,26],[-135,-98],[-32,31],[-31,-7],[2,122],[-23,44],[24,96],[-117,-48],[-22,-42],[-108,42],[-8,-85],[-108,-15],[-39,56],[7,83],[-58,-74],[-48,-15],[-54,131],[-74,-16],[-19,65],[-187,-110],[4,-86],[36,-58],[-155,-113],[2,-225],[-69,47],[-67,-14],[-38,82],[-53,17],[-56,-79],[-31,6],[-12,-103],[-60,-25],[-73,32],[-7,-47],[-72,16],[50,-116],[0,-118],[-166,-123],[30,-40],[-21,-46],[65,-58],[-129,-30],[-64,-90],[190,28],[23,-69],[-135,-33],[-210,-150],[41,-148],[133,-111],[-70,4],[-12,-44],[-7,23],[-126,-62],[-144,-155],[-21,-109],[31,-54],[-72,-141],[14,-55],[-23,-91],[53,-63],[15,-94],[-11,-69],[-32,-30],[150,-97],[51,-113],[-30,-53],[-55,-36],[-30,-67],[-112,3],[-75,34],[-52,-29],[-51,-80],[-194,41],[-68,-47],[-51,7],[-196,-61],[-37,-129],[-38,-9],[-36,-56],[-59,-6],[-24,-40]],[[36085,16047],[10,79],[-43,110],[65,53],[14,74],[-28,55],[99,194],[3,123],[-22,24],[20,28],[-24,28],[41,38],[14,69],[-51,124],[43,33],[-25,62],[27,62],[-43,57],[71,49],[-16,25],[21,28],[-23,10],[40,65],[-11,29],[60,-26],[48,27],[108,-56],[26,41],[252,3],[183,-107],[47,10],[86,-39],[72,17],[186,-139],[117,-148],[143,-69],[275,-18],[220,57],[135,77],[165,246],[48,33],[181,322],[191,79],[89,266],[41,62],[39,6],[80,-50],[-46,-21],[28,-119],[110,83],[61,-47],[-5,-149],[-111,-198],[16,-106],[-40,-253],[4,-42],[114,-77],[-90,-144],[84,97],[9,50],[105,-3],[27,-37],[-42,-89],[-85,6],[-48,-40],[80,-79],[-6,-92],[53,-38],[-51,44],[9,83],[-81,82],[49,36],[77,-12],[55,87],[-18,47],[-69,21],[-31,-3],[48,-6],[-47,-6],[-116,82],[9,151],[36,83]],[[35140,19569],[-90,2],[-70,-43],[-75,203],[25,95],[41,22],[-24,62]],[[34947,19910],[-15,15],[29,15]],[[34961,19940],[-27,44],[16,38],[-38,38],[30,78],[-9,47],[62,-23],[4,-92],[51,-65],[-11,-33],[32,-45],[-23,-59],[23,-217],[69,-82]],[[39155,8858],[3,-15],[-10,-5],[-12,-7],[2,12],[-13,9],[7,-4],[23,10]],[[39161,8875],[3,-6]],[[39164,8869],[1,0]],[[39165,8869],[-6,-29],[2,35]],[[39155,8858],[-28,-6],[10,14],[-12,-8],[2,26],[28,-26]],[[39164,8869],[-3,6]],[[39161,8875],[4,-6]],[[39553,9038],[7,25],[-56,-48],[11,-51],[-34,-52],[-33,23],[-112,-249],[-74,-95],[-50,17],[-5,84],[-67,71],[-6,44],[14,-2],[16,3],[-9,-21],[18,41],[-8,-18],[-16,9],[1,-11],[-7,-1],[4,7],[-5,-4],[0,3],[-2,-6],[-9,24]],[[39131,8831],[6,-2],[10,8],[6,-6],[-6,6],[7,1],[12,-6],[5,8],[5,-8],[9,74],[-40,-25],[-25,16],[-128,209],[-78,-19],[-33,-146],[-53,5],[-28,60],[29,84],[159,123],[-12,131],[-49,74],[29,60],[-8,71],[94,-21],[63,-68],[42,-6],[43,56],[-14,48],[46,-3],[81,44],[-44,113],[-65,-30],[-13,-53],[-72,3],[8,154],[-65,2],[7,46]],[[79047,14097],[-66,-125],[9,-25],[-29,6],[19,37],[-19,11],[-17,-32],[14,-39],[43,3],[-274,-196],[-146,-227],[-139,-134],[-88,-192],[-172,-63],[-272,62]],[[77910,13183],[10,68],[38,-50],[-54,175],[72,88],[-47,45],[44,30],[-19,21],[12,169],[98,130],[56,189],[-62,54],[7,23],[104,19],[57,49],[40,-100],[73,9],[24,39],[-6,62],[57,68],[36,-9],[48,-79],[51,100],[68,24],[85,-3],[18,-68],[120,6],[43,-31],[30,19],[134,-133]],[[81854,15166],[-174,-42],[-126,-86],[-138,-23],[-146,-98],[-126,9],[-173,-54],[-250,-19],[-253,-104]],[[80468,14749],[37,31],[30,99],[32,-29],[79,41],[5,103],[-35,35],[35,126],[-16,121],[38,39],[-14,47],[59,143],[30,-4],[37,41],[82,-41],[88,30],[24,-41],[-14,-15],[33,6],[-3,-28],[65,-8],[114,-72],[51,15],[18,-30],[76,30],[53,-91],[82,33],[-16,15],[36,53],[49,-16],[110,-104],[61,-14],[-1,-29],[54,-48],[84,23],[23,-44]],[[77385,13604],[-34,104]],[[77351,13708],[49,27],[-10,-36],[32,-17],[-49,-12],[26,-30],[-14,-36]],[[77322,13811],[5,10]],[[77327,13821],[-5,-10]],[[77342,13854],[-4,-10]],[[77338,13844],[4,10]],[[76499,14078],[14,-36],[-26,7],[-5,27],[17,2]],[[76203,15454],[0,-18],[-38,-17],[-21,28],[-31,9],[-37,-3],[-10,10],[81,85],[56,-94]],[[77337,13971],[-6,-6],[-1,-8],[27,-30],[5,-36],[-54,-100],[1,-26],[72,-166],[-12,-110],[-93,-43],[-140,36],[-455,351],[-105,8],[-50,195],[-36,83],[-6,58],[-30,64],[-92,28],[-63,97],[2,263],[30,25],[30,138],[34,4],[98,131],[-92,-102],[-67,131],[-85,97],[24,56],[2,60],[-10,24],[-53,24],[-10,47],[-85,53],[-75,107],[21,32],[12,-8],[34,6],[35,-10],[18,-28],[40,15],[4,9],[0,16],[-55,95],[78,22],[25,46],[-14,33]],[[76240,15652],[42,42],[68,-9]],[[76350,15685],[16,47],[-38,86],[23,33],[50,-21]],[[76401,15830],[19,-8]],[[76420,15822],[9,-1]],[[76429,15821],[-9,1]],[[76420,15822],[-19,8]],[[76401,15830],[-11,25],[-39,-1],[-25,-35],[38,-92],[-14,-42]],[[76350,15685],[-67,12],[-43,-45]],[[76240,15652],[-7,-70],[-70,-9],[-19,-27],[-87,-89],[-19,-27],[7,-21],[69,-92],[84,-55],[11,-46],[60,-38],[2,-62],[-29,-57],[151,-222],[3,-32],[-37,-10],[-31,-135],[-35,-42],[2,-276],[69,-86],[85,-20],[37,-137],[-16,-35],[17,-24],[31,-7],[21,-106],[-15,-26],[43,-66],[-44,-15],[54,-73],[-47,56],[-149,23],[-258,92],[-399,179]],[[74876,15419],[58,486],[67,166],[6,162],[28,7],[-27,9],[17,55],[111,-34],[10,64],[-37,173],[26,85],[-34,9],[-9,42],[-52,-9],[11,134],[30,3],[26,59],[137,-15],[57,147],[115,42],[56,-41],[9,-93],[43,-67],[126,42],[22,-24],[68,3],[4,-39],[36,41],[67,1],[39,82],[33,258]],[[75919,17167],[40,-33],[21,24],[15,-55],[101,-69],[-5,-53],[31,-54],[18,7],[-8,-70],[30,-73],[53,41],[88,9],[44,-92],[49,-12],[10,-112],[46,-4],[67,45],[17,-26],[-7,-80],[-36,-18],[19,-130],[-25,-90],[61,-116],[-9,-79],[28,-113],[98,-18],[176,-92],[63,65],[135,-114],[96,-4],[-92,-119],[-172,-340],[54,-51],[4,-174],[60,31],[82,-20],[19,-77],[62,-50],[-15,-48],[45,-35],[-71,-39],[-38,-69],[86,-50],[-33,-77],[-41,-30],[28,-20],[-71,-107],[-33,9],[-85,-168],[47,-27],[50,-84],[23,-165],[67,-117],[170,-47],[46,24],[10,-30]],[[81387,17312],[55,0],[37,40],[118,46],[60,-85],[28,-3],[66,74],[69,-33],[59,47],[84,-98],[53,-121],[46,-41],[149,-32],[67,-73],[-9,22],[49,51],[233,35],[333,-133],[29,-37]],[[82913,16971],[19,-46],[-36,-24],[17,-37],[24,7],[-41,-113],[64,27],[256,-425],[-5,-106],[49,16],[6,37],[95,3],[98,136],[3,43],[44,-39],[-3,-47],[44,-9],[43,27],[44,-170],[-12,-32],[73,-96],[-25,-61],[-87,-81]],[[83583,15981],[-543,137],[-188,-26],[-64,130],[-32,21],[20,-7],[-88,33],[-32,54],[-47,8],[-1,27],[0,-27],[-19,10],[-36,56],[8,85],[83,102],[16,88],[-27,-100],[-77,-93],[-8,-82],[17,-19],[-69,-47],[-29,39],[28,-53],[69,55],[8,-31],[109,-81],[-11,-20],[14,15],[92,-39],[101,-184],[-199,-62],[-198,-148],[-386,-380],[-138,-214],[-102,-62]],[[80468,14749],[-174,-69],[-544,-97],[-367,-164]],[[79383,14419],[-44,169],[42,21],[-30,77],[17,42],[124,53],[103,91],[57,7],[34,74],[65,27],[42,80],[150,74],[79,91],[-43,10],[33,68],[-69,83],[-14,73],[-88,37],[54,27],[-112,20],[-28,-29],[-30,59],[-181,-83],[-146,-117],[-58,9],[-52,74],[66,140],[-53,53],[3,28],[-11,-27],[-48,27],[-32,147],[49,6],[8,39],[-61,12],[7,70],[46,28],[-11,30],[37,108],[-51,46],[-44,-9],[-40,50],[-76,11],[7,74],[-52,52],[10,44],[-25,35],[71,65],[-4,27],[-17,23],[-126,4],[-33,45],[59,139],[-29,178],[-35,33],[15,130],[-27,15],[27,21],[-18,31],[66,58],[-13,135],[223,69],[-65,100],[78,117],[-5,141],[30,74],[-14,178],[41,112],[129,108],[173,21],[-30,53],[37,86]],[[79550,18383],[88,-51],[-50,-128],[72,-28],[20,-52],[57,30],[-14,-61],[18,-19],[65,22],[133,-93],[198,-47],[4,-38],[67,-48],[-2,-51],[-44,-46],[20,-31],[-18,-95],[52,-59],[51,-21],[128,33],[105,-50],[56,-66],[234,-29],[40,-161],[190,-53],[62,-59],[125,33],[17,44],[64,21],[26,-17],[73,49]],[[77476,19201],[-53,3],[-30,-47],[0,-160],[81,-105],[96,-21],[219,39],[29,-17],[92,62],[85,-6],[50,57],[169,-145],[180,-18],[11,23],[82,-42],[29,36],[-60,62],[24,29],[42,-44],[168,6],[234,71],[42,-77],[-49,-83],[93,-103],[210,-15],[-72,-81],[27,-82],[-27,-145],[52,-16],[71,78],[63,-20],[16,25],[157,-41],[-21,-21],[14,-47],[50,27]],[[79383,14419],[-231,-148],[-105,-174]],[[77910,13183],[-164,130],[-374,181],[13,110]],[[77351,13708],[-38,54],[9,49]],[[77327,13821],[11,23]],[[77342,13854],[22,38],[-5,35],[-25,38],[44,25],[40,-4],[28,34],[10,40],[-44,60],[99,229],[-101,-229],[43,-62],[-9,-38],[-26,-31],[-38,4],[-43,-22]],[[75919,17167],[-33,15],[2,89],[34,81],[-54,31],[23,72],[-21,74],[87,35],[36,81],[56,24],[-3,29],[-52,20],[2,30],[49,32],[-8,67],[94,50],[53,92],[-83,17],[-20,-36],[-93,12],[-15,128],[-42,66],[15,70],[-75,28],[-44,-12],[-37,264],[-45,14],[47,11],[41,-38],[42,77],[92,-5],[122,88],[67,-2],[-50,46],[41,78],[80,-103],[60,83],[60,-15],[40,37],[67,1],[-67,24],[-3,44],[-74,39],[-25,86],[19,248]],[[76304,19239],[199,44]],[[76503,19283],[248,-43],[51,30],[169,11],[164,69],[98,2],[58,-9],[44,-51],[134,-35],[21,-20],[-23,-12],[9,-24]],[[80953,26437],[15,1]],[[80968,26438],[-15,-1]],[[80935,26441],[-22,11],[22,-12]],[[80935,26440],[14,-3]],[[80949,26437],[10,-2],[34,5],[17,12]],[[81010,26452],[8,-3]],[[81018,26449],[3,-11]],[[81021,26438],[1,-7]],[[81022,26431],[-2,-29]],[[81020,26402],[-63,-92],[-44,6],[-22,-184],[146,-41],[-29,-68],[31,-18]],[[81039,26005],[26,-13],[-16,-27],[-155,-123],[-56,-83],[7,-69],[-51,-190],[55,-127]],[[80849,25373],[-16,-169]],[[80833,25204],[-34,-18],[-28,-41],[-113,24],[-51,-42]],[[80596,25135],[-2,0]],[[80580,25144],[-5,13]],[[80542,25210],[-24,140],[-52,11],[-21,36]],[[80445,25397],[-12,14]],[[80433,25411],[55,65],[-63,-61],[34,-57],[-53,29],[-6,43],[102,129],[-41,-6],[-49,-80],[-34,42]],[[80378,25515],[31,-47],[-20,-38]],[[80389,25430],[22,-66],[77,-35]],[[80488,25329],[25,-30]],[[80513,25299],[1,-3]],[[80514,25296],[-16,-11]],[[80498,25285],[19,-34]],[[80514,25255],[-85,5]],[[79427,25667],[-11,290],[41,14],[-36,144],[15,49],[-75,249],[80,66],[30,131],[-21,68],[14,62],[52,41],[20,74],[71,19],[-7,79]],[[79600,26953],[278,-23],[80,-42],[-8,-38],[43,-40],[-35,-68],[34,-156],[74,-31],[93,-17],[138,32],[205,-59],[0,41],[86,39],[9,-39],[41,15],[5,-100],[177,32],[33,-18],[-3,-28],[69,-1],[16,-11]],[[82935,31714],[-34,-100],[-40,3],[-20,44],[-20,-16],[-40,-115],[-70,-17],[-56,24],[-33,-93],[9,-48],[-58,-82],[-2,-127],[-47,-108],[-38,-17],[-2,-113],[-70,-85],[60,-33],[-32,-44],[-18,8],[-7,-30],[-66,19],[-19,-40],[-53,45],[-63,-26],[3,-57],[109,-101],[-5,-98],[96,-116],[-41,-14],[47,-60],[-63,-40],[125,-55],[53,61],[93,-46],[51,-83],[-62,-52],[26,-9],[-32,-40],[45,-43],[-151,-77],[52,-57],[-6,-45],[29,-30],[-57,-31],[-18,65],[-187,-111],[55,-22],[28,-45],[-109,-170]],[[82297,29487],[-102,154],[-72,-53],[7,-39],[-69,-44],[-30,-144],[-75,-16],[-30,-65],[-61,7],[-46,-99],[12,-124],[-43,-92],[-123,-115],[-30,0],[-8,-84],[49,-18],[-6,-55],[52,2],[35,-82],[-78,-27],[-10,-31],[-22,57],[-136,-9],[-8,27],[1,-62],[-33,-6],[-5,41],[-68,-29],[-70,-128],[-47,75]],[[81281,28528],[-24,8],[-54,-71],[-53,24],[-56,-13],[-121,354],[-114,144],[-31,84],[-94,71],[-65,124],[9,95],[82,16],[-16,80],[-86,92],[67,16],[-3,200],[-83,113],[40,80],[-50,17]],[[80629,29962],[-69,77],[18,134],[-107,3],[-92,88],[-75,-12],[4,47],[-131,83],[24,0],[-10,31],[-259,423],[-24,170],[-37,79],[-103,22],[-10,61],[23,45],[-33,118],[54,164],[43,27],[-39,67],[-60,4],[-9,118],[-47,72],[15,44],[62,12],[21,-24],[4,166],[25,39],[-55,101],[21,71],[-80,204],[62,47],[147,-12],[-64,99],[9,277],[-164,-13],[-165,-95],[-38,71]],[[79621,33208],[125,-9],[146,63],[23,49],[71,-3],[-20,-55],[30,17],[-2,-27],[23,-3],[27,27],[8,-20],[2,45],[71,20],[-34,59],[65,4],[10,28],[37,-74],[34,25],[109,-84],[28,-38],[-22,-69],[41,-58],[68,-30],[3,-44],[36,11],[57,81],[107,-46],[97,43],[74,-27],[43,62],[35,0],[-19,48],[18,55],[120,37],[58,-34],[45,69],[51,14],[-5,21],[24,-26],[88,0],[2,30],[45,-7],[64,78],[105,-65],[8,34],[102,46],[23,67],[64,0],[89,-48],[44,34]],[[81839,33508],[36,-25],[101,37],[57,-34],[47,45],[72,-124],[85,12],[42,-42],[-3,-42],[49,-26],[-20,-78],[-58,-26],[115,-251],[-108,-21],[-41,17],[-26,-134],[21,-43],[32,15],[88,-42],[-52,-81],[69,-34],[201,77],[31,-21],[14,-220],[-26,-21],[-6,-67],[92,-75],[6,-86],[98,-36],[-12,-56],[29,-44],[-29,-83],[131,-42],[-20,-184],[81,-59]],[[78815,25667],[-199,-22],[-32,140],[-128,213],[-20,179],[-139,31],[36,73],[57,28],[-104,137],[-252,216],[-104,-71],[-106,-32]],[[77824,26559],[-50,243],[-152,168],[-14,55],[29,9],[28,-49],[95,0],[-18,101],[152,18],[-12,53],[57,15],[15,142],[211,-12],[9,24],[-56,54],[-13,62],[28,20],[42,-29],[37,74],[93,38],[18,98],[58,39],[18,6],[11,-59],[63,17],[50,-50],[33,7],[73,-117],[91,-80],[47,200],[53,120],[90,114],[-6,67],[96,42]],[[79000,27949],[46,-154],[-3,-80],[68,-115],[123,-52],[73,36],[76,89],[37,-77],[90,-32],[7,-56],[77,-81],[-33,-44],[63,-12],[21,-89],[46,-29],[-110,-130],[24,-39],[-52,-90],[47,-41]],[[81628,25011],[-25,15],[35,3],[-10,-18]],[[81543,25049],[21,-3],[-7,-25],[-14,28]],[[81548,25056],[19,20],[-4,-29],[-15,9]],[[81548,25056],[-9,24],[21,-4],[-12,-20]],[[81588,25076],[-21,-35],[13,35],[-16,6],[24,-6]],[[81505,25089],[4,14]],[[81509,25103],[-4,-14]],[[81520,25083],[-15,6]],[[81505,25089],[4,14]],[[81509,25103],[36,-11],[-25,-9]],[[81480,25091],[-17,9],[30,19],[-13,-28]],[[81475,25113],[-31,-4],[51,14],[-20,-10]],[[81413,25159],[48,-18],[-39,-5],[-40,54],[31,-31]],[[81372,25175],[18,-27],[-36,32],[-35,4],[31,17],[22,-26]],[[81577,25163],[-159,36],[137,25]],[[81215,25237],[129,-27],[-34,-21],[-95,48]],[[81215,25251],[41,-12],[-72,12],[31,0]],[[81577,25251],[-10,0]],[[81023,25269],[-28,12],[33,14]],[[81028,25295],[-5,-26]],[[80966,25335],[18,-15],[-19,3]],[[80965,25323],[54,-21],[-33,2]],[[80986,25304],[33,-3],[-23,-17]],[[80996,25284],[-16,8]],[[80980,25292],[-67,21],[22,-5]],[[80935,25308],[25,30],[30,-6],[-8,-4],[31,-17],[-47,24]],[[80919,25358],[38,-12],[-33,7],[13,-18],[-34,-22],[55,-23]],[[80958,25290],[65,-21]],[[81023,25269],[5,26]],[[81028,25295],[-5,-38],[11,41],[30,-16],[-8,-10],[12,9],[35,-17],[7,-6],[-22,0],[30,-18],[23,-4],[-8,7]],[[81133,25243],[-25,11],[81,-14]],[[81189,25240],[-18,2]],[[81171,25242],[-1,1]],[[81170,25243],[1,-1]],[[81171,25242],[18,-2]],[[81189,25240],[21,-4],[-39,-8],[44,-3],[-27,-9],[-46,20],[23,-23],[85,-9]],[[81250,25204],[4,5]],[[81254,25209],[-4,-5]],[[81250,25204],[0,-3]],[[81250,25201],[4,8]],[[81254,25209],[4,-5]],[[81258,25204],[32,-17]],[[81290,25187],[75,-19],[17,-27],[-74,39],[33,-24]],[[81341,25156],[18,-11],[-50,18],[-7,-27],[76,-6],[-24,-9],[75,-36],[6,18],[78,-38],[20,15],[-11,-18],[33,-53],[11,8],[-14,-14]],[[81552,25003],[-66,3],[15,-25],[77,28],[3,-24],[3,29],[6,-29],[8,32]],[[81598,25017],[2,-27],[28,21]],[[81628,25011],[-11,-14]],[[81617,24997],[20,-1]],[[81637,24996],[8,15]],[[81645,25011],[19,-6],[-39,-38],[-8,18]],[[81617,24985],[-4,9]],[[81613,24994],[-17,-9]],[[81596,24985],[-31,-6],[-6,-57],[-70,-32],[-243,-51],[-27,35],[-51,-61],[-66,-21],[-170,32],[-64,128],[-61,35],[-68,-23]],[[80739,24964],[-29,-14],[-37,52],[7,-20],[-61,142],[24,18]],[[80643,25142],[38,17]],[[80681,25159],[65,-23]],[[80746,25136],[23,0],[35,47]],[[80804,25183],[2,-30]],[[80806,25153],[-3,-6]],[[80803,25147],[16,21],[-13,-15]],[[80806,25153],[10,33]],[[80816,25186],[-2,-2]],[[80814,25184],[2,2]],[[80816,25186],[26,12],[13,181],[29,6],[35,-27]],[[81566,25249],[-12,-19],[-35,13],[16,-22]],[[81535,25221],[-122,-20],[-51,27]],[[81362,25228],[-131,32]],[[81231,25260],[-62,10]],[[81169,25270],[-20,2]],[[81149,25272],[-273,122],[-20,0],[-7,-21]],[[81039,26005],[148,-78],[64,-71],[202,-42],[168,-76]],[[80935,26440],[14,-3]],[[81078,26521],[-1,0]],[[81077,26521],[1,0]],[[81655,26764],[0,-18],[-18,21],[18,-3]],[[81281,28528],[-14,-146],[30,-175],[-35,-11],[-15,-48],[52,-66],[139,-46],[-80,-167],[7,-133],[15,-38],[51,3],[19,-27],[-4,-200],[-30,-55],[97,-99],[81,-509]],[[81594,26811],[-4,-36],[19,-5],[-3,-22],[22,22],[-8,-25],[40,-21],[11,39],[79,-26],[-36,-62],[-136,14],[-170,-57],[-41,123],[-45,6],[-22,-19],[-8,9],[50,81],[7,52],[-24,-67],[-2,36]],[[81323,26853],[16,18],[-7,22],[-32,31],[31,-31],[6,-23],[-14,-17]],[[81323,26853],[-33,-105],[12,-9],[19,18],[42,-2],[11,-89],[26,-15],[-4,-19],[-68,13],[-11,27],[-83,-18],[-18,-115],[-94,26],[-12,-33],[-65,-8],[-14,-15]],[[81031,26509],[-8,-18]],[[81023,26491],[-15,-38],[-40,-15]],[[80953,26437],[-18,4]],[[79000,27949],[119,202],[-29,287],[-28,39],[50,236]],[[79112,28713],[12,84],[-113,41],[-27,56],[25,92],[51,10],[-27,59],[25,63],[124,-15],[70,21],[-32,49],[24,4],[-1,43],[60,-32],[53,26],[73,-16],[-39,-27],[51,-13],[51,120],[79,37],[9,80],[32,1],[-11,-78],[20,-5],[22,15],[-19,62],[83,27],[-70,218],[41,70],[-40,32],[30,17],[-57,54],[40,91],[32,-6],[3,-32],[17,29],[-7,167],[44,9],[52,-48],[-13,-137],[78,-135],[0,-68],[71,14],[55,-54],[34,19],[15,58],[93,9],[45,75],[170,5],[4,40],[285,118]],[[83956,28774],[11,31],[34,-47],[-45,16]],[[83839,28886],[56,-47],[14,-63],[-70,110]],[[83862,28895],[50,-10],[-16,-10],[24,-60],[-77,92],[19,-12]],[[83742,28999],[28,-15],[-16,-23],[-31,4],[19,34]],[[83784,28977],[24,-37],[-40,14],[8,27],[-9,17],[17,-21]],[[84082,29159],[6,-30],[-26,8],[11,-23],[-15,15],[8,-21],[-60,-36],[-64,-135],[67,183],[32,35],[7,-11],[7,23],[14,-8],[17,20],[-4,-20]],[[84082,29159],[19,38],[32,-26],[-49,-53],[9,23],[-11,18]],[[84177,29183],[9,24],[-7,-46],[-20,-8],[18,30]],[[84081,29223],[4,-23],[-1,17],[10,4],[11,-20],[-36,-40],[-8,33],[6,21],[13,-5],[-10,14],[11,-1]],[[84188,29204],[30,19],[-7,-16],[-1,-18],[-22,15]],[[84634,29355],[25,-33],[-74,48],[49,-15]],[[84701,29440],[20,-38],[-80,64],[60,-26]],[[84441,29612],[7,9]],[[84448,29621],[-27,-54],[20,45]],[[84463,29680],[44,-14],[26,-45],[7,-88],[-106,47],[17,41],[-10,15],[3,23],[-7,7],[6,11],[-5,3],[25,0]],[[85074,31539],[18,-14],[-35,-113],[-150,-164],[-264,71],[-180,-53],[-53,-27],[-89,-127],[-15,-70],[-55,-34],[26,-49],[-23,-49],[145,-49],[-34,-57],[114,-39],[-73,-103],[38,-77],[84,-4],[-40,-156],[-46,-12],[224,-122],[8,-65],[-46,-112],[36,-98],[-104,-33]],[[84560,29983],[-19,14]],[[84541,29997],[-121,42],[15,69],[-23,65]],[[84412,30173],[-12,24]],[[84400,30197],[12,-24]],[[84412,30173],[-88,109],[-32,96],[-4,-18],[-66,56],[-16,82],[-64,18],[-35,63],[30,-66],[68,-17],[7,-77],[79,-68],[29,-72],[69,-79],[32,-55],[-14,-94],[57,-54],[-44,-30],[4,-28],[-23,6],[-17,-4],[11,-21],[-20,-14],[-38,-1],[-8,-5],[-2,-1],[-5,3],[-2,12],[-10,9],[-1,0],[-15,-8],[-26,-24],[-20,-10],[-28,10],[-20,-9]],[[84200,29882],[-3,-1]],[[84200,29882],[21,8],[8,-8],[15,-3],[7,2],[19,10],[22,21],[18,9],[0,2],[5,-6],[4,-5],[2,-12],[7,-1],[11,6],[12,-5],[23,3],[22,14],[3,9],[-9,15],[30,-14],[22,14],[-8,26]],[[84434,29967],[2,4]],[[84436,29971],[-2,-4]],[[84434,29967],[40,22],[-15,26],[54,-17],[132,-96],[4,-41]],[[84649,29861],[18,-70],[-19,-10]],[[84648,29781],[8,-20]],[[84656,29761],[3,-16]],[[84659,29745],[-2,-2]],[[84657,29743],[-33,-48],[6,-44],[-33,-4],[3,19]],[[84600,29666],[-24,14],[21,-29],[-29,5]],[[84568,29656],[10,-14],[38,3],[-17,-10]],[[84599,29635],[-34,9],[13,-38],[21,29]],[[84599,29635],[30,7],[8,-29],[-38,-24]],[[84599,29589],[-13,-10]],[[84586,29579],[13,10]],[[84599,29589],[38,20],[19,-45],[-27,0]],[[84629,29564],[32,-8],[39,-92],[-87,38],[-10,39],[5,-33],[-31,18],[5,33],[-26,-17],[3,88]],[[84559,29630],[-22,36],[27,3]],[[84564,29669],[-48,21]],[[84516,29690],[5,2]],[[84521,29692],[-5,-2]],[[84516,29690],[-68,-10],[-10,22],[-22,-39],[24,12],[-6,-19]],[[84434,29656],[-2,-9]],[[84434,29656],[7,-24],[-27,22],[-2,-16],[36,-17]],[[84448,29621],[-7,-9]],[[84441,29612],[-30,-5]],[[84411,29607],[13,-31],[-15,10],[5,-22],[-47,-41],[61,32],[135,-61],[216,-182],[-98,13],[-92,70],[-367,-79],[-102,57],[-10,-31],[32,15],[58,-38],[-102,6]],[[84098,29325],[53,-6],[-9,-30],[33,17],[-11,-29],[-26,6],[29,-23],[23,35],[-4,-36],[28,4],[-9,30],[17,-25],[4,18]],[[84226,29286],[76,4],[-30,-12]],[[84272,29278],[-32,-19]],[[84240,29259],[6,-29],[-50,23]],[[84196,29253],[-17,-29],[-14,35],[2,-50],[-14,33]],[[84153,29242],[11,-39],[-30,-14],[34,-55],[24,-22],[-35,40],[30,-32],[-6,23]],[[84181,29143],[-1,-5]],[[84180,29138],[1,5]],[[84181,29143],[29,10],[-18,23],[35,10],[-16,15],[28,0],[3,-12],[-14,-3],[16,2],[-6,24],[-4,5],[18,-19]],[[84252,29198],[20,56],[41,-3]],[[84313,29251],[-13,12],[67,43],[-19,-29],[31,-9],[-45,3],[14,-44],[-18,14],[-5,-35]],[[84325,29206],[1,-2]],[[84326,29204],[-1,2]],[[84325,29206],[13,24],[10,-20]],[[84348,29210],[1,41],[32,14],[-6,39],[25,6],[147,24],[111,-63]],[[84658,29271],[25,-8]],[[84683,29263],[146,-27]],[[84829,29236],[8,-15]],[[84837,29221],[55,-69],[-131,-135],[-380,-196],[-225,-25],[-158,9],[17,21],[-25,-2],[-27,51],[48,145],[83,70],[68,-3],[-23,90],[-29,46],[2,-9],[0,-10],[-8,-7],[5,17],[-3,-7],[-10,11],[0,5],[-5,-2],[4,2],[10,-9],[6,3],[-6,-2],[-10,9],[-11,-6],[-5,9],[-7,2]],[[84072,29229],[-9,21]],[[84063,29250],[9,-21]],[[84072,29229],[-10,-17],[-24,39],[-16,-22],[-9,36],[7,-39],[36,-8],[-8,-38],[-47,-36],[-48,-107],[12,38],[-34,-6],[19,-32],[-27,20],[-14,-171],[-58,18],[-66,97],[-93,16],[-4,37]],[[83688,29054],[17,21],[-3,4],[-4,-3],[-2,11],[-13,6],[1,-18],[4,13],[1,-9],[5,6],[-1,-9],[5,-1],[5,3],[-20,-15],[4,-29],[-13,-2],[10,-15]],[[83684,29017],[20,-19],[-35,6],[35,-18]],[[83704,28986],[-2,-6]],[[83702,28980],[2,6]],[[83704,28986],[22,4],[-16,-24],[24,-18],[-42,26]],[[83692,28974],[-3,0]],[[83689,28974],[3,0]],[[83692,28974],[-12,-6]],[[83680,28968],[-25,6],[24,7],[-18,29],[0,-29],[-7,21],[-11,-18]],[[83643,28984],[-52,27],[-17,-19],[31,6]],[[83605,28998],[-2,3]],[[83603,29001],[2,-3]],[[83605,28998],[17,-11],[-75,-9],[5,18],[-25,-31],[23,36],[-42,3],[-19,-46],[25,7],[-50,-19],[-22,19],[22,-25],[52,15],[-52,-21],[-37,31],[25,13],[1,21],[-4,11],[-14,4],[-7,11],[-48,-3],[11,26],[-18,-16],[-12,3],[1,-13],[-16,-5],[17,3],[0,12],[15,-13],[43,1],[26,-13],[1,-29],[-41,0],[12,-15],[-15,0],[66,-44],[17,17],[-8,-26]],[[83479,28910],[9,-27],[-67,11],[-20,46],[-269,106],[16,33],[90,-41],[7,28],[-76,34],[33,88],[-95,36],[-193,152],[-77,-86],[-142,-73],[-287,-68],[-30,13],[8,118],[-51,50],[16,30],[58,-8],[-112,135]],[[82935,31714],[32,15],[18,-66],[74,10],[135,-47],[29,25],[9,72],[83,21],[153,-101],[71,-15],[71,32],[7,42],[69,53],[94,-41],[79,29],[28,75],[156,-6],[156,48],[37,-72],[69,18],[49,-29],[173,98],[21,-78],[56,-33],[-27,-86],[24,-26],[160,-15],[84,39],[50,-27],[41,-93],[63,-10],[22,-33],[53,26]],[[77824,26559],[-126,-7],[-42,21],[-108,-67],[-270,32]],[[77278,26538],[-79,-32],[-87,-90],[-23,22],[-113,-65],[-32,2],[-18,41],[-51,-27],[21,-43],[-20,-69],[-47,-27],[-68,39],[-58,-35],[-216,127],[48,79],[-113,-40],[-167,198]],[[76255,26618],[34,87],[-26,99],[-190,10],[-14,29],[-68,-2],[8,40],[-44,0]],[[75955,26881],[30,211],[-23,56],[-4,256]],[[75958,27404],[9,71],[-46,65],[-31,202],[49,299],[5,288],[65,-7],[65,51],[9,136],[94,51],[9,104]],[[76186,28664],[36,80],[77,68],[219,29],[52,54]],[[76570,28895],[31,-24],[-62,-39],[6,-138],[25,-7],[7,-73],[16,12],[13,-28],[14,32],[37,-11],[-31,-149],[35,-5],[1,-51],[112,-97],[30,-101],[75,23],[66,42],[-25,65],[43,45],[45,17],[5,-29],[165,54],[-2,46],[183,83],[181,380],[-114,45],[-30,48],[18,73],[-55,-5],[-11,41]],[[77348,29144],[41,12],[-1,82],[30,16],[37,151],[35,17],[42,-20],[49,45],[3,40],[-73,4],[14,45]],[[77525,29536],[195,-39],[72,-359],[27,11],[67,-67],[57,29],[-12,45],[54,18],[30,5],[42,-39],[-9,-22],[51,11],[37,-100],[45,-3],[-36,-34],[8,-95],[174,31],[14,33],[164,76],[157,18],[32,-77],[-24,-69],[56,-49],[-30,-83],[113,-24],[6,-22],[49,16],[14,41],[13,-41],[221,-34]],[[76570,28895],[53,65],[118,-23],[136,31],[59,-20],[71,71],[116,35],[45,75],[90,-3],[49,33],[41,-15]],[[81956,26757],[-50,-14],[4,24],[46,-10]],[[82353,26752],[-11,-3],[3,9],[15,5],[-5,-6]],[[82355,26757],[-2,-5]],[[82494,26733],[-17,16]],[[82477,26749],[25,3],[-8,-19]],[[82634,26760],[-7,-45],[-68,33],[3,19],[72,-7]],[[82656,26773],[18,-4],[-22,-30],[4,34]],[[82528,26776],[-1,-25],[-25,6],[26,19]],[[82500,26757],[-27,24],[34,-2],[-7,-22]],[[82459,26767],[-22,21],[27,2],[-5,-23]],[[82353,26752],[2,5]],[[82355,26757],[50,34],[72,-42]],[[82477,26749],[17,-16]],[[82494,26733],[23,15],[-8,-20],[14,5],[33,-29],[-37,20]],[[82519,26724],[-1,-14],[-87,57],[-32,2],[-46,-18],[-18,-5],[-14,0],[36,59],[64,3],[-61,-3],[-21,-44],[3,-7],[-5,-6],[16,4]],[[82625,26804],[0,-9],[31,7],[-27,-27],[-6,27],[10,11],[-8,-9]],[[82669,26822],[87,-9],[15,-22],[-116,-58],[108,65],[-84,12],[-25,-19],[-8,-42],[-15,26],[33,33],[5,14]],[[82663,26823],[-27,-6],[-14,-13],[-3,-22],[-192,16],[70,22],[120,-35],[-10,16],[28,19],[28,3]],[[82896,28080],[-7,-6],[-6,5],[-31,-5],[0,20],[44,-14]],[[82956,28026],[34,3],[-94,-39]],[[82896,27990],[-61,-9],[-116,52],[-20,35],[14,27],[119,2],[5,-20],[-38,15],[28,-16],[48,-3],[9,4],[5,-4],[9,4],[49,-28],[0,15],[9,-38]],[[82910,28091],[1,-18],[-26,18],[25,0]],[[82421,28142],[18,-57],[42,-21],[-46,-40],[40,22],[18,-23],[-19,-53],[-39,-20],[-145,38],[50,38],[48,121],[33,-5]],[[83854,28248],[-71,-94],[67,119],[4,-25]],[[83483,28270],[-11,20],[26,-11],[-15,-9]],[[83549,28385],[10,-11]],[[83559,28374],[-22,-7],[12,18]],[[83576,28684],[56,-21],[-50,-58],[-34,21],[20,37],[-12,18],[20,3]],[[83528,28691],[17,0],[6,-9],[-11,5],[-14,-9],[-2,-23],[-12,23],[-20,-8],[36,21]],[[83688,28720],[40,-14],[-87,16],[47,-2]],[[83896,28699],[1,14]],[[83897,28713],[24,-17],[-33,-18],[8,21]],[[83523,28723],[-104,23]],[[83419,28746],[-13,-5]],[[83406,28741],[-15,11]],[[83391,28752],[38,54],[30,-32],[50,-4],[83,-56],[-69,9]],[[83564,28799],[28,0],[6,-61],[-36,18],[2,43]],[[83766,28900],[24,-15],[-62,22],[38,-7]],[[83479,28910],[127,50],[13,-26],[159,-45],[116,-158],[-20,9]],[[83874,28740],[-12,21],[-17,-17],[-1,-22],[51,-13],[-42,-54],[-91,29],[-44,39],[-30,-3]],[[83688,28720],[-65,17],[4,57],[-24,30],[-54,-13],[-22,-46],[-25,26]],[[83502,28791],[-20,3]],[[83482,28794],[-4,-8]],[[83478,28786],[4,8]],[[83482,28794],[-4,5]],[[83478,28799],[-15,-3]],[[83463,28796],[3,-7],[-13,2],[-4,14],[-28,3],[-30,-56]],[[83391,28752],[-12,0]],[[83379,28752],[27,-11]],[[83406,28741],[13,5]],[[83419,28746],[74,-24],[-7,-67],[28,18],[2,-31],[24,40],[4,-18],[21,3],[-46,-27],[37,5],[-33,-41],[56,-2],[-49,-12],[12,-37],[67,61]],[[83609,28614],[35,29]],[[83644,28643],[140,-66],[5,-29],[-4,27],[40,-13],[-108,-80],[-27,13],[22,-19]],[[83712,28476],[0,-5]],[[83712,28471],[0,5]],[[83712,28476],[-120,-123],[-33,21]],[[83559,28374],[-10,11]],[[83549,28385],[-34,24],[-7,-30],[51,-59],[-95,-12],[-19,-27]],[[83445,28281],[-126,-9],[-21,36],[-9,-30],[-73,-3],[-14,21],[-7,-18],[-6,29],[-116,24],[-43,43],[-20,-43],[-8,-65],[-47,1],[36,-13],[14,6],[28,44],[10,-22],[-3,20],[29,-6],[-71,-50],[-88,39],[-17,71],[-52,-65],[34,-12],[-63,0],[-62,55],[24,-58],[-70,-51],[-89,18],[-1,-47],[24,29],[-4,-35],[24,25],[-21,-40]],[[82637,28175],[40,12],[-68,-28],[-44,3],[44,4],[-56,29],[12,-53],[-32,-4],[-125,101],[-80,18],[-7,-33],[26,-17],[-80,-155],[-32,73],[-74,10],[-20,78],[3,-60],[-19,37]],[[82125,28190],[0,5]],[[82125,28195],[0,-5]],[[82125,28190],[13,-42],[-38,42],[29,34]],[[82129,28224],[-40,-34],[-124,61]],[[81965,28251],[-54,37]],[[81911,28288],[-15,65],[4,-69],[39,-30],[-21,4],[180,-81],[48,-82],[49,0],[18,-9],[-20,6],[18,-22],[-16,-29]],[[82195,28041],[55,-33],[3,-39],[2,28],[12,-36],[31,-6],[1,-38],[26,14],[-17,-29],[31,-4],[-17,4],[20,24],[-6,-21],[25,-7],[5,27],[-16,-20]],[[82350,27905],[-5,21],[30,11],[106,-54],[151,-17],[-35,-27],[-1,-21],[5,13],[30,0],[-27,-10],[0,-31],[2,23],[19,5],[16,30],[26,-18],[-28,-3],[9,-17],[24,-4],[-23,-3],[10,-13],[-36,-24],[47,26],[6,17],[-16,10],[17,9],[7,-25],[15,40],[76,-33],[52,9],[-171,-122],[41,-36]],[[82697,27661],[-6,-46],[-64,-10],[16,-48],[-68,45],[-12,-38],[-7,35],[3,-36],[30,0],[-40,-32],[2,-32],[31,8],[-17,25],[60,19],[6,-29],[49,1],[40,31],[-27,13],[48,27],[-2,97],[68,42],[38,-21]],[[82845,27712],[8,-110]],[[82853,27602],[37,-47],[-1,-26],[-25,-4],[3,-6],[28,4],[-12,-12],[-16,6]],[[82867,27517],[38,-48],[-17,38],[13,24],[0,7],[-15,28],[34,18],[-51,10],[12,123],[-33,37],[121,61],[43,-28],[-14,31],[19,12],[60,-18],[-60,36],[20,115],[113,-4],[121,52],[41,-14],[73,-87],[156,30],[16,-47],[1,56],[161,84],[118,168],[5,-33],[55,149],[118,67],[110,10]],[[84125,28394],[-3,-7]],[[84122,28387],[3,7]],[[84125,28394],[47,30],[65,-43]],[[84237,28381],[83,-50],[54,-109]],[[84374,28222],[2,-42]],[[84376,28180],[14,-11]],[[84390,28169],[-11,24],[27,-31],[-7,-21]],[[84399,28141],[-17,-12],[21,4],[-3,-36],[-17,6],[18,-15],[-17,-6],[-11,-11],[-5,2],[-10,-8],[19,2],[18,18],[7,-20],[-5,-21],[12,-2],[-26,-101],[-37,-15],[26,5],[-26,-91]],[[84346,27840],[16,-65],[-37,-37],[2,-62],[10,-79],[31,-34],[-21,1]],[[84347,27564],[22,-13]],[[84369,27551],[10,-19],[-21,5]],[[84358,27537],[-3,1]],[[84358,27537],[-18,-9],[42,3],[9,-32],[-55,21]],[[84336,27520],[53,-49],[-130,9],[46,-25],[84,10],[16,-25],[-20,-21],[-47,20],[8,-23],[50,3],[-21,-27],[-66,17]],[[84309,27409],[-12,25],[-16,-6],[21,-22],[-30,7],[114,-41],[-132,7],[25,-16]],[[84279,27363],[-19,14],[52,-17],[-39,-33],[47,36],[11,-25]],[[84331,27338],[8,22],[47,-9],[-91,-40]],[[84295,27311],[80,25],[-13,-30],[-81,-1],[-6,-14],[5,-24],[1,27],[83,9],[-33,-27]],[[84331,27276],[25,-5],[-47,-15],[43,-3],[-46,-9],[41,2],[1,-21],[-64,1],[63,-4],[-4,-31],[-49,0]],[[84294,27191],[-29,-3],[23,-19]],[[84288,27169],[7,1]],[[84295,27170],[-7,-1]],[[84288,27169],[30,9]],[[84318,27178],[24,4],[6,-31],[-45,-17],[42,-4],[-16,-49],[-22,0],[14,-80],[-32,-59],[13,-212],[-92,-109],[-10,8],[-58,-7],[54,2],[-52,-33]],[[84144,26591],[-130,-68],[-116,24],[-277,-42],[-185,42],[-45,-23],[-91,9],[-68,38],[-96,6],[-11,50],[-1,-53],[-101,8],[-99,127],[-164,119],[2,24],[-9,-23],[-104,15],[-2,-4],[-29,-2],[6,35],[-13,-27],[4,-9],[9,-3],[-37,-27],[-95,33],[-41,-20],[-83,14],[-75,-97],[-61,3],[-50,36],[-34,-33],[-143,-9],[-2,30],[0,-16],[-27,-6],[26,6],[-6,25],[-48,-12],[2,43],[-28,-2],[-2,-33],[-11,22],[-21,4],[17,-10],[-4,-31],[-22,-3],[21,-2],[5,20],[-2,-24],[-30,1],[-7,88],[42,-39],[19,31],[-88,48],[0,23],[25,2]],[[81864,26899],[11,-18],[-25,7],[36,-20],[-15,41],[-30,11],[23,-21]],[[81864,26899],[-31,21]],[[81833,26920],[2,-47],[-14,48],[-4,-40],[-29,13],[20,27],[-37,-34],[83,-47],[-7,-86],[-210,37],[-38,-10],[-5,30]],[[83396,25731],[4,-44],[30,-27],[22,-67],[-78,-10],[-49,65],[-13,51],[28,-21],[-16,13],[28,40],[-37,-18],[66,83],[15,-65]],[[82598,25891],[-9,0]],[[82589,25891],[8,1]],[[82597,25892],[1,-1]],[[82598,25891],[-1,1]],[[82597,25892],[22,5],[-21,-6]],[[83403,26037],[18,-104],[-115,-208],[-7,-71],[-39,40],[7,82],[-30,6],[-2,53],[-55,33],[-11,98],[129,151],[120,-11],[-15,-69]],[[83680,26179],[-26,-51],[-62,-10],[38,32],[-18,17],[58,37],[10,-25]],[[83662,26300],[14,-79],[-49,33],[12,44],[23,2]],[[81021,26438],[1,-7]],[[81010,26452],[8,-3]],[[81031,26509],[-8,-18]],[[83321,26461],[-34,-18],[5,23],[29,-5]],[[81759,26570],[-31,-11],[0,15],[25,2]],[[81753,26576],[-24,-8],[30,2]],[[83737,25657],[-11,-27],[-23,30],[18,-47],[-65,-53]],[[83656,25560],[-87,-27],[-118,71],[-12,54],[-26,26],[-27,133],[31,69],[11,-33],[10,51],[45,15],[22,-13],[12,-59],[85,-20],[7,-45],[46,-23],[-50,82],[-82,15],[-18,66],[-24,9],[-31,-19],[-11,185],[179,-27],[67,41],[30,38],[12,205],[63,66],[190,-30],[198,54],[57,-12],[110,58],[109,-9],[-1,-26],[4,26],[34,1],[-81,-169],[-175,-238],[-378,-349],[-70,-44],[-41,21],[32,-28],[-41,-18]],[[81782,26579],[-17,-9],[16,43],[1,-34]],[[81817,26633],[-30,-14],[18,25],[-19,37],[43,-13],[-12,-35]],[[81839,26647],[-18,48],[27,-17],[-9,-31]],[[81823,26704],[-57,-18],[16,32],[41,-14]],[[81823,26704],[-41,15],[-29,-60],[23,59],[14,7],[35,-7],[-2,-14]],[[83110,26355],[6,26],[-55,45],[-27,-4],[39,-21],[-107,-11],[-22,65],[10,-62]],[[82954,26393],[-14,12],[4,-18],[23,-3],[-30,-27],[-52,-12],[11,-23],[77,58],[111,10],[5,-50],[142,-102],[35,-91],[-200,-169],[-29,9],[10,18],[-16,-19],[-76,15],[-95,-65],[-33,18],[-43,-24],[-88,75],[-29,-27],[77,-26],[6,-48],[-35,-15],[-88,27],[-107,-42]],[[82520,25874],[-110,5],[36,-37],[-109,-72],[120,63],[174,11],[8,28],[-5,-27],[33,12],[-27,-13],[18,-5],[18,24],[68,2],[-16,-33],[27,-6],[15,21],[-20,13],[39,31],[50,-14],[129,77],[89,-20],[93,40],[7,-97],[-117,-50],[41,-117],[5,27],[22,-23],[-135,-35],[70,5],[10,-21],[87,56],[-52,25],[21,18],[51,-40],[4,-28],[-33,-6],[40,-1],[15,41],[-127,72],[110,62],[55,-35],[-13,-38],[71,-143],[-28,-38],[61,25],[38,-23],[6,-54],[0,30],[40,-20],[42,18],[103,-66],[-17,-65],[-246,-161]],[[81020,26402],[-1,-30],[8,-9],[-7,10],[3,62],[-9,26],[31,62],[32,-2]],[[81078,26521],[37,9],[32,28],[74,-34],[13,117],[68,16],[15,-27],[92,-15],[128,41],[134,4],[-23,-6],[33,-13]],[[81681,26641],[27,-17]],[[81708,26624],[-18,6]],[[81690,26630],[18,-6]],[[81708,26624],[51,11],[-26,-11],[15,-39],[-20,-2],[25,-7]],[[81753,26576],[-33,-3]],[[81720,26573],[5,-15],[34,4],[3,21],[1,-45]],[[81763,26538],[31,0],[-10,75],[26,6],[29,28]],[[81839,26647],[15,-12],[-28,-20],[29,18],[-5,44],[-14,21],[-12,0],[14,17],[111,-29],[334,3],[129,33],[71,-75],[62,-6],[129,18],[107,80],[98,-65],[82,-124],[-19,-63],[-46,-31],[46,7],[24,76],[221,-30],[-21,12],[72,-30],[15,-13],[-32,1],[67,-51],[-28,50],[29,-41],[46,32],[-46,-38],[34,-14],[11,27],[-9,-30],[139,2],[-58,42],[104,-21],[-46,-26],[186,-86],[18,82],[-43,12],[48,-3],[-13,-100],[-184,71],[47,-78],[83,-11],[29,-80],[-71,-62],[9,-36],[-296,47],[-24,68],[17,6],[-160,114]],[[85209,28989],[-27,-5],[38,42],[-11,-37]],[[85141,28992],[7,-20]],[[85148,28972],[-7,20]],[[85141,28992],[29,19],[-19,-108],[29,-34],[-14,-12],[22,0]],[[85188,28857],[20,-16],[-31,6],[15,-39],[14,-12],[1,16],[7,-30],[-1,17],[29,-34],[34,-12],[-63,11],[-52,80],[-45,200],[25,-52]],[[85205,29266],[-73,-34],[-51,19],[124,15]],[[85244,29327],[-3,-24],[-15,27],[9,-32],[-55,-9],[5,18],[49,35],[43,4],[-1,5],[11,-23],[-43,-1]],[[85316,29360],[11,-15],[-16,-6],[-10,22],[7,-16],[-5,-5]],[[85303,29340],[-5,5],[3,1],[-3,0],[3,9],[-2,6],[2,2]],[[85301,29363],[15,-3]],[[87115,30228],[51,-49],[3,29],[20,-14],[23,22],[4,-32],[-44,-17],[-57,61]],[[87021,30243],[10,6]],[[87031,30249],[25,21],[13,-18],[-48,-9]],[[86867,30295],[-2,-30],[-19,27],[21,3]],[[86891,30289],[14,-33],[-24,-4],[-6,45],[16,-8]],[[86696,30324],[-10,-24],[-44,18],[54,6]],[[87198,30247],[12,-25],[-25,-23],[-114,81],[24,32],[88,-20],[15,-45]],[[87345,30351],[-22,2]],[[87323,30353],[4,9]],[[87327,30362],[6,-2]],[[87333,30360],[12,-9]],[[86732,30395],[-36,-53],[-41,-13],[-42,25],[70,9],[49,32]],[[86726,30274],[-54,0],[58,41],[-6,14],[1,4],[19,30],[-18,-33],[35,-35],[14,41],[-21,17],[26,27],[35,-8],[-27,-40],[15,-12],[6,9],[-7,-24]],[[86802,30305],[24,61],[2,40],[-79,-41],[80,53],[2,-61],[-24,-69],[-81,-14]],[[87265,30404],[16,-24],[-46,-18],[30,42]],[[87168,30412],[7,-109],[-76,23],[-1,19],[42,-3],[28,70]],[[86678,30455],[6,-19],[-24,22],[18,-3]],[[87116,30354],[-32,8]],[[87084,30362],[-4,-3]],[[87080,30359],[4,3]],[[87084,30362],[-4,-3]],[[87080,30359],[-60,-32],[-13,-86],[-64,11],[-28,66],[-68,20],[29,93],[132,-6],[105,41],[32,-29],[-12,-87],[-17,4]],[[86841,30540],[19,-6],[20,-44],[-3,-7],[-62,-15],[-7,-28],[-87,-16],[81,16],[9,29],[66,18],[-23,45],[-55,2],[42,6]],[[86933,30611],[9,-17],[-4,-13],[53,-73],[-98,14],[9,77],[14,4],[-2,12],[19,-4]],[[86861,30680],[7,-37],[-95,36],[88,1]],[[86903,30736],[44,-84],[63,-9],[16,-64],[-19,-51],[-26,6],[-42,74],[-9,7],[-17,0],[-11,-10],[-24,38],[-15,72],[15,29],[25,-8]],[[86961,30730],[30,-10],[14,-55],[-34,3]],[[86971,30668],[-58,74],[-45,12],[23,-3],[4,18],[22,-1],[13,-8],[-4,-15],[35,-15]],[[87113,30905],[-43,23],[-16,-20]],[[87054,30908],[5,51],[64,-4],[-10,11],[20,-13],[-8,2],[8,-14],[-20,-36]],[[85331,31512],[70,-107],[144,10],[24,-33],[79,17],[144,-58],[48,15],[67,-40],[65,24],[97,-15],[70,22],[39,56],[171,21]],[[86349,31424],[1,-7]],[[86350,31417],[94,-76],[65,-16],[169,30],[51,-36],[32,19],[-1,-27],[8,27]],[[86768,31338],[19,-34],[107,10],[61,92],[61,35],[132,-9],[53,-33],[8,-49],[102,-45],[-15,79],[65,6],[-7,43],[68,21],[-18,-19]],[[87404,31435],[4,-151],[48,-32],[-69,26],[-55,-41],[-198,-281],[22,68]],[[87156,31024],[-33,-25]],[[87123,30999],[-11,-8]],[[87112,30991],[11,8]],[[87123,30999],[14,-27],[-36,10]],[[87101,30982],[12,-15]],[[87113,30967],[-21,15]],[[87092,30982],[14,-18],[-34,3],[10,11],[-17,-11],[29,-6],[-34,3],[-8,-11],[-1,-60],[51,-57],[-48,57],[0,15]],[[87054,30908],[16,18],[19,-18],[-12,-38],[16,38],[14,-29],[-23,-15],[25,9],[4,32]],[[87113,30905],[12,-10],[-50,-169],[-54,-80],[2,43],[-9,-22]],[[87014,30667],[-15,37]],[[86999,30704],[25,13]],[[87024,30717],[26,-8],[-16,9],[38,26],[-32,-17]],[[87040,30727],[-34,-12]],[[87006,30715],[-19,17]],[[86987,30732],[-17,4]],[[86970,30736],[-9,-6]],[[86961,30730],[7,20],[-22,-2],[-11,9],[-2,-4],[0,6],[-15,9],[-42,12],[-63,-65],[-84,-27],[-7,-30],[69,4],[87,-68]],[[86878,30594],[-39,-42],[-115,14],[5,-55],[-69,2],[7,-24]],[[86667,30489],[-61,-8],[18,-3],[-16,-30],[29,-66],[52,0],[24,36],[-12,-32],[-12,-8],[-99,-9],[23,-25],[-46,-15],[-19,-44],[-46,15],[-79,-23],[56,11],[53,-35],[88,23],[15,-14],[-22,-51],[41,35],[-13,-26],[45,6],[-19,30],[19,-27],[29,9]],[[86715,30238],[-16,-18],[18,-17],[27,32]],[[86744,30235],[9,20]],[[86753,30255],[46,-2],[46,38],[24,-41]],[[86869,30250],[-15,-13],[26,-8]],[[86880,30229],[-29,-1]],[[86851,30228],[-14,-46],[62,-30],[-19,2],[-15,-47],[28,13],[-32,-36],[29,-12]],[[86890,30072],[7,-9]],[[86897,30063],[3,-30],[41,100],[52,-40],[42,6],[12,43],[15,-44],[-19,-11]],[[87043,30087],[33,3],[-30,-13],[10,-29],[32,30],[-11,85],[50,13],[-42,-33],[50,23],[28,-17]],[[87163,30149],[67,12],[13,-19],[-8,-23],[-2,33],[-40,-15],[44,-32],[-33,8],[16,-39],[-11,19],[-24,-53],[37,-57],[6,65],[47,-18],[-43,30],[30,79],[-51,226],[161,-21],[-27,7]],[[87345,30351],[-12,9]],[[87333,30360],[-6,2]],[[87327,30362],[-4,-9]],[[87323,30353],[-1,3]],[[87322,30356],[-13,15]],[[87309,30371],[-56,47]],[[87253,30418],[-5,-2]],[[87248,30416],[5,2]],[[87253,30418],[0,-24]],[[87253,30394],[-16,-2]],[[87237,30392],[-2,-17]],[[87235,30375],[-2,2]],[[87233,30377],[-8,14]],[[87225,30391],[7,12],[-11,-5],[9,6],[-9,-4],[6,6],[-9,1]],[[87218,30407],[-3,8]],[[87215,30415],[-4,9]],[[87211,30424],[21,7]],[[87232,30431],[-21,-7]],[[87211,30424],[1,-6],[15,-36],[-27,46],[45,11],[-71,10],[0,53],[34,-18],[-21,-3]],[[87187,30481],[225,-160],[8,-42],[-28,-163],[-119,-162]],[[87273,29954],[-336,-461],[-172,-165],[-617,-379]],[[86148,28949],[-109,-111],[-104,-12],[-58,-55],[-298,17],[-154,-39],[-88,-8],[-109,11],[106,-3],[64,12],[-23,1],[26,11],[9,-8],[22,29],[111,-11],[-111,13],[-14,-16],[-49,-15],[-3,-9],[-5,33],[-9,-7]],[[85352,28782],[-2,4]],[[85352,28782],[10,-24],[-29,-8],[-51,3],[-40,15],[35,-7]],[[85277,28761],[-36,9],[-39,54],[43,18],[-17,-36],[41,-35],[-32,43],[40,39],[-10,86]],[[85267,28939],[7,6]],[[85274,28945],[-38,-27],[1,-30],[25,13],[-24,-16],[26,12]],[[85264,28897],[-3,-43],[-11,21],[9,-22],[-32,0]],[[85227,28853],[-27,7],[14,20],[-25,-11],[30,25],[-23,-12]],[[85196,28882],[2,4]],[[85198,28886],[0,9]],[[85198,28895],[-18,-16],[-10,60]],[[85170,28939],[3,4]],[[85173,28943],[15,17]],[[85188,28960],[11,-47]],[[85199,28913],[21,-1]],[[85220,28912],[-22,42],[26,-36],[-10,24],[34,-3],[-17,1]],[[85231,28940],[15,14],[-18,6],[30,-9]],[[85258,28951],[-4,33],[-41,-24],[23,39],[-37,-33],[18,21]],[[85217,28987],[-18,-18],[10,20]],[[85209,28989],[26,22],[-16,18],[28,-28]],[[85247,29001],[28,-49]],[[85275,28952],[-28,49]],[[85247,29001],[-33,33],[-19,-14],[-73,120],[-109,78],[29,32],[64,-46]],[[85106,29204],[178,38],[-5,-18],[37,-14],[-9,-25],[30,-6]],[[85337,29179],[-13,-3],[37,-6],[-17,0],[15,-8],[44,-1],[-29,3]],[[85374,29164],[7,7],[18,-7],[11,13],[22,-33],[10,15],[-32,26],[-74,-2],[-11,32],[-30,29],[16,-23],[-16,5],[-9,24],[-34,-11]],[[85252,29239],[152,116],[27,124]],[[85431,29479],[22,41],[-42,-8],[-31,56],[33,-75]],[[85413,29493],[-2,0]],[[85411,29493],[2,0]],[[85413,29493],[6,-18],[-58,15],[-78,65],[-33,-61],[36,53],[66,-63],[69,-23]],[[85421,29461],[3,-5]],[[85424,29456],[-45,-75],[16,6],[-43,-20]],[[85352,29367],[-36,-7]],[[85316,29360],[-15,3]],[[85301,29363],[-3,-2],[3,-7],[-6,-6],[1,-5],[7,-3]],[[85303,29340],[7,-3],[-20,-7]],[[85290,29330],[-4,6]],[[85286,29336],[-3,7]],[[85283,29343],[7,-13]],[[85290,29330],[5,1],[-5,-3],[-2,2],[-9,21],[-12,16],[12,-18],[-12,14],[9,-15],[-42,-5],[-18,-12],[4,8],[-30,-21]],[[85190,29318],[-59,-41],[-122,23],[-38,-25],[-113,124]],[[84858,29399],[-60,53],[4,18],[18,-20],[-75,109],[-22,85],[-8,-22],[23,112],[-21,-3],[16,18],[17,-19],[-3,34],[36,-9]],[[84783,29755],[166,-75],[27,6],[-10,9],[14,21],[61,11],[-15,7],[-70,-26]],[[84956,29708],[-6,-18],[-31,34],[-25,-13],[-168,79],[-47,130],[-119,63]],[[85074,31539],[74,44],[59,-29],[46,56],[71,-35],[7,-63]],[[77525,29536],[-44,56],[43,73],[-46,51],[35,235],[75,2],[-20,39],[17,29],[-31,25],[25,31],[-17,54],[108,30],[0,23],[32,-24],[6,22],[64,12],[11,35],[-41,57],[24,20],[-165,145],[27,47],[-17,21],[69,92],[-40,33],[-102,-23],[11,-34],[-60,4],[-133,-81],[-49,22],[-16,-42],[-131,-12],[-26,401],[27,186],[-40,47],[-31,377],[-110,217],[24,88],[-81,81],[-11,108],[-174,-53],[-67,48]],[[76671,31978],[30,51],[15,204],[-53,74]],[[58387,30754],[-58,-264],[10,-54],[-57,-88],[-28,-176],[-99,0],[-17,-55],[-78,-36],[-106,92],[-100,9]],[[57854,30182],[8,59],[-56,2],[-5,59],[-26,3],[-8,-34],[-44,34],[-58,-29],[-8,65],[-43,-5],[5,56],[-42,-44],[-185,107],[-39,-51],[-8,41],[37,54],[-15,21],[-143,-43],[-4,70],[161,458],[131,-55],[56,114],[-27,54],[-2,179],[33,-37],[68,-3],[48,-65],[156,-9],[83,-61],[66,-4],[74,-62],[58,-7],[-5,-118],[69,-42],[-46,-99],[117,-48],[127,12]],[[61415,32031],[15,-39],[-42,-145],[56,-171],[89,-37],[-27,-61],[58,21],[27,-28],[117,-20],[152,-272],[-74,-30],[-193,-202],[38,-11],[-38,-57],[19,-17],[-13,-45],[89,-12],[-9,-166],[24,-41],[-104,-69],[-122,30],[-37,-66],[3,-74],[-56,-88],[17,-68],[-175,-173],[16,-18],[-18,-23],[53,-48],[42,-141],[-89,-238],[47,-278],[37,14],[-60,-237],[-85,-109],[-229,-164],[97,-86],[68,-104],[62,-255],[-11,-77],[70,-131],[-18,-13],[31,-128],[-91,-102],[62,-97],[7,-82],[205,-227],[64,-6],[58,-126],[-23,-15],[45,-47]],[[61569,27452],[-39,-39],[-81,-16],[-30,21],[-28,-21],[-59,31],[-7,89],[-62,26]],[[55912,26088],[95,269],[57,47],[-23,68],[-148,202],[-181,-112],[-52,38],[-29,81],[144,150],[-71,43],[16,26],[94,92],[29,-6],[59,45],[29,106],[52,38],[-54,57],[52,8],[17,54],[-38,11],[-9,95],[13,-20],[3,32],[80,-12],[42,34],[54,-69],[161,-30],[4,-30],[36,-6],[0,-47],[86,-150],[355,-16],[42,158],[-115,64],[-36,105],[-62,11],[99,117],[-1,43],[64,-32],[37,14],[14,-49],[59,-12],[76,52],[71,-6],[46,-64],[61,56],[18,-11],[80,150],[96,-30],[52,114],[-47,67],[-34,-11],[-11,220],[214,43],[68,-12],[109,59],[46,-13],[28,22],[-26,40],[8,53],[28,-19],[28,22],[21,-25],[55,61],[-100,12],[-3,67],[-74,22],[-8,28],[-96,-95],[-47,49],[-7,175],[35,177],[114,-24],[147,60],[-34,14],[4,51],[-56,68],[16,50],[-25,107],[-295,176],[-19,43],[17,87],[-54,15],[-44,85],[-54,27],[5,35]],[[57295,29502],[115,-5],[56,48],[7,62],[31,20],[-22,95],[46,-9],[60,56],[20,87],[-77,-9],[93,127],[-13,82],[143,-26],[90,80],[10,72]],[[58387,30754],[4,46],[82,-28],[54,165],[160,-131],[136,-58],[64,6],[4,32],[117,0],[5,29],[84,-34],[24,-21],[-5,-104],[132,-133],[93,-9],[50,110],[121,0],[-6,-42],[71,-22],[20,3],[-8,52],[101,-60],[74,56],[-12,36],[-63,26],[-164,-11],[108,171],[-171,57],[10,82],[-46,34],[42,100],[-274,145],[-42,-14],[-74,341],[71,80],[60,-3],[51,103],[15,-20],[45,17],[30,-32],[-19,-72],[50,-31],[56,5],[77,71],[65,-3],[-7,96],[61,138],[-131,47],[42,72],[116,101],[179,-107],[178,17],[39,-28],[72,9],[35,97],[57,38],[-46,87],[-97,-19],[-72,51],[-114,30]],[[59891,32322],[33,36],[-3,201],[94,127],[-49,18],[7,106],[-42,69],[-116,42],[-84,86],[-54,18],[5,151],[-19,44],[-59,-14],[-23,70],[43,21],[-22,8],[26,30],[118,7],[19,-30],[60,106],[130,-100],[114,190],[24,-87],[30,-14],[-3,62],[95,213],[59,59],[48,-3],[6,87],[191,94]],[[60519,33919],[182,-292],[74,-28],[88,131],[-19,-404],[155,-101],[28,101],[72,-8],[-30,-199],[48,-76],[83,2],[14,-44],[-54,-134],[7,-51],[233,-50],[33,-74],[64,12],[25,50],[72,-18],[50,43],[66,-18],[68,47],[3,-44],[59,-40],[-23,-86],[-72,-8],[-91,-101],[-38,-88],[0,-83],[-201,-178],[-36,-63],[5,-60],[31,-26]],[[55386,32542],[18,-54],[-27,-65],[105,-102],[59,15],[80,-62],[-9,-61],[20,-1],[24,-112],[-17,-169],[-34,-77],[122,11],[42,-56],[-14,-33],[32,3],[48,-60],[106,58],[156,-27]],[[56097,31750],[-9,-127],[28,-30],[8,-80],[-139,-21],[9,-115],[-49,22],[-65,-188],[102,-149],[-32,-35],[22,-146],[-109,-127],[10,-96],[53,-34],[-46,-6],[-126,-92],[-90,11],[-130,-196],[86,-103],[65,-4],[12,-114],[-63,-70],[-135,-35],[-73,9],[-51,-77],[6,-44]],[[55381,29903],[-46,-160],[59,-93],[-89,-35],[-23,-74],[26,-237],[108,-62],[-24,-72],[-150,-58],[-160,106],[-137,47],[-133,217],[-114,-6],[-94,-84],[-111,-242],[31,-164],[71,-64],[101,9],[189,-51],[34,-60],[-18,-64],[-247,-160],[-44,-13],[-1,45],[-7,-41],[8,-9],[19,8],[-101,-98],[-216,-147],[-36,-43],[-11,-77],[-98,-58],[-52,-65],[-83,-249],[-131,-48],[-60,-71],[-176,-60],[-47,-85],[-33,17],[40,30],[-97,-30],[-9,-42],[-39,3],[16,57],[-92,-158],[-131,-58],[-161,-124],[-140,-167],[19,-121],[-31,-13],[-119,-257],[-71,-66],[-17,-147],[34,-87],[-50,-98],[-43,18],[-14,78],[34,112],[-109,169],[22,89],[-11,57],[-28,41],[-68,-23],[-18,28],[105,172],[20,95],[-34,13],[-71,-77],[-75,34],[29,90],[132,3],[96,70],[-17,48],[-123,78],[34,97],[-10,99],[-122,96],[3,22],[29,3],[27,-36],[31,-8],[26,11],[15,24],[2,70],[-93,108],[-10,160],[-62,89],[133,83],[22,100]],[[52589,28337],[58,181],[-91,78],[-64,136],[48,119],[15,120],[-21,51],[52,93],[-60,65],[-17,59],[53,97],[115,27],[-12,182],[94,20],[-2,30]],[[56826,29881],[-312,-358],[-28,26],[24,48],[-34,31],[-93,-45],[-99,-1],[-64,-56],[-56,-210],[-175,104],[12,23],[-76,86],[-79,44],[-20,108],[25,8]],[[55851,29689],[61,12],[18,86],[96,92],[-78,222],[110,39],[62,92],[29,-9],[43,-78],[-43,84],[-24,8],[-18,-5],[17,104]],[[56124,30336],[106,17],[74,72],[79,30],[67,-18],[97,41],[91,0],[69,-77],[18,17],[24,-228],[168,-145],[-91,-164]],[[56826,29881],[79,-49],[-9,-53],[63,-45],[14,-51],[95,-110],[227,-71]],[[53774,27350],[211,119],[123,115],[58,113],[8,-35],[28,20],[22,-36],[-17,39],[-31,-17],[-3,36],[42,109],[24,266],[85,6],[200,210],[152,-56],[146,110],[56,84],[88,29],[164,145],[12,109],[-39,123],[-249,141],[-205,25],[-90,53],[-14,74],[118,235],[80,62],[81,-125],[101,-77],[121,-35],[135,-101],[119,-3],[92,43],[48,83],[-18,76],[-103,80],[-23,168],[17,66],[98,41],[-63,86],[37,165],[165,61],[88,-40],[130,-14],[29,-30],[22,-142],[32,-42]],[[56124,30336],[0,216],[-26,-320],[-44,-80],[-117,-51],[78,-222],[-96,-88],[-26,-93],[-61,26],[-25,149],[-35,42],[-134,11],[-90,42],[-167,-65]],[[56097,31750],[169,-35],[153,293],[54,39],[-10,34],[73,71],[32,-22],[32,40],[68,-21],[24,16],[157,-87],[50,63],[-15,71],[82,-71],[62,20],[5,110],[-176,158],[-31,79],[95,53],[-34,288],[82,89]],[[56969,32938],[84,45],[110,-56],[138,-9],[134,-63],[25,-88],[-14,-40],[-196,-86],[-51,-200],[-39,-51],[-10,-71],[103,-41],[0,-49],[-25,-13],[23,-6],[36,5],[33,94],[118,128],[56,15],[120,-33],[11,-27],[105,-14],[212,63],[13,-78],[93,-36],[-7,-50],[98,12],[0,75],[100,15],[-20,34],[66,43],[-17,20],[221,192],[29,-47],[98,140],[288,27],[34,-89],[66,6],[73,-34],[41,102],[42,-16],[78,134],[350,-305],[55,-95],[44,-7],[-13,-47],[20,-27],[92,-64],[105,-24]],[[67387,22560],[-19,-128],[-51,-68],[0,-69],[34,6],[-8,-61],[94,-22],[-14,-166],[-40,-50],[25,-243],[-79,-50],[-19,-72],[-51,22],[-10,-93],[19,-73],[163,-39],[-22,-65],[54,-109],[-25,-203],[-84,-151],[11,-23],[-40,-86],[131,-34],[35,-55],[-31,-44],[-42,-4],[8,-65],[20,-27],[26,13],[13,-63],[-69,-42],[46,-39],[-53,-123],[-15,-332]],[[67394,20002],[-196,-6],[-44,-34],[-198,45],[-126,-42],[-104,12],[1,27],[-83,-41],[-56,-228],[29,-124],[-116,49],[-154,-70],[-108,-176],[-78,-48],[-50,-70]],[[66111,19296],[-176,-69],[7,-43],[-205,-40],[-108,71],[19,92],[-126,86],[-128,28],[-10,104],[75,43],[78,-8],[101,44],[34,169],[-99,63],[29,46],[-18,34],[-84,14],[-47,-74],[-187,148],[-222,0],[-80,48],[-149,5],[-2,18],[-22,-18],[-49,33],[-46,-27],[-55,39],[-87,-35]],[[64554,20067],[-166,-63],[-116,-89],[16,231],[-22,87],[-146,95],[-16,-111],[-47,-40],[-31,6],[-130,189],[-43,-3],[-300,161],[-48,-6],[5,123],[-154,249],[-133,95],[15,57],[101,124],[110,98],[109,45],[47,86],[-22,150],[-50,27],[-33,84],[23,46],[2,150],[46,55],[19,143],[-43,67],[18,70],[-74,14]],[[68598,20309],[45,-136],[-15,-24],[136,-178],[41,-108],[-77,-507],[51,-34],[31,34],[13,-18],[52,21],[34,62],[78,53],[11,-36],[80,-48],[29,-160],[88,-61],[-17,-87],[108,-127],[13,-59],[209,-74],[-19,-66],[26,-20],[-41,-50],[-93,26],[-79,-26],[80,11],[48,-121],[-40,-77],[47,-65]],[[69437,18434],[-114,-28],[-126,-79],[-149,-240],[-122,-9],[-25,58],[-10,-65],[-37,-26],[-58,9],[-45,110],[-51,9],[-48,-34],[-64,-115],[-24,-219],[-123,-93],[-140,-177],[-127,-75],[-6,-175],[40,-115],[-68,-30],[-60,-100],[2,-53],[-89,-179],[20,-123],[-122,-185],[25,-88],[-21,-3],[-26,-101],[-90,-41],[60,-27],[99,-255],[-143,-92],[-82,-197],[-5,-99],[-66,-119],[93,-98],[74,-157]],[[67809,15223],[-130,-83],[-88,-13],[27,74],[-67,18],[-3,65],[-91,9],[-118,200],[-111,74],[28,46],[-84,64],[-8,-19],[-57,19],[-2,80],[-51,6],[5,-49],[-89,-31]],[[66970,15683],[-127,-25],[33,208],[74,86],[-27,88],[25,58],[-17,204],[25,95],[-93,47],[8,213],[-74,34],[-15,100],[-70,2],[-54,241],[7,225],[13,47],[23,0],[21,126],[-23,163],[-84,26],[89,151],[93,69],[-58,-7],[-16,-33],[-45,46],[-80,9],[-47,-27],[5,38],[-84,91],[16,87],[-54,45],[27,59],[-63,47],[-70,124],[-14,123],[29,58],[45,18],[-1,29],[128,48],[57,127],[63,19],[-113,41],[-78,-27],[30,63],[-9,125],[-32,56],[23,86],[-22,160],[-62,0],[-88,-56],[-156,31],[-17,75]],[[67394,20002],[106,-66],[58,35],[46,101],[95,81],[18,-21],[140,65],[211,33],[43,67],[206,6],[104,36],[177,-30]],[[63814,17196],[75,-2],[272,-92],[58,-107],[10,22],[26,-25],[-33,-144],[36,53],[106,-18],[24,-54],[40,57],[4,54],[184,-72],[98,3],[-39,-103],[15,-30],[158,-3],[29,79],[38,-8],[10,24],[74,-28],[-119,-237],[-91,-61],[-92,-151],[40,-48],[29,-136],[97,-10],[80,-144],[3,-86],[-28,-72]],[[64918,15857],[-11,-75],[-18,9],[86,-127],[-15,-47],[-144,-38],[-16,32],[1,-33],[-74,-15],[-7,-55],[-47,15]],[[64673,15523],[22,-21],[-107,-140],[38,-50],[-120,-54],[-1,-44],[-22,45],[4,-43],[10,-12],[19,10],[32,-62],[-44,-77],[23,12],[-7,-146],[-35,-29],[38,-3],[18,-59],[-105,46],[-85,77],[-291,344]],[[63929,16337],[52,98],[-56,42],[-36,-7],[14,68],[-98,58],[11,46],[-33,12],[36,117],[-32,41],[44,59],[-3,59],[-72,119],[27,59],[40,9],[-9,79]],[[65696,14678],[-4,-3]],[[65692,14675],[2,3]],[[65694,14678],[2,0]],[[65710,14694],[-5,-5]],[[65705,14689],[5,5]],[[64935,15587],[95,-163],[-4,-210],[219,-185],[125,215],[55,-18],[22,41],[82,-11],[18,138],[68,-15],[-1,60],[185,21],[117,-107],[13,-47],[22,3],[-15,-137],[63,-56],[11,-124],[241,-1]],[[66241,14761],[4,-9]],[[66249,14733],[1,0]],[[66279,14666],[-2,-9]],[[66144,14675],[-18,9]],[[66109,14689],[-27,15]],[[66078,14701],[-72,-1]],[[65986,14718],[0,4]],[[65981,14730],[-15,13]],[[65937,14733],[-26,24]],[[65895,14784],[-2,0]],[[65766,14715],[-5,3]],[[65757,14721],[-42,114],[47,-6],[44,38],[0,35],[-48,63],[40,-57],[-18,-48],[-88,-19],[34,-96],[-32,-67]],[[65694,14678],[-3,-3]],[[65691,14675],[-54,-197],[-31,-36],[86,-99],[-2,-33],[-125,-33],[-141,11],[-38,-37]],[[65386,14251],[-211,132],[-79,-6],[-154,138],[-310,151],[-59,55],[-13,39],[1,42],[2,-39],[9,27],[18,8],[13,45],[-36,69],[13,59],[-23,51],[44,166],[-17,23],[-6,-80],[7,101],[79,74],[-51,68],[127,121],[1,51],[8,-16],[-2,19],[65,14],[13,-26],[-10,26],[39,24],[81,0]],[[65691,14675],[1,0]],[[65696,14678],[9,11]],[[65710,14694],[84,-13],[12,-46],[70,60],[53,-44],[22,-36],[-21,-54],[18,-47],[-61,-50],[72,48],[29,-9],[29,-134],[164,-164],[-68,-28],[-26,19],[-23,-50],[117,27],[-3,-79],[66,-48],[-38,-84],[-11,36],[-53,-11],[14,-37],[-84,16],[38,-47],[-72,-33],[-6,-25],[144,93],[71,-24],[27,50],[12,-27],[-198,-215],[-60,-30],[-177,169],[-206,51],[-56,40],[-203,283]],[[69244,22139],[27,-62],[65,-48],[19,-91]],[[69355,21938],[-12,-16],[-32,38],[-48,-50],[-47,10],[-126,-142],[34,-21],[-20,-48],[-52,5],[4,-92],[-54,-67],[61,-98],[-16,-35],[67,-34],[-152,-104],[36,-47],[-27,-284],[16,-125]],[[68987,20828],[-79,-73],[-63,-15],[0,-72],[-63,-21],[-10,-117],[-97,-155],[-77,-66]],[[67192,14505],[13,-23],[-22,14],[-2,-27],[21,-18],[15,21],[-12,-29],[-29,29],[4,42],[12,-9]],[[67144,14540],[0,-3]],[[67144,14537],[15,-28],[-18,-13],[-20,39],[23,5]],[[67062,14614],[-3,-3]],[[67557,14636],[18,-12],[-46,-47],[55,9],[-2,35],[19,-24],[-12,12],[-3,-33],[60,7],[44,-51],[11,-60],[-34,-113],[-25,-10],[7,-34],[20,7],[-18,-90],[-41,51],[-85,-12],[82,-21],[-36,-42],[-67,37],[38,-93],[91,30],[53,-54],[-38,-28],[15,-83],[-71,-67],[-40,13],[4,-45],[87,39],[60,-48],[-18,-11],[13,-25],[-92,-29],[25,-17],[148,58],[-9,25],[50,-65],[4,37],[-40,39],[31,0],[17,-18],[4,-107],[-30,-34],[-599,130],[-111,-13],[-36,52],[-11,120],[42,-3],[-10,-38],[36,-15],[0,41],[74,-32],[127,83],[44,78],[5,112],[49,146],[-55,55],[31,-5],[-4,47],[-32,-3],[28,32],[4,-28],[27,19],[16,55],[6,-31],[28,47],[41,-14],[51,39]],[[67222,14591],[-3,1]],[[67219,14592],[3,-1]],[[67222,14591],[-31,23],[18,28],[41,-86],[-28,35]],[[67074,14663],[0,-22]],[[67101,14687],[100,-42],[-82,23],[-36,-24],[18,43]],[[67809,15223],[15,-54],[92,-91],[-61,-140],[10,-137]],[[67865,14801],[1,-35],[-47,15],[-23,-39],[-101,21],[-65,-60],[-136,45],[-48,-50],[5,-54],[-23,36],[7,-42],[-48,72],[13,-29],[-39,-1],[-81,59],[-18,38],[31,33],[-31,-21],[-16,45],[16,51],[-18,-25],[3,-99],[-93,20],[-71,-41]],[[67083,14740],[-7,2]],[[67076,14742],[5,-61]],[[66794,14964],[47,122],[-46,6],[-5,36],[63,-26],[8,127],[20,-13],[25,71],[56,40],[-84,41],[-5,86],[-35,38],[97,151],[37,10],[-2,30]],[[63929,13814],[-62,-46],[-34,13],[119,46],[-23,-13]],[[63034,16077],[2,-7]],[[63036,16070],[-2,7]],[[63034,16077],[31,-22]],[[63065,16055],[21,-12],[-13,-34],[-17,38],[2,-15],[-14,-1],[-13,10],[10,8],[-3,4],[-12,2],[16,12],[-8,10]],[[63006,16114],[-6,-7]],[[63000,16107],[0,4]],[[63000,16111],[6,3]],[[61819,16504],[62,-7],[45,-47],[98,17],[57,-73],[52,163],[74,-19],[123,77],[43,-7],[109,58],[43,-118],[46,-36],[28,-118],[37,-18],[66,30],[83,-30],[20,-142],[41,-68],[110,-40],[18,21],[24,-29]],[[62998,16118],[2,-7]],[[63000,16111],[-1,-4]],[[62999,16107],[-2,-36],[34,-25]],[[63031,16046],[-1,-6],[9,-8],[-4,-3],[23,-6],[-33,-29],[-2,21],[-28,8],[-9,50],[7,-59],[30,-3],[-19,-14],[24,-7],[13,16],[27,-25],[-17,-30]],[[63051,15951],[-27,1]],[[63024,15952],[48,-15],[-34,-24],[39,27],[-21,-33],[17,-52],[14,22],[19,-18],[-12,-41],[-9,19],[16,-40],[-28,10],[12,26],[-27,36],[5,-60],[-57,-44],[-35,11],[-20,25],[3,58],[-4,-59],[12,-21],[39,-17],[-17,-15]],[[62984,15747],[42,21]],[[63026,15768],[-4,0]],[[63022,15768],[4,0]],[[63026,15768],[38,32],[121,-135],[38,11],[-8,-24],[-23,15],[18,-23]],[[63210,15644],[21,-4],[2,27],[0,-36],[26,24],[0,-20],[34,12],[-2,-22],[92,25],[-19,-40],[22,36],[132,-74],[14,-38],[-54,15],[1,-12],[29,-7],[9,7],[12,-7],[10,7],[149,-223],[86,-76],[-29,-42],[45,-42],[26,9],[34,-91],[36,-18]],[[63886,15054],[-9,-18],[28,9],[-21,-21],[23,18],[4,-30],[24,6],[-9,-17],[-31,15],[16,-22]],[[63911,14994],[44,1],[-16,-7]],[[63939,14988],[-14,-17]],[[63925,14971],[52,9],[9,-19],[-53,-11],[31,-4],[-9,-20],[28,24],[-16,-33],[27,29],[-16,-35],[14,28],[6,-45],[9,32],[3,-32],[15,24],[-10,-37]],[[64015,14881],[22,0],[-4,34],[28,-22],[-22,-18],[25,16],[-14,-31],[21,31],[-9,-41],[19,26],[13,-15],[-24,-12],[26,11],[-25,-28]],[[64071,14832],[22,5],[6,32],[27,-11],[-39,-30],[21,-36],[-15,-25],[29,-7],[-8,33],[41,5],[-18,-18]],[[64137,14780],[-9,-13]],[[64128,14767],[17,-18],[-14,15],[20,-4],[26,53],[-15,-67],[26,67],[89,-58],[-18,-45],[26,23],[40,-59],[-42,-18],[7,-27],[-12,18],[7,-135],[28,25],[45,-47],[-7,25],[10,-15],[29,31],[-30,-32],[7,-29],[53,36],[4,-37],[-35,1],[43,-6],[-37,-13],[32,-56],[-24,-35],[25,29],[51,-8],[51,-68],[29,53],[-21,29],[32,16],[-13,-75],[-168,-178],[-126,-258],[-153,-24]],[[64110,13876],[-425,16],[5,92],[18,-3],[-32,73]],[[63676,14054],[-2,68],[-45,28],[4,46],[-56,-82],[23,71],[-16,32],[-58,4],[-30,58],[-60,-19],[-19,83],[-43,-3],[-19,64],[-53,-3],[36,-9],[13,-77],[52,9]],[[63403,14324],[-2,-58],[34,-25],[53,10],[5,-43],[81,-11],[-34,-50],[24,17],[-13,-53],[93,2],[-7,-103],[20,-32]],[[63657,13978],[-28,-60],[9,-48],[131,-117],[50,9],[-83,-33],[-75,-80],[151,95],[-196,-126],[-411,-99],[-23,61],[6,-61],[-29,-13],[25,10],[-9,-15],[-158,-55],[-265,-40],[-190,94],[15,47],[-12,19],[-23,-18],[23,-18],[-14,-41],[80,-84],[-18,-32],[37,-33],[-5,-65],[-41,-33],[-38,36],[-19,-77],[-42,2],[33,-14],[42,38],[21,-67],[-108,-134],[-74,-1],[-61,-109],[-52,33],[-71,-90],[-70,19],[120,-118],[20,13],[-12,-19],[64,-36],[-1,24],[19,-33],[13,3],[-10,30],[39,-37],[-28,113],[63,-91],[-23,-30],[-34,-3],[-95,42],[-169,156],[-491,194],[-460,80]],[[69355,21938],[64,-78],[100,-63],[47,-144],[-10,-56],[35,-154],[43,-84]],[[69634,21359],[-21,-38],[30,-117],[-32,-150],[36,-66],[-9,-56],[-48,-50],[13,-32],[-34,-83],[24,-51],[-53,-96],[-32,-13]],[[69508,20607],[-213,89],[-55,83],[-126,8],[-101,-51],[-26,92]],[[63036,16067],[-11,-9],[1,-6],[12,-2],[-7,-4]],[[62999,16107],[0,-1]],[[62999,16106],[0,-5]],[[62999,16101],[3,-1],[5,1],[10,2],[1,-27],[5,-3],[13,-6]],[[64554,20067],[-14,-57],[-181,-255],[21,-35],[-76,-65],[3,-125],[-95,6],[-4,-60],[-140,-88],[-121,-202],[67,-109],[-89,-75],[-68,7],[-168,-61],[32,-114],[-35,-28],[-36,-6],[-23,34],[5,-28],[-34,-21],[-122,107],[-43,-73],[24,-148],[-24,-65],[45,3],[10,-55],[137,19],[22,-152],[-34,-128],[50,10],[-14,-124],[-33,-104],[-151,-34],[-86,-59],[-54,-142],[-70,-91],[72,-77],[57,-163],[34,-16],[43,22],[27,-22],[29,-35],[6,-75],[45,-46],[17,25],[73,-22],[-4,-22],[111,-64],[37,21],[12,-79]],[[63075,16056],[-1,-3]],[[63074,16053],[-12,73],[-29,12]],[[63033,16138],[34,-61]],[[63067,16077],[-2,-22]],[[63036,16070],[0,-3]],[[63036,16067],[-16,7],[-2,29],[-3,1],[-10,-3],[-2,-1],[-4,1]],[[62999,16101],[0,5]],[[62999,16106],[1,1]],[[63006,16114],[-8,4]],[[64935,15587],[17,-9],[77,108],[38,-19],[-10,-61],[27,64],[-35,19],[-22,0],[-18,-30],[-42,18],[26,19],[-31,-13],[-55,82],[11,92]],[[75958,27404],[-328,50],[-113,-18],[-192,104],[-192,30]],[[75133,27570],[-16,291],[18,37],[-75,108],[107,141],[28,87]],[[75195,28234],[355,-18],[29,35],[-4,83],[27,-3],[16,37],[24,363],[126,74],[47,-35],[24,10],[-5,34],[38,-12],[36,48],[-30,30],[26,27],[47,0],[2,-21],[159,15],[-24,-92],[98,-145]],[[72503,29814],[-101,-74],[-30,-222],[50,-28],[-118,-114],[-12,-72],[69,-68],[79,-30],[23,-45],[-35,-92],[-122,13],[-117,-78],[90,-142],[6,-145],[60,-29],[-25,-197],[41,-62],[-49,-68],[39,-53]],[[72351,28308],[-161,-110],[-17,-32],[22,-47],[-90,-42],[7,-75],[56,-118],[23,-177],[-206,-86],[-107,49],[-119,-6],[-118,36],[-111,92],[-66,-174],[-11,-196]],[[74625,27513],[-1,-86],[-78,-141],[-39,-6],[-44,-60]],[[74463,27220],[-51,-12],[-29,-60],[-50,24],[16,42],[-75,27],[11,-35],[-78,-12],[28,-61],[-37,-23],[-68,-11],[-59,-52],[-21,42],[-167,-73],[-24,14],[-8,-122],[-51,-94],[-52,45],[-85,-40],[-7,-52],[-197,-49],[-73,13]],[[73386,26731],[-108,64],[-143,-102],[-47,-64],[-14,18],[-199,-109]],[[72875,26538],[-131,214]],[[72744,26752],[-22,29],[73,57],[-102,77],[-31,222],[28,39],[-4,52],[43,12],[91,125],[-19,36],[13,54],[-77,58],[25,66]],[[72762,27579],[30,-74],[121,59],[26,-13],[-12,81],[24,45],[150,-19],[30,57],[59,30],[39,-151],[115,67],[81,-21],[-18,175],[160,93],[60,106],[-82,-2],[23,47],[-51,56],[45,74],[177,75],[81,-126]],[[73820,28138],[123,-207],[18,-147],[42,71],[140,44],[46,-45],[262,-64],[178,-99],[-4,-178]],[[76671,31978],[-20,-63],[-204,75],[8,32],[-53,-8],[-2,38],[-29,11],[-24,-40],[-94,29],[15,-68],[-93,-6],[-23,-26],[-27,40],[-40,-28],[-48,156],[-62,-2],[-31,47],[-89,12],[-25,-148],[-30,-1],[-6,-53],[-155,-66],[64,-67],[22,-54],[-15,-56],[-148,-140],[-75,-24],[-46,218],[-35,-1],[-156,-226],[-128,-34],[7,-78],[-35,-104],[-88,4],[31,-90],[-34,-79],[11,-40],[-229,87],[-83,-68],[22,-47],[-87,-93]],[[74637,31017],[-21,99],[-176,83],[-29,-58],[-46,-13],[-11,41],[-36,-24],[-34,27],[-23,-31],[-22,19],[-23,-21],[-2,24],[-144,2],[-9,-83],[26,-32],[-85,-260],[48,-27],[-14,-69],[41,-20],[5,-66],[55,42],[27,2],[1,-40],[28,12],[74,-214],[109,42],[63,-66],[98,-48]],[[74537,30338],[80,-204],[-73,-78]],[[74544,30056],[-95,57],[-73,-47],[-43,32],[-88,-77],[14,-15],[15,22],[13,-49],[49,-31],[-20,-77],[-46,8],[-94,-80],[76,103],[-61,75],[-48,-72],[-35,-29],[-14,29],[-17,-32],[15,-65],[48,-27],[-55,-79],[-7,67],[-146,-29],[-23,56],[17,50],[-38,53],[-85,-12],[-138,-74],[-7,-77]],[[73658,29736],[-200,-17],[-204,36],[-33,122],[-143,73]],[[72760,27585],[-235,136],[-92,-201],[-128,-48],[-35,-44],[27,-179],[-99,33],[29,-69],[-18,-59],[18,-67],[104,-74],[-53,-98],[39,-47],[-45,-49],[178,-32],[71,59],[75,-94],[36,35],[112,-35]],[[72875,26538],[-117,-80],[-247,-75]],[[72511,26383],[-322,104],[-43,-8],[-30,-65],[-72,-45],[-274,222],[-29,57],[-49,14],[-26,-38],[21,-39],[-22,-68],[43,-48],[-35,-151],[26,-98],[-38,-41]],[[72351,28308],[52,-124],[54,-39],[31,-84],[-26,-38],[62,-11],[-22,-131],[108,-62],[105,-21],[45,-213]],[[72760,27585],[2,-6]],[[84622,21182],[122,-176],[97,-86],[-69,-82],[-37,-149],[45,-83],[-9,-92],[61,-45],[19,-114],[45,-31],[8,-49],[-22,-167],[-51,-86],[-68,-23],[5,-34],[124,-118]],[[84892,19847],[-50,-232],[163,-53],[-65,-107],[33,-46],[-41,-92],[83,-56],[-13,-16],[36,-83],[75,-33],[-62,-132],[-40,24],[-6,-90],[-42,-33],[-103,16],[0,44],[-43,17],[-2,-64],[-57,-7],[-80,-82],[32,-59],[-47,-46],[65,-77],[-2,-38],[-15,-98],[-58,-98],[6,-52],[-89,-61],[13,-215],[-217,-120],[-74,46],[-14,49],[-68,-71],[-46,-6],[14,-61],[-69,20],[-5,-54],[-98,10],[-46,-84],[18,-94],[-49,-26],[-38,62],[-40,-13],[-31,37],[2,55],[-37,74],[-68,16],[-23,-69],[32,-9],[-15,-45],[-123,13],[-21,-28],[30,-120],[-17,-51],[-52,23],[-86,-31],[8,115],[-79,42],[0,29],[60,8],[-3,25],[-58,55],[-457,-904]],[[81387,17312],[6,119],[-78,12],[-13,62],[59,29],[-81,69],[2,158],[54,64],[106,262],[137,47],[153,171],[-18,28],[36,53],[-36,-7],[-118,101],[0,28],[-30,-27],[-36,24],[-23,-28],[-199,13],[-8,273],[-46,46],[164,99],[-4,113],[-41,47],[-2,49],[49,24],[38,-29],[33,27],[23,-15],[56,103],[90,-34],[50,56],[-24,12]],[[81686,19261],[93,62],[-28,59],[7,51],[88,82],[9,86],[70,65],[-18,48],[107,15],[15,104],[58,-7],[-28,140],[17,47],[80,68],[29,-21],[39,36],[-11,51],[92,-6],[4,67],[57,107],[63,4],[15,-36],[175,5],[-8,81],[44,20],[14,51],[30,-15],[49,84],[97,47],[55,64],[44,122],[89,-20]],[[83033,20722],[28,-18],[-41,-92],[35,-35],[77,18],[-1,-22],[73,-3],[89,-56],[26,65],[89,50],[57,78],[86,-84],[74,-11],[31,122],[146,2],[21,59],[85,70],[113,-30],[3,70],[125,13],[5,88],[32,38],[66,-22],[59,-69],[98,39],[52,215],[28,-26],[133,1]],[[86894,22089],[6,2]],[[86900,22091],[16,-41],[-26,11],[4,28]],[[86828,22853],[5,-140],[50,-25],[-10,-49],[-144,13],[-19,-36],[27,-103],[56,-66],[1,-38],[66,-25],[34,-138],[96,-65],[63,-81]],[[87053,22100],[-37,-9],[-30,29],[-58,0],[-13,24],[-19,1],[-14,-10],[16,-41],[-38,-33],[16,-24],[-49,1],[-73,-69],[-45,49],[-73,-12],[-128,-132],[-33,12],[-49,-17],[-7,-6],[1,-30],[-49,6],[-53,-59],[-26,18],[-33,-48],[21,-18],[28,4],[-9,-30],[-43,-27],[-146,-23],[-19,-36],[-31,18],[-99,-45],[-4,6],[-20,-2],[-9,6],[-2,-6],[-20,20],[7,-14],[-24,8],[56,-24],[46,15],[69,35],[32,-18],[19,36],[145,22],[45,28],[13,37],[1,32],[53,59],[52,-3],[3,34],[54,19],[33,-11],[131,131],[70,9],[40,-51],[44,41]],[[86795,22002],[38,-17],[41,-86],[-41,-54],[-49,-5],[22,-49],[-68,37],[-9,-83],[-69,-77],[-8,-96],[-38,-43],[47,-89],[54,-9],[7,-37],[-153,-201],[21,-21],[-7,-91],[-33,-71],[24,-16],[14,45],[36,-6],[92,-95],[-111,-210],[-117,-312],[102,27],[220,-184],[-240,-349],[-24,-7],[-101,101],[-95,-100],[-57,5],[-49,102],[-37,-1],[-53,-207]],[[86154,19803],[-116,118],[-161,42],[18,128],[-30,9],[-9,-107],[-41,-42],[-157,30],[-95,39],[-90,138],[-104,65],[-31,-248],[-45,-54],[-67,32],[-20,-74],[-162,-44],[-120,35],[-32,-23]],[[84622,21182],[60,91],[27,1],[-13,46],[213,92],[-16,66],[61,220],[-39,102],[92,51],[-41,80],[-102,12],[-90,84],[-164,206],[-71,-35],[-51,30],[-68,116]],[[84420,22344],[449,41],[101,63],[102,169],[33,-7],[-27,20],[70,16],[233,3],[61,23],[18,22],[13,-3],[4,-12],[-28,-22],[29,22],[-3,14],[-12,3],[-6,-2],[-6,-4],[-6,-14],[-11,-4],[22,24],[55,0],[127,-12],[55,7],[34,67],[441,1],[470,107],[190,-13]],[[78837,24145],[-42,-180],[79,-27],[-3,-63],[62,-65],[-22,-166],[77,-92],[-13,-165],[35,-232],[33,3],[-2,-47],[45,-14],[7,-34],[-88,-56],[19,-45]],[[79024,22962],[-521,227],[20,20],[-43,69],[-256,3],[-65,-172],[-95,-16],[-176,24],[-6,84],[51,5],[7,32],[-67,74],[-53,125],[-191,-38],[-116,-68],[-12,-63],[-93,29]],[[77408,23297],[7,39],[-40,16],[17,79],[31,13],[-30,29],[41,159],[73,-37],[76,224],[28,-20],[72,39],[78,107],[91,40],[-4,56]],[[77848,24041],[64,61],[13,-105],[33,-39],[-27,39],[-13,136]],[[77918,24133],[18,40],[-32,64],[77,131],[493,-392],[144,12],[85,53],[66,99],[29,-16],[-4,49],[43,-28]],[[87973,21638],[10,-35],[-44,17],[-36,-71],[70,-57],[-9,-17],[-22,14],[-14,-11],[25,-59],[-14,-54],[54,-39],[-39,-8],[-5,-34],[-32,-14],[-22,18],[-31,8],[-12,12],[-15,21],[11,16],[-1,9],[-32,31],[-36,-15],[-6,46],[-18,14],[-11,24],[26,59],[31,42],[48,3],[47,122],[77,-42]],[[87894,21777],[55,75],[55,-22]],[[88004,21830],[-84,-147],[-21,3],[-5,91]],[[87057,22046],[62,-38],[157,-48],[128,18],[173,-68],[139,0],[57,-61],[33,12],[38,-16],[47,-67],[5,-89],[-49,-128],[-49,-3],[-30,-44],[-26,-55],[0,-11],[36,-80],[37,14],[31,-32],[-12,-20],[0,-10],[32,-29],[31,-9],[23,-20],[32,18],[2,37],[41,4],[1,21],[-53,23],[14,54],[-25,61],[29,-20],[16,23],[-3,16],[-66,50],[31,63],[49,-12],[-8,38],[-55,33],[84,136]],[[88009,21807],[6,21]],[[88015,21828],[4,-1]],[[88015,21828],[42,-3]],[[88057,21825],[20,-13]],[[88077,21812],[5,-5]],[[88082,21807],[-5,5]],[[88077,21812],[-20,13]],[[88057,21825],[41,-4],[-28,33]],[[88070,21854],[52,12]],[[88122,21866],[59,-406],[228,-792],[11,-909],[-87,-270],[-95,-99],[-11,-61],[-57,-75],[-112,-74],[-180,-68],[-3,-145],[-5,77],[-37,8],[6,-31],[-22,26],[11,-30],[-19,18]],[[87809,19035],[-20,0],[18,-33],[-20,21]],[[87787,19023],[-37,-33],[-21,34],[-59,-18]],[[87670,19006],[-55,-68],[26,-10],[-28,7]],[[87613,18935],[42,-33],[30,12],[11,-63],[-39,35],[-19,-29],[-44,74],[-11,-39],[43,-20],[-8,-17],[45,-36],[73,-9],[-81,2],[-48,43],[-92,-15],[-70,-57],[-107,-24],[-5,-33],[-123,-62],[-54,13],[-102,-42],[-99,12],[-154,-38]],[[86801,18609],[-11,49],[-136,-62],[-1,27],[-83,62],[17,21],[-25,100],[30,105],[-84,12],[-18,38],[-43,-33],[-25,68],[-43,-18],[-14,31],[65,150],[29,-17],[53,20],[8,62],[193,191],[-30,80],[-150,-42],[-67,59],[-15,-26],[-37,11],[-5,83],[-43,-26],[-8,36],[-44,-69],[-34,-8],[-160,118],[4,116],[30,56]],[[86795,22002],[36,35],[48,-4],[-17,29],[32,27]],[[86900,22091],[-13,41],[15,12],[23,-26],[55,0],[37,-30],[23,-3],[21,13],[17,-46],[18,-22],[-39,16]],[[79592,22456],[-37,-5],[-4,-40],[-44,-38],[30,-36],[-54,-95],[-72,7],[-32,-51],[56,-5],[-20,-81],[-137,-29],[-20,26],[-73,-23],[-2,-25],[-121,-28],[5,64]],[[79067,22097],[27,125],[-34,33],[7,224],[-53,92],[10,139],[-35,-23],[-12,45],[47,230]],[[78837,24145],[125,-219],[-38,-3],[205,-65],[293,-36],[285,4],[228,55],[52,64],[15,-10],[-7,24],[24,-18],[83,62]],[[81351,22159],[51,-38],[-54,-39],[30,-38],[75,136],[57,-3],[-9,-45],[98,22],[89,58],[217,-120],[-8,-45],[-41,-18],[106,-220],[-14,-32],[52,-36],[-30,-89],[-3,-44],[40,-15],[-19,-38],[59,-32],[109,105],[184,19],[66,-148],[104,-65],[94,-102],[143,12],[39,-39],[-131,-274],[109,-33],[131,154],[119,-72],[-8,-41],[34,-27],[-35,-131],[62,-35],[-34,-124]],[[81686,19261],[-44,17],[-17,44],[35,-2],[47,89],[-14,21],[-124,5],[-64,-73],[-54,67],[-67,-23],[2,83],[-30,39],[-74,-86],[-157,43],[7,-153],[25,-21],[-98,-122],[-80,-39],[9,59],[49,49],[-34,32],[-88,-92],[-164,-44],[-212,36],[-4,73],[-49,-6],[-53,57],[-138,-53],[-108,31],[12,84],[-23,110],[-218,248],[-19,59],[-85,46],[-129,14],[-62,74],[0,45],[-126,57],[-9,35],[-93,15],[6,43]],[[79441,20122],[34,57],[108,-53],[75,349],[-78,12],[-22,60],[-40,-6],[-35,45],[-75,31],[-15,58],[136,97],[49,95],[90,81],[107,-60],[81,0],[-16,48],[33,126],[-7,143],[398,33],[14,80],[170,285]],[[80448,21603],[66,-12],[-64,18]],[[80450,21609],[-54,67],[17,29],[-19,21],[49,30],[35,-20],[84,17],[20,119],[113,165],[-48,60],[38,83]],[[79067,22097],[-106,48],[-199,162],[16,83],[-36,33],[-73,16],[-43,-98],[-50,-6],[-3,-74],[25,-7],[2,-35],[-35,-187],[-65,-94],[-106,-77],[-18,-102],[15,-147],[-55,3],[26,-123],[-55,-192],[85,-131],[-9,-180],[-22,-21],[-123,14],[27,-145],[-30,-121],[-141,-83],[-69,193],[-110,-120],[-89,-49],[26,-83],[78,-56],[-8,-40],[-84,-20],[53,-151],[91,-71],[63,21],[27,-84],[70,7],[31,-52],[74,43],[21,-15],[2,-33],[-55,-63],[6,-35],[-119,23],[-25,-22],[-18,-119]],[[78059,19907],[-94,-75],[16,-24],[-94,-32],[-34,-63],[-51,60],[-59,-57],[-4,-52],[74,-95],[22,-24],[10,23],[25,-11],[2,-33],[26,8],[59,-74],[-29,-41],[-54,-8],[-50,-77],[-34,6],[-25,-105],[-40,-11],[-76,-104],[-40,29],[-100,-14],[-33,68]],[[76503,19283],[41,116],[-31,19],[-44,304],[57,132],[-65,121],[22,47],[-44,20],[-38,87],[-42,234],[23,35],[42,0],[24,215],[80,85],[47,171],[-113,436],[25,135],[-51,106]],[[76436,21546],[74,20],[67,-70],[240,56],[48,56],[-74,133],[19,6],[0,151],[175,172],[82,0],[33,33],[33,60],[-44,116],[16,43],[59,27],[104,-26],[71,175],[19,169],[43,41],[-22,59],[31,66],[-31,32],[-17,192],[129,-5],[-63,174],[-56,66]],[[77372,23292],[36,5]],[[86801,18609],[-136,-81],[-56,-143],[-121,-58],[81,-51],[-44,21],[-107,-21],[-52,-42],[-231,-5],[-392,-68],[-355,-140],[-197,-142],[-364,-379],[-108,-172],[-62,-157],[-114,-523],[21,-263],[137,-445],[-7,-98],[-42,-45],[-355,16],[-714,168]],[[83340,22516],[-10,15],[62,-24],[-52,9]],[[83785,22589],[13,-9]],[[83798,22580],[-26,-18],[-11,27],[24,3]],[[83785,22592],[0,-3]],[[83648,22625],[-17,-3],[8,24],[9,-21]],[[83577,22634],[19,-21],[-44,51],[25,-30]],[[83612,22639],[1,0]],[[83612,22639],[0,27],[13,-12],[13,-6],[-9,-26],[-17,17]],[[83085,22719],[-9,-5]],[[83076,22714],[-3,0]],[[83073,22714],[12,5]],[[82058,23112],[-80,-101],[-26,61],[106,40]],[[82069,23355],[72,-13],[-7,-97],[36,-128],[-124,47],[-68,-23],[-13,44],[25,15],[-34,44],[11,28],[-48,-12],[14,44],[40,15],[51,-57],[13,18],[-38,17],[66,4],[4,54]],[[82413,23444],[6,-10]],[[82419,23434],[-6,-2]],[[82413,23432],[-3,6]],[[82410,23438],[3,6]],[[82495,23407],[-15,53],[16,-49]],[[82496,23411],[-1,-4]],[[82471,23435],[-6,25]],[[82465,23460],[6,-25]],[[82495,23407],[-66,24],[0,18],[2,-2],[13,13],[0,-8],[-6,2],[7,-8],[0,14],[20,0]],[[82465,23460],[6,-25]],[[82471,23435],[15,-10]],[[82486,23425],[9,-18]],[[82249,23455],[66,-23]],[[82315,23432],[-14,11],[38,9]],[[82339,23452],[15,0]],[[82354,23452],[-8,-5]],[[82346,23447],[8,5]],[[82354,23452],[41,-23]],[[82395,23429],[15,9]],[[82410,23438],[3,-6]],[[82413,23432],[-16,-7],[29,6],[-8,24],[21,17],[36,-6],[-23,-2],[-7,-3],[-19,-14],[2,-18],[49,-25],[-51,24],[-55,-39],[11,-64]],[[82382,23325],[1,-9]],[[82383,23316],[26,-45]],[[82409,23271],[9,-26]],[[82418,23245],[33,-95],[82,-74],[25,29],[43,-32],[69,-95],[66,-36],[-4,-30],[18,28],[20,-12],[3,-31]],[[82773,22897],[-23,-76],[17,-4],[-22,-2],[15,-28],[-15,15]],[[82745,22802],[-4,-85],[45,-110],[-66,-32],[-1,-77],[-35,-69],[-81,-30],[-15,-50],[-32,20],[-33,-22],[36,12],[46,-25],[-2,51],[94,32],[52,155],[49,23],[395,-45],[34,-37],[-42,-46]],[[83185,22467],[-6,-34],[42,-33],[0,-22],[-28,-8],[50,-15],[-19,59],[-28,28],[53,65],[175,-39],[221,38],[106,-30],[118,-117],[84,-36],[-31,-25],[-10,-114],[-68,-30],[-43,-65],[50,58],[58,24],[21,33],[38,-36],[39,24],[25,-27],[-2,24],[33,-6],[43,-101]],[[84106,22082],[-237,-163],[132,74],[-2,-30],[4,31],[124,89]],[[84127,22083],[-5,-4]],[[84122,22079],[5,4]],[[84127,22083],[-62,107],[-117,8],[23,6],[-31,5],[5,67],[352,88],[123,-20]],[[81577,22783],[13,-24],[14,115],[96,104],[-9,113],[70,38],[78,-84],[0,21],[42,-98],[-12,-47],[18,21],[2,-38],[20,2]],[[81909,22906],[8,-9]],[[81917,22897],[10,-52],[42,-22],[-9,-62],[10,47],[29,-8],[24,56],[24,1]],[[82047,22857],[53,178],[103,40],[31,-20]],[[82234,23055],[11,-12]],[[82245,23043],[-72,-107],[3,-76],[164,62],[47,64],[-116,98],[8,48],[-19,9],[4,-50],[-29,15],[-5,32],[28,5],[-40,10],[-36,121],[24,36],[56,-36],[5,18],[-47,23]],[[82220,23315],[-9,12]],[[82211,23327],[-23,140],[8,-35],[15,56],[59,-24],[-21,-9]],[[82393,23473],[28,-4],[-35,-12]],[[82386,23457],[-19,16]],[[82367,23473],[26,0]],[[82103,23426],[8,-43],[-45,66],[-56,8],[-1,-70],[-34,-18],[-37,106],[-56,-8],[-2,-35],[-17,14],[45,77],[124,-3],[77,-24],[-6,-70]],[[82429,23494],[5,12],[9,0],[-8,-7],[11,6],[-8,-14],[4,-6],[4,-1],[-7,-2],[-10,12]],[[82458,23509],[1,-1]],[[82459,23508],[20,-27],[-20,7],[1,-4],[-12,0],[1,6],[-1,-5],[-5,2],[9,12],[-5,7],[-13,2],[24,1]],[[83785,22589],[0,3]],[[83785,22592],[1,3]],[[83786,22595],[-25,-2],[-9,37]],[[83752,22630],[-2,-20],[-18,29],[-41,-3]],[[83691,22636],[-9,16]],[[83682,22652],[-2,3]],[[83680,22655],[2,-3]],[[83682,22652],[-5,-12],[-23,3],[-4,12],[0,-10],[-19,7],[-14,14],[8,3],[-8,-3],[-8,13],[21,-4],[-6,32],[-19,12],[3,-73]],[[83608,22646],[-80,83],[-74,8],[-16,-24],[2,-14]],[[83440,22699],[6,18],[12,-1],[-16,-23],[32,4]],[[83474,22697],[-11,14],[44,-14]],[[83507,22697],[37,-43],[-45,34]],[[83499,22688],[-7,-6]],[[83492,22682],[7,6]],[[83499,22688],[45,-37],[-4,-29],[-115,-1],[-144,78],[-106,12],[-22,36],[-3,-36],[-61,8],[14,-15],[-25,-8],[7,17]],[[83085,22713],[0,6]],[[83085,22719],[-58,3],[-7,34],[-29,8],[-86,-86],[-111,41],[0,104],[43,27],[-72,118],[19,21],[-67,-2],[-47,39],[-5,59],[-159,85],[-97,213],[95,-83],[71,33],[29,83],[27,-20],[-30,24],[-21,-27],[-50,140],[15,114],[74,132],[-14,106],[225,-104],[194,-23],[290,-208],[379,-71],[148,2],[148,-62],[78,-147],[246,-261],[112,-247],[-57,-97],[-19,20],[20,6],[-9,44],[18,-5],[-19,8],[22,-2],[11,12],[-20,-9],[-13,27]],[[84359,22768],[-1,-31],[-12,34],[-11,-21],[19,-36],[-22,42],[0,-37],[-10,15],[-33,-37],[-23,20],[22,-21],[-38,-33]],[[84250,22663],[-69,-92],[-135,-79],[-101,-13],[-94,36],[33,-24],[-85,53],[44,-5],[-23,33],[-35,-19],[13,27]],[[88070,21854],[15,60],[37,-48]],[[87894,21777],[-18,38],[-40,39],[-30,10],[-32,-13],[-55,60],[-102,18],[0,38],[-2,-39],[-30,-17],[-171,68],[-135,-18],[-154,48],[-42,40],[-11,43],[-10,9],[-9,-1]],[[86828,22853],[236,-33],[195,6],[85,24],[63,56],[80,6],[134,-44],[148,33],[32,59],[68,-26],[82,38],[103,-21],[117,30],[37,36],[-22,15],[102,31],[255,-24],[51,33],[148,-100],[-8,-35],[76,-111],[-38,-169],[5,-119],[-22,-5],[-10,-121],[-51,-111],[-111,-175],[8,-77],[-19,21],[9,59],[-48,-34],[32,-21],[-63,-3],[-3,-16],[15,-6],[-16,0],[1,-12],[11,-20],[71,6],[-12,-9],[-95,3],[-18,45],[-148,-6],[-129,42],[-119,-110],[1,-124],[-20,-13],[8,9],[-24,38],[10,-30],[-26,12],[35,-23],[-16,4],[-2,-13],[-23,29],[20,-28],[-19,-19]],[[80051,22269],[32,-76],[-46,-18],[-13,-68],[41,-21],[34,34],[-33,-55],[6,-28],[35,7],[-32,-107],[17,-33],[-6,-53],[43,-127],[11,-16],[24,-5],[24,-24],[86,24],[61,-56],[61,23],[52,-67]],[[79441,20122],[-97,10],[-34,39],[-23,-19],[8,-82],[-44,-13],[-88,34],[-95,-54],[-79,42],[8,24],[-29,26],[-93,14],[-41,-24],[-56,27],[-24,-38],[-56,-6],[-83,-201],[-23,0],[-28,-84],[-63,-52],[-105,76],[-97,-14],[-81,47],[-41,-6],[-60,54],[-34,-33],[-24,18]],[[80450,21609],[-55,65],[-57,-22],[-56,57],[-90,-24],[-25,24],[-26,5],[-43,135],[13,26],[-20,-14],[9,40],[-11,37]],[[80089,21938],[0,31],[37,12],[18,-41],[-25,-2]],[[80119,21938],[29,2],[-11,42],[-44,-6],[24,67],[-41,15],[34,65],[-27,3],[-19,-28],[-32,18],[3,41],[57,41],[-43,152],[-32,32],[68,44],[-16,77],[-43,50],[-3,72],[60,59]],[[57489,59468],[-142,-101],[-11,-112],[43,-52],[-102,-121],[52,-116],[-7,-317],[-92,-86],[7,-58],[-38,-87],[-34,-33],[-68,15],[-145,-180]],[[56952,58220],[-138,132],[-126,10],[-126,89],[-131,-10],[-86,173]],[[56345,58614],[-82,89],[-51,-77],[-82,-27],[35,-27],[-51,-60],[-114,42],[-33,-21],[-87,125],[-68,-54],[-98,-22]],[[55714,58582],[4,70],[-131,142],[-28,252],[22,36],[-58,36],[-26,100],[23,39],[-43,12],[-11,35]],[[55466,59304],[54,9],[56,169],[34,-2],[25,55],[87,36]],[[55722,59571],[41,83],[58,47],[-9,-100],[58,-11],[-12,-33],[27,-48],[36,14],[69,-29],[52,78],[62,37],[29,-74],[47,-35],[92,57],[194,52],[40,43],[150,-69],[-4,-29],[111,160],[-18,49],[124,-46],[271,23],[30,-59],[57,9],[59,-66],[59,57],[144,-213]],[[51370,56817],[-1,10],[10,9]],[[51379,56836],[-5,-7],[-4,-12]],[[51382,56963],[-5,-15]],[[51377,56948],[5,15]],[[51384,56992],[-69,103],[20,70],[-41,25],[38,24],[-22,72],[-57,21],[15,47],[-32,38],[60,69]],[[51296,57461],[65,-190],[3,-103],[-18,-76],[38,-100]],[[53980,56772],[-235,-237],[-120,-52],[-69,-135],[-85,-50],[-42,-20],[-80,157],[-113,92],[-169,-119],[-20,-107],[-75,-32]],[[52972,56269],[-76,220],[-108,-15],[-124,-60],[-94,27],[-122,-29],[-35,17]],[[52413,56429],[-60,9],[-27,140],[72,80],[-28,108],[-10,-49],[-46,-9],[-36,-60],[-45,-15],[-100,13],[-130,76],[-199,-136],[-65,68],[-114,6],[-16,59],[-106,-8],[49,-86],[-30,-41],[-22,7],[-37,33],[-31,117]],[[51432,56741],[-60,58],[0,22],[17,29]],[[51389,56850],[1,3]],[[51390,56853],[0,17]],[[51390,56870],[-4,19]],[[51386,56889],[-1,80]],[[51385,56969],[0,23]],[[51385,56992],[-38,101],[19,83],[-1,74],[-11,53],[7,-6],[27,-2],[108,15],[26,-15]],[[51522,57295],[-26,17]],[[51496,57312],[84,99]],[[51580,57411],[183,23],[-126,-1]],[[51637,57433],[-57,-22]],[[51580,57411],[-84,-99]],[[51496,57312],[-105,-15],[-28,1],[-11,12],[-49,135],[-23,87]],[[51280,57532],[1,15]],[[51281,57547],[-16,26],[-35,9],[15,53],[35,9],[-1,27],[-8,11]],[[51271,57682],[207,3],[76,58],[357,20],[22,-74],[124,-24],[-32,-180],[186,-43],[17,71],[22,-2],[0,83],[160,-36],[166,7],[53,35],[54,-18],[26,118],[-18,33],[-173,45],[7,166],[56,103],[106,93],[35,-84],[66,35],[-9,22],[92,33],[67,-13],[61,101],[-13,77],[124,121],[-15,24],[65,-3],[79,75],[71,-4],[95,123],[133,-66]],[[51523,58754],[-1,5]],[[51522,58759],[1,-5]],[[49843,60264],[0,-2]],[[49843,60262],[0,2]],[[49864,60274],[-8,-1]],[[49856,60273],[8,1]],[[50657,60333],[-12,0]],[[50645,60333],[12,0]],[[50676,60337],[4,0]],[[50680,60337],[58,-40],[8,-3],[7,4]],[[50753,60298],[22,-56],[-107,-42],[-19,-124],[163,-42],[40,38],[83,-47],[-8,-60],[-102,-109],[70,-30],[187,29],[42,-91],[89,-80]],[[51213,59684],[94,-178],[33,-5],[273,-304],[-93,-104],[-63,-141],[-8,-87],[36,-46]],[[51485,58819],[-5,-7]],[[51480,58812],[0,-2]],[[51480,58810],[51,-87]],[[51531,58723],[-37,-68]],[[51494,58655],[-135,-45]],[[51359,58610],[-96,-41],[-22,24],[15,-27],[-303,-113],[-37,122],[9,62],[-11,-64],[30,-120],[-339,-74],[-33,19],[27,-19],[-35,-8],[-16,30],[6,-30],[-28,-3],[0,21],[-26,-27],[-21,2],[8,27],[-19,-30],[6,33],[-9,-33],[-4,27]],[[50461,58388],[4,7]],[[50465,58395],[-4,-7]],[[50461,58388],[-6,-30],[-4,46],[-16,-51],[-8,44]],[[50427,58397],[1,-38],[-5,-3],[-6,20]],[[50417,58376],[3,-18],[6,-3],[-12,0],[-1,9],[0,-9],[-6,3],[-6,34],[3,-30],[3,-6],[7,-4],[-18,-2],[-6,27],[-10,-24],[4,45],[-7,-48],[-16,27],[-2,-28],[-58,16]],[[50301,58365],[1,0]],[[50301,58365],[-38,-12],[35,20]],[[50298,58373],[-59,-15],[95,33]],[[50334,58391],[38,15],[-44,7],[4,-16],[-28,-11],[16,11]],[[50320,58397],[-23,-6],[14,33],[-17,-35],[-19,17],[-8,-20],[8,32],[-14,-15]],[[50261,58403],[29,41],[-30,-14],[1,-45],[-17,-15],[2,12],[-5,-12],[-14,3],[12,9],[1,4],[-6,-3],[6,5]],[[50240,58388],[-6,18],[-9,-32],[16,-6],[-32,-9],[11,27]],[[50220,58386],[22,36],[-40,-39],[2,-25],[-23,22]],[[50181,58380],[-4,-16]],[[50177,58364],[-11,13]],[[50166,58377],[7,-18],[-14,15]],[[50159,58374],[-4,9]],[[50155,58383],[4,-9]],[[50159,58374],[-64,-3],[46,23]],[[50141,58394],[40,19],[23,-18]],[[50204,58395],[17,21]],[[50221,58416],[-35,0],[61,20],[-16,9]],[[50231,58445],[7,0]],[[50238,58445],[-7,0]],[[50231,58445],[-10,20],[32,24],[32,-12],[-11,16],[30,-21],[5,-16],[32,-20],[161,-17]],[[50502,58419],[-33,23]],[[50469,58442],[-51,0],[26,24],[-32,5]],[[50412,58471],[-2,16]],[[50410,58487],[2,-16]],[[50412,58471],[2,-32],[-41,14],[-12,-17],[-45,20],[-3,7],[21,-12],[8,12],[16,-6],[-13,12],[28,-1],[-20,9],[37,4],[-31,12]],[[50359,58493],[-25,-40],[-39,36],[46,-12],[-37,22],[-50,-4],[-15,51],[11,-50],[-82,3],[78,-4],[-93,-83]],[[50153,58412],[-13,0]],[[50140,58412],[-103,-33],[-179,13],[-110,46],[-126,-5],[-195,104],[-50,62],[-28,-17],[-82,109],[-18,76],[-1,-29],[-49,71],[-21,219]],[[49589,59778],[155,49],[-1,23],[63,-39],[138,12],[33,-35],[42,21],[-49,64],[-30,120],[45,103],[-108,83],[2,77],[-36,6]],[[49843,60262],[7,8]],[[49850,60270],[2,1]],[[49852,60271],[19,2],[7,43],[7,-19],[46,-8],[103,14],[77,-125],[65,-40],[86,56],[6,36],[102,0],[80,52],[15,61],[86,5],[44,-53],[36,36],[26,-4],[19,10]],[[55714,58582],[-105,5],[20,-145],[-36,-36],[17,-14],[-95,-92],[-13,23],[-52,-110],[-98,-5],[-48,-86],[-442,-170]],[[54380,59093],[100,43],[126,174],[290,273],[92,50],[29,-35],[-53,-68],[5,-95],[170,-12],[8,-33],[77,13],[-15,-86],[56,-39],[39,24],[38,-25],[-25,61],[22,22],[107,-79],[20,23]],[[50740,61548],[-3,1]],[[50737,61549],[3,-1]],[[50707,61588],[-14,0]],[[50693,61588],[14,0]],[[50674,61588],[-19,25]],[[50655,61613],[33,18],[-14,-43]],[[50619,62233],[-59,-17],[-9,18],[18,26],[50,-27]],[[51113,62734],[29,4],[-13,-78],[0,33],[-12,-20],[-6,29],[-33,33],[35,-1]],[[54348,63097],[-201,-93],[-5,-119],[-67,-109],[24,-44],[-43,-24],[-90,30],[-51,-18],[-76,76],[-147,-98],[-27,-85],[-86,21],[-134,-13],[-63,-106],[-12,-113],[31,-107],[52,-55],[-22,-63],[143,-155],[-175,-44],[-37,-109],[-63,-69],[-196,-50],[-51,-71],[-119,83],[-111,-2],[-69,-79],[23,-52]],[[52776,61629],[-140,-24],[-83,44],[-126,-8],[-97,-39],[-27,-53],[13,85],[-77,169],[-15,193],[-41,106],[-60,-44],[-44,18],[-68,-60],[-10,-99],[29,-13],[-61,-71],[-13,-83],[-122,-69],[40,64],[-58,40],[-4,58],[-72,32],[-74,-19],[-67,61],[-41,-9],[-80,118],[-24,-1],[-11,-79],[-36,-35],[4,-58],[-35,-26],[38,-67],[-22,-55],[25,-35],[-33,-54],[-63,-34],[100,-55],[-27,-43],[15,-52],[-53,-34],[-79,20],[-63,-23],[-339,-231],[-82,157],[4,41],[-105,85],[75,43],[-25,58]],[[50742,61548],[-2,6],[-4,-5]],[[50736,61549],[2,9],[11,2],[-7,18],[-26,12]],[[50716,61590],[55,3],[-2,-26],[9,46]],[[50778,61613],[36,18]],[[50814,61631],[-3,7]],[[50811,61638],[-35,-6],[24,6],[-13,24],[13,-19],[78,53],[-92,-23],[17,30],[-68,3],[-57,67],[32,10],[25,-36],[21,30],[59,-33],[13,48],[32,-63],[28,15],[17,-23],[-9,27],[-30,0],[-35,44],[35,45],[22,0],[45,-48],[-13,-13],[4,-16],[-7,-6],[8,6],[-1,17],[11,-3],[4,-14],[0,8],[-8,12],[5,12],[21,-7],[-18,9],[-5,-2],[-13,33],[-49,22],[52,19],[17,-42],[-7,44],[30,6],[12,-41],[1,27],[145,-145],[-155,160],[105,-9],[0,-18],[-17,9]],[[51055,61857],[-11,-10]],[[51055,61857],[19,-32],[25,15],[-25,-12],[6,19]],[[51080,61847],[-4,27],[-37,6],[28,9]],[[51067,61889],[-23,7]],[[51044,61896],[7,5]],[[51051,61901],[-5,9]],[[51046,61910],[-5,0]],[[51041,61910],[5,0]],[[51046,61910],[5,-9]],[[51051,61901],[-7,-5]],[[51044,61896],[-71,3],[50,20],[-47,4],[-15,-28],[-152,57],[-64,133],[81,53],[18,161],[44,32],[17,-42],[34,12],[3,13]],[[50942,62314],[-25,-18],[-13,9],[13,18],[-13,-1],[34,9],[-45,-2],[90,79],[104,-53],[33,12]],[[51120,62367],[-2,-3]],[[51120,62367],[23,14],[-5,-27],[34,6],[-15,-38],[17,36],[-2,-26],[67,-9],[-31,23],[-23,-15],[2,24],[-33,21],[18,41],[-22,80],[33,89],[-4,143],[29,116],[-7,28],[-12,-55],[-26,64],[24,22]],[[51187,62904],[4,28]],[[51191,62932],[-14,36],[-9,-77],[-18,27]],[[51150,62918],[-33,35],[51,3]],[[51168,62956],[-15,40],[-8,-40],[-8,22]],[[51137,62978],[-26,-22],[32,34]],[[51143,62990],[-27,-15],[-5,12],[27,21],[-28,-21],[5,-15],[-11,-6],[-9,12],[4,9],[29,17],[0,9],[-1,-6],[-7,4],[-26,-30],[10,29]],[[51104,63010],[-18,-17],[-13,25]],[[51073,63018],[8,4]],[[51073,63018],[37,16],[-39,-13],[22,31],[-16,-21],[-2,23]],[[51075,63054],[1,27]],[[51076,63081],[252,137],[59,2],[57,-35],[63,88],[7,67],[-36,-16],[12,-53],[-47,-68],[-104,35],[-240,-88],[-73,-96]],[[51026,63054],[-19,0]],[[51007,63054],[19,0]],[[51026,63054],[-26,-33],[41,28],[4,-24],[-23,-9],[22,8],[9,-28],[-13,2],[-2,12],[-19,-2],[-4,14],[-5,-6],[15,-12]],[[51025,63004],[8,-11]],[[51033,62993],[-6,-7]],[[51027,62986],[6,7]],[[51033,62993],[52,-49],[-17,-67],[17,61],[36,-49],[-37,-57]],[[51084,62832],[39,48],[29,-74],[-9,-59],[-23,23],[-25,-18],[-24,42],[22,-44],[-31,8],[6,23],[-8,-23],[26,-12],[-30,-23],[49,-18],[-11,-10],[12,6],[13,-47],[-21,-3],[-6,35]],[[51092,62686],[3,-53],[33,4],[-10,-1],[-9,-17],[-14,-7],[16,6],[9,16],[16,-19],[-25,-17],[-3,-20],[28,6],[-33,-54],[-5,35],[-22,-18],[25,-35],[-128,-27],[3,51],[22,2],[-21,4],[30,3],[-8,-38],[11,38],[12,3],[34,77],[-18,-21]],[[51038,62604],[-1,2]],[[51037,62606],[1,-2]],[[51038,62604],[-13,-35],[-12,17]],[[51013,62586],[-9,1]],[[51013,62586],[14,-21],[-17,-15],[-36,-5],[-50,-84],[-38,15],[-23,57],[28,-1],[-48,33]],[[50843,62565],[-17,30],[10,-8],[10,3],[4,22],[-12,-20],[-6,1],[7,19],[-13,7],[3,-23],[-12,22],[1,-67],[39,-4],[-39,-23],[38,3],[-13,-15],[22,-8],[-29,-13],[37,-15],[-44,7],[-9,-22],[8,49],[-21,-28],[-7,25]],[[50800,62507],[-27,3],[12,-28]],[[50785,62482],[-12,-18],[-17,31],[8,-33],[12,-1]],[[50776,62461],[33,-18],[-39,-19],[1,-113],[-42,-69],[-31,128],[-34,53]],[[50664,62423],[34,-59],[-57,27],[35,-24],[-21,-9],[40,0],[9,-38],[-46,20],[42,-24],[-6,-36],[-38,-25],[-75,11],[-51,110],[59,35],[-35,-9],[-53,107],[11,122],[30,41],[-15,63],[-46,-15],[-22,53],[-111,100],[37,-5],[68,65],[-97,-30],[151,92],[3,128],[78,21],[30,172],[53,59],[-17,29],[60,-9],[47,48],[9,57],[-30,43],[30,-35],[32,23],[45,-25],[24,44],[69,23],[-4,25],[9,-27],[52,-6],[84,29],[55,86],[134,60],[37,62],[-10,26]],[[51297,63828],[9,-26],[-44,-63],[-34,50],[27,33],[-57,6],[10,87],[175,130],[5,67],[55,33],[53,105],[11,121],[13,3],[11,29],[37,18],[3,14],[18,16],[25,-6],[-8,14],[-17,-6],[-17,-14],[-7,-17],[-39,-21],[-27,-33],[5,-18],[-46,-27],[-80,121],[36,-38],[-25,41],[14,52],[49,-22],[-18,-49],[18,38],[2,23],[-33,4],[2,26],[-12,3],[22,9],[-12,32],[10,-32],[-37,2],[24,-25],[-32,3],[-20,31],[-4,-26],[31,-14],[-54,0],[33,-15],[-40,-34],[26,-6],[-6,-50],[-99,127],[-26,-6],[-41,51],[9,54],[62,50],[17,-36],[-12,51],[22,8],[-28,13],[92,30],[-156,-25],[-60,123],[25,92],[-49,100]],[[58071,60138],[-7,-311],[-126,-58]],[[57938,59769],[-209,-108],[-240,-193]],[[55722,59571],[-40,69],[28,92],[-22,70],[98,25],[-11,15],[44,28],[-4,62],[-272,63],[16,29],[58,-5],[-12,44],[76,27],[-5,47],[-59,16],[72,12],[24,37],[-32,18],[-10,92],[122,137],[170,50],[106,75],[31,-48],[40,0],[60,32],[-3,62],[309,134],[9,83],[-38,21],[-69,157],[-93,379],[140,90],[38,67],[64,-3],[25,-29],[272,160]],[[51531,58723],[12,-49],[-49,-19]],[[52160,58681],[-23,37],[-5,-6],[-32,20],[-39,9],[-244,-17]],[[51817,58724],[113,17],[104,4],[53,-6],[47,-18],[21,-19],[5,-21]],[[51480,58812],[0,-2]],[[52803,60798],[81,-53],[4,-113],[90,-38],[-20,-89],[21,-112],[-36,-105],[79,-55],[52,-80],[-79,-66],[136,-119],[-31,-204],[-40,-81],[-77,-65],[109,-177],[35,5],[110,-114],[-53,-105],[21,-124]],[[53205,59103],[-109,-44],[-192,59],[-12,-35],[110,-87],[3,-54],[-74,-62],[-112,-17],[-17,-83],[-100,8],[-47,-157]],[[52655,58631],[-62,-21],[-76,69],[-69,-57],[-98,40],[-128,-58],[-34,21],[-37,104],[-97,28],[-232,-10],[-274,-69],[-11,42],[39,3],[-38,0],[1,9],[48,0],[-14,9],[-22,-9],[-11,1],[-6,-6],[-5,27]],[[51529,58754],[44,3]],[[51573,58757],[-44,-3]],[[51529,58754],[-6,0]],[[51522,58759],[-39,51],[68,53],[-66,-44]],[[51213,59684],[203,89],[47,-18],[10,48],[-29,18],[-4,61],[52,21],[8,32],[54,-68],[48,19],[12,52],[84,54],[108,-217],[80,-43],[117,3],[-37,273],[-56,141],[135,10],[47,-31],[143,63],[-19,42],[76,130],[-25,60],[136,82],[0,68],[30,44],[-19,92],[32,45],[43,24],[96,-12],[112,68],[106,-36]],[[53628,58724],[-109,12],[-5,73],[165,107],[-17,103],[-170,19],[-93,-33],[-31,8],[-39,108],[-66,-56],[-58,38]],[[52803,60798],[25,19],[79,-30],[72,23],[75,78],[27,129],[-45,122],[38,47],[-19,61],[-54,92],[-61,16],[28,119],[-192,155]],[[56952,58220],[32,-54],[-20,-33],[76,-133],[6,-139],[153,-104],[-26,-94],[17,-58]],[[57190,57605],[-77,-272],[-78,-142],[29,-98],[-11,-106],[-207,-46],[43,34],[-17,118],[-63,-5],[-137,97],[14,23],[-29,18],[-2,56],[-93,123],[-71,28],[-177,-112],[-67,-106],[-69,-33],[-75,-122],[39,-101],[22,-218],[27,-66],[27,-3],[-22,-17],[12,-42],[-75,-30],[-23,24],[-24,-24]],[[56086,56583],[-7,60],[-90,27],[-6,102],[-102,197],[-23,177],[35,92],[-46,133],[-156,-178],[-147,4],[-174,50],[-21,90],[-137,40]],[[51271,57682],[-56,4],[-66,140],[15,58],[63,6],[7,136]],[[51234,58026],[-4,28]],[[51230,58054],[-23,58],[26,3],[-31,4],[-23,48],[29,14],[-33,-6],[-39,57],[40,-18],[-47,26],[43,36]],[[51172,58276],[58,62],[25,-8],[-25,9],[-65,-54],[0,17],[-41,-55],[-61,67],[58,-17],[-13,11],[8,4],[-6,6],[36,17],[-18,-2],[-39,-25],[-11,10],[20,20],[-14,33],[6,-35],[-28,-12],[15,70],[-10,-29],[-21,17],[24,12],[10,18],[20,4],[11,-12]],[[51111,58404],[11,17]],[[51122,58421],[-23,9]],[[51099,58430],[-16,-8],[10,-4],[-23,-8],[-9,-18],[-30,8]],[[51031,58400],[35,-45],[-20,-26]],[[51046,58329],[-9,21]],[[51037,58350],[-26,21]],[[51011,58371],[-16,8]],[[50995,58379],[7,19]],[[51002,58398],[5,2]],[[51007,58400],[-5,-2]],[[51002,58398],[-13,-28],[-35,33],[143,63]],[[51097,58466],[48,33],[2,-19]],[[51147,58480],[59,41],[5,-23],[-34,-11]],[[51177,58487],[-9,-16]],[[51168,58471],[9,16]],[[51177,58487],[19,-15]],[[51196,58472],[-11,15],[27,9],[-1,26],[48,20],[25,-17],[-2,-53],[-48,-19],[57,16],[4,58],[-28,24],[327,119],[68,8],[9,-79],[-4,80],[150,45]],[[52160,58681],[13,-61],[54,-28],[126,60],[53,-41],[48,-1],[30,-35],[14,-11],[11,-3],[47,6],[-30,2],[-25,-5],[-12,8],[-34,41],[47,52],[98,-64],[55,30]],[[51389,56850],[1,3]],[[51390,56870],[-4,19]],[[51385,56969],[0,23]],[[51280,57532],[1,15]],[[50588,58223],[-20,-24]],[[50568,58199],[-57,74],[62,-20],[-3,-19],[14,16],[4,-27]],[[50568,58199],[3,-21],[-25,-1],[16,7],[-9,3],[-11,-6]],[[50542,58181],[-19,9]],[[50523,58190],[-74,91],[42,19],[26,-16],[-25,-3],[17,-41],[59,-41]],[[50528,58293],[-34,7],[27,12],[7,-19]],[[50606,58323],[-76,-44],[4,35],[72,9]],[[50639,58260],[-81,9],[60,30],[-8,28],[44,9],[-26,-43],[11,-33]],[[50668,58293],[-26,-38],[5,62],[24,21],[-3,-45]],[[51384,56992],[-2,-29]],[[51377,56948],[2,-112]],[[51370,56817],[-1,-15],[5,-12],[58,-49]],[[52413,56429],[-33,-223],[-71,16],[-13,-51],[-66,-32],[-78,-136],[32,-15],[-18,-36],[55,-119],[63,-32],[-5,-53],[-54,-143],[-68,-92],[36,-80],[-29,-166],[-110,-101]],[[52054,55166],[-197,-69],[-62,-53],[-80,16],[-119,269],[-108,-154],[-111,-50],[-27,-60],[-54,-24],[-52,-109],[22,-130],[-44,-170]],[[51222,54632],[-6,-36],[-165,19],[4,92],[-51,44],[-103,-30],[-85,59],[-19,75],[-129,57]],[[50668,54912],[-37,112],[92,140],[-69,26],[-145,-7],[-149,52],[-34,73],[-55,36],[-26,91],[-104,89],[-157,52],[-102,-24],[-9,-51],[135,-300],[-10,-65],[-106,-50],[-73,91],[-45,4],[-102,101],[-61,17],[-72,98],[-76,47],[-61,-26],[-31,27],[-29,-12],[-11,48],[-33,-16],[-26,39],[70,134],[-16,198],[74,60],[84,9],[17,213],[-111,21],[-24,32],[32,32],[3,139],[35,69],[143,149],[128,210],[31,21],[105,-92],[134,147],[145,307],[88,95],[-65,132],[28,178],[-73,48],[51,86],[-26,45]],[[50125,57737],[19,-15],[-9,15],[-11,0]],[[50124,57737],[-4,8]],[[50120,57745],[46,-12],[-24,15],[85,20],[-109,-20]],[[50118,57748],[-32,56]],[[50086,57804],[-2,4]],[[50084,57808],[-7,12]],[[50077,57820],[42,-40],[6,19],[42,-24],[-42,27],[-11,-6],[-8,9],[5,0],[-29,20],[20,-5],[9,-7],[11,-2],[19,-13],[-16,13],[-15,3],[-8,8],[36,-6],[-30,12],[-8,-5],[-17,3],[-9,-3]],[[50074,57823],[-6,12]],[[50068,57835],[27,31],[67,-71],[-64,75],[88,-74],[-52,59],[69,-56],[2,23],[31,-23],[-14,20]],[[50222,57819],[4,-6]],[[50226,57813],[-4,6]],[[50222,57819],[-8,3]],[[50214,57822],[-101,48],[53,8],[42,-33]],[[50208,57845],[15,13]],[[50223,57858],[-37,14],[59,16],[-92,-7],[86,21],[-92,-20],[-56,27],[90,38],[-35,-10],[21,22],[-67,-34],[-21,21],[98,49],[59,-54],[40,8],[7,-76],[1,33],[26,-13],[-30,57],[39,-35],[-10,25],[23,4],[-32,6],[41,23],[-95,-26],[23,18]],[[50269,57965],[48,35],[-76,-53],[-30,32],[18,22],[-37,10],[-3,30],[65,3],[-44,0],[42,18],[-67,-15],[-7,-18],[-27,3],[44,40],[-57,-25],[87,202],[47,3],[-31,-51],[26,10],[-11,-47],[23,-6],[0,91],[39,-54],[-21,-11],[32,-30],[-20,-82],[26,55],[-12,59],[33,-28],[9,-77],[5,61],[15,-86],[3,36],[13,-11],[-3,-45],[7,44],[-28,54],[32,-18],[8,-54],[-2,24],[21,-48],[-8,42],[21,-23],[-15,23],[-16,7],[-6,29],[-21,14],[31,9],[-42,-2],[-36,46],[27,-3],[-43,10],[-10,27],[38,-15],[-26,21],[-14,-6],[8,39],[42,-25],[-10,27],[80,3],[0,-72],[29,-16],[-24,-33],[25,20],[-8,-80],[14,69],[17,-48],[-20,74],[43,-71]],[[50512,58104],[18,-6],[-30,-21]],[[50500,58077],[-2,-38],[21,-35],[-20,40],[17,40],[4,-13]],[[50520,58071],[-4,12],[18,3],[-4,15],[-23,23],[32,-26],[2,5]],[[50541,58103],[-3,1]],[[50538,58104],[-2,8],[-28,15],[-8,16],[10,-1],[-19,13],[13,23],[28,-47],[-28,49],[-35,1],[-23,47],[39,-14]],[[50485,58214],[49,-60],[13,12],[19,-63]],[[50566,58103],[-7,-49],[15,33],[16,-37],[-20,-5],[27,-18],[-20,76],[-13,9],[5,0]],[[50569,58112],[-2,58]],[[50567,58170],[5,-1],[4,23],[-5,4],[6,-4],[17,27],[-6,4]],[[50588,58223],[-1,23],[8,-26],[22,21]],[[50617,58241],[22,19]],[[50639,58260],[3,-7],[45,26],[-3,11],[10,-2],[-6,-7],[18,12],[-22,0],[32,12],[-25,-3],[7,16],[36,-9]],[[50734,58309],[-32,32],[63,17],[-1,-34],[4,29],[30,-10],[-15,24],[58,-8]],[[50841,58359],[32,27],[7,-25],[39,16],[106,-60],[112,-110],[61,-104],[28,-201],[-59,-6],[-24,-56],[7,-41],[68,-120],[56,-10],[0,-25],[-35,-9],[-12,-49],[7,-18],[43,-15],[-1,-33],[20,-59]],[[50191,60155],[-13,15],[53,35],[-40,-50]],[[49850,60270],[2,1]],[[50676,60337],[4,0]],[[49714,61006],[38,-5],[-10,-22],[-17,18],[-4,-18],[-7,27]],[[49620,61101],[-7,-124]],[[49613,60977],[16,101],[-13,-152]],[[49616,60926],[10,-17],[-20,2],[6,33],[-7,-35],[-14,14],[37,-47],[5,45],[-4,-64]],[[49629,60857],[118,-191],[101,-51],[-15,-21],[56,-3],[64,-72],[-32,-55],[-54,3],[24,-145],[-19,-7],[-8,-41]],[[49856,60273],[-5,0],[-8,-9]],[[49262,60523],[-27,613],[20,75],[147,83],[210,32],[36,-74],[-15,-36],[-61,-26],[61,-30],[-13,-59]],[[50707,61588],[-24,-43],[-51,10],[61,33]],[[50736,61549],[-7,-3],[8,9],[-21,35]],[[50674,61588],[-19,25]],[[50753,60298],[30,38],[14,32],[38,9],[34,-101],[150,-34],[23,28],[-23,42],[9,24],[27,-23],[65,50],[35,-33],[68,17],[-66,-14],[-37,33],[-65,-50],[-20,21],[-11,-1],[-7,-24],[23,-42],[-20,-20],[-150,30],[-31,100],[-42,-8],[-17,-36],[-35,-39],[-41,36],[-24,7],[-23,-7]],[[50645,60333],[-14,3],[-35,-38],[-44,59],[-74,5],[-24,-19],[-22,-60],[-89,-47],[-100,23],[-13,-45],[-63,-43],[-37,25],[26,7],[-36,3],[-34,82],[30,-20]],[[50116,60268],[-71,60],[-119,29],[69,130],[18,-12],[-35,75],[28,3],[-29,2],[-164,182],[10,29],[-14,-20],[-11,28],[41,58],[-13,23],[12,-21],[-50,-53],[-15,27],[29,24]],[[49802,60832],[-2,8]],[[49800,60840],[2,-8]],[[49802,60832],[-22,-7]],[[49780,60825],[-29,15],[0,47]],[[49751,60887],[-16,18]],[[49735,60905],[-6,18],[23,-14],[-1,11],[6,-3],[5,-21],[-4,21],[-3,1],[-12,5],[18,12],[-26,-8],[23,13]],[[49758,60940],[-22,-6]],[[49736,60934],[-9,16],[29,-6],[-28,8],[0,34],[29,-37],[1,24]],[[49758,60973],[-2,27],[23,-2],[-4,-33],[35,-12],[-13,-38],[19,41],[-24,6],[-5,48],[-27,-9],[5,23],[-32,12],[36,29],[-38,-27],[29,-28],[-48,13],[1,90],[16,-59],[5,36],[-47,234],[42,46],[622,277],[118,-56],[-114,3],[-58,-28],[94,19],[29,-22],[-40,-5],[48,-1],[-16,-29],[-41,18],[50,-27],[7,35],[28,1],[23,-33],[-11,-3],[4,-17],[-46,13],[33,-23],[16,10],[-5,17],[15,0],[-6,-26],[-16,-3],[13,-6],[18,23],[-9,-26],[9,26],[-10,3],[25,-2],[-6,-34],[21,-2],[-8,32],[83,-29],[-25,9],[42,34],[30,-29],[-14,39],[47,-7],[40,55],[17,-21],[-7,-3],[-1,-7],[9,4]],[[50740,61548],[2,0]],[[65514,42246],[58,-62],[68,4]],[[66007,41093],[0,-101],[23,4],[2,-78],[70,-43],[-14,-117],[6,-26],[38,-5],[-7,-24],[31,-3],[20,101],[152,-66],[10,21],[89,-1],[13,-67],[101,-69]],[[66541,40619],[80,-8],[16,86],[68,5],[3,-47],[39,-1],[-92,-242],[-54,-62],[-188,55],[-43,-61],[-33,51],[-69,2],[-65,50],[-160,-30],[-7,-80],[-32,-6],[10,-38],[-257,-9],[-27,-103],[-58,32],[-23,-33],[-157,-2],[-95,255],[-166,168],[-651,-936]],[[64580,39665],[-169,116]],[[64411,39781],[62,212],[-49,28],[11,30],[-71,85],[-2,98],[-36,29],[19,86],[-57,214],[58,83],[-21,27],[49,88],[31,-17],[18,44],[105,-86],[86,-11],[34,35],[78,14],[61,-22],[83,43],[47,87],[-23,47],[-237,77],[16,57],[-26,33],[62,100],[146,127],[-46,95],[35,26],[-39,0],[53,12],[-27,25],[28,21],[7,-24],[14,50],[-24,24],[87,-27],[63,27],[-38,183],[184,80],[-31,36],[-80,5],[-23,-29],[-50,41],[176,71],[84,-17],[80,84],[-49,43],[112,43],[48,49],[19,69],[76,70]],[[66950,44532],[-90,-527],[76,-90],[-49,-52],[12,-27],[-33,-57],[40,1],[40,-116],[56,-33],[-29,-42],[6,-55],[121,-191],[-1,-31],[-69,-3],[65,-119],[23,-37],[142,-13],[-19,-96],[-39,1],[-70,-99],[36,-65],[59,-30],[-28,-123],[17,31],[307,-112],[132,-125],[13,21],[66,-21],[-15,-35]],[[67719,42487],[-95,-107],[-54,16],[-116,115],[-21,-9],[-60,-140],[-29,19],[-56,-81],[-15,-79],[-125,-117],[-216,60],[4,-75],[-94,15]],[[65514,42246],[-27,1],[10,65],[-97,56],[5,28],[-40,-52],[-88,-15],[-32,83],[-38,7],[-89,131],[-106,0],[-20,-37],[-197,152],[54,92],[-28,-1],[-61,66],[-4,143],[28,38]],[[64784,43003],[177,146],[-34,65],[26,35],[144,83],[-36,32],[1,36],[-65,53],[-56,6],[-18,39],[-74,-119],[-107,-83],[-70,60],[-43,129],[-73,19],[-25,38],[-67,-6],[-41,75],[-49,-39],[-27,11],[-21,154],[50,48],[12,140],[77,147],[199,-20],[43,-27],[25,28],[86,-15],[35,67],[-42,16],[28,175],[69,114],[59,39]],[[64967,44449],[58,-95],[88,30],[95,-60],[75,-157],[125,49],[116,-28],[5,-55],[187,198],[118,59],[169,-39],[116,28],[85,100],[17,103],[220,42],[24,-29],[150,70],[50,-53],[-26,-109],[110,48],[83,-57],[118,38]],[[65497,38206],[-344,655],[-19,-6],[-554,810]],[[66541,40619],[52,207],[27,18],[-13,48],[90,78],[209,274],[-186,93],[31,73],[-93,55],[-13,19],[38,46],[-33,17]],[[67719,42487],[125,-87],[164,-53],[36,92],[167,-53],[89,32],[74,63],[15,66],[151,8],[-29,-168],[158,26],[60,-42],[40,-210],[110,-33],[66,15],[-68,-115],[-38,6],[-18,46],[11,-92],[119,-19]],[[64411,39781],[-811,504]],[[63600,40285],[-15,50],[-360,208]],[[63225,40543],[-552,284],[11,21],[-46,53],[-4,112],[-36,10],[-55,94],[-59,1],[-145,97],[55,282],[-54,35],[-5,41],[-50,12],[20,160],[-60,58],[135,49],[99,87],[21,144],[-43,36],[11,47],[-51,126]],[[62417,42292],[117,2],[15,-29],[167,79],[136,101],[74,-128],[149,129],[32,-102],[35,6],[19,-49],[72,-1],[19,-48],[98,-12],[73,92],[-14,72],[130,137],[108,-138],[89,-41],[160,33],[0,21],[161,68],[42,-56],[20,95],[38,33],[49,0],[-14,67],[65,13],[-75,59],[254,91],[118,93],[151,46],[56,89],[23,-11]],[[69219,46961],[-1,-265],[203,-119],[3,-28],[-98,-326],[29,-63],[-41,-20],[-83,-267],[28,-34],[86,9],[3,-31],[45,-9],[-71,-206],[43,-34],[34,-4],[6,26],[127,-43],[79,-246],[213,-329],[98,-288],[143,-214],[-9,-258],[13,-54],[66,-50],[-3,-35],[-22,3],[11,-124],[102,-314]],[[66950,44532],[131,93],[226,-12],[59,-45],[63,44],[62,131],[-20,163],[57,65],[99,-17],[58,98],[102,55],[22,75],[-19,39],[112,68],[-110,162],[61,-3],[29,36],[119,-2],[42,71],[223,127],[256,205],[-47,114],[48,87],[141,143],[57,166],[93,37],[16,34],[-100,28],[27,40],[-18,15],[113,165]],[[68852,46714],[63,-45],[27,128],[120,161],[157,3]],[[64914,45399],[-32,-78],[18,-26],[-51,-92],[94,-33],[-53,-63],[-14,-68],[53,-101],[-40,-50],[34,-30],[-66,-21],[30,-188],[96,-70],[-30,-61],[14,-69]],[[62417,42292],[-163,126],[34,27],[-23,31],[-74,-16],[-106,131]],[[62085,42591],[28,109],[-97,89]],[[75738,45384],[17,-30],[-46,-28],[-167,-73],[-86,8]],[[75456,45261],[282,123]],[[76439,45988],[13,36],[21,0],[19,-21],[-19,11],[-23,-15],[26,4],[-15,-36],[-22,21]],[[76507,46021],[0,-1]],[[76507,46020],[-26,-2],[-1,26],[50,1],[-23,-24]],[[76595,46174],[15,-12],[-33,7],[33,-17],[-55,16],[40,13]],[[76595,46181],[27,-16],[-27,9]],[[76910,46724],[-2,5]],[[76908,46729],[6,9]],[[76914,46738],[-6,-9]],[[76908,46729],[2,-5]],[[76910,46724],[-23,-1],[25,39],[13,-19],[-15,-19]],[[76943,46801],[-16,-57],[-12,24],[33,54],[-5,-21]],[[77818,47802],[-26,-30],[5,42],[-15,-45],[-1,25],[-9,12],[-51,35],[60,-54],[-4,-14],[-8,5],[4,-14],[-24,-1]],[[77749,47763],[-6,-5]],[[77743,47758],[0,15]],[[77743,47758],[38,0],[-23,-10]],[[77758,47748],[-10,-3]],[[77748,47745],[10,3]],[[77758,47748],[-15,-5]],[[77743,47743],[-12,11]],[[77731,47754],[12,-11]],[[77743,47743],[-3,-15]],[[77740,47728],[-10,6]],[[77730,47734],[-22,-12],[-14,41],[5,-31],[-20,14]],[[77679,47746],[28,-26],[-22,-36],[-14,33],[-1,-46]],[[77670,47671],[-6,-19],[-8,59],[0,-66],[-6,47],[-2,-44],[-3,26]],[[77645,47674],[-7,6]],[[77645,47674],[-2,-35],[-11,38],[-43,10]],[[77589,47687],[11,11]],[[77600,47698],[-11,-11]],[[77589,47687],[41,-60]],[[77630,47627],[-3,1]],[[77627,47628],[-2,3]],[[77625,47631],[2,-3]],[[77627,47628],[3,-1]],[[77630,47627],[-4,-8],[-28,32],[22,-38],[-45,3]],[[77575,47616],[-3,-45],[-25,24]],[[77547,47595],[9,-12]],[[77556,47583],[-2,-27]],[[77554,47556],[-27,6]],[[77527,47562],[14,-15],[-28,-24],[4,9],[-3,7],[2,-9],[-7,-10],[-9,36],[-21,6],[1,-11],[13,0],[2,-10],[8,-5],[4,-16],[2,-2],[2,2],[-17,-23],[-11,8]],[[77483,47505],[-17,-20],[-5,38],[-4,-35],[17,-8],[-24,3]],[[77450,47483],[-1,28]],[[77449,47511],[-3,10]],[[77446,47521],[3,-10]],[[77449,47511],[1,-28]],[[77450,47483],[-5,3]],[[77445,47486],[-2,-22]],[[77443,47464],[-7,-9]],[[77436,47455],[0,3]],[[77436,47455],[-44,30]],[[77392,47485],[39,-39],[-42,-30],[-21,19]],[[77368,47435],[18,-38],[-32,17],[23,-33]],[[77377,47381],[-5,-12]],[[77372,47369],[-15,-17],[-25,33],[25,-37],[-27,-3]],[[77330,47345],[-5,-37],[-53,62],[51,-63],[-40,-41]],[[77283,47266],[15,-4],[-9,-9],[-11,15],[-12,1],[-2,9],[-6,3],[15,23]],[[77273,47304],[-18,-23],[9,-9],[-9,3],[-3,0],[1,-13]],[[77253,47262],[3,13],[28,-18],[2,-6],[-10,0],[-14,14],[20,-14],[-19,-9]],[[77263,47242],[-4,-33],[-17,12]],[[77242,47221],[-19,9]],[[77223,47230],[-2,-11]],[[77221,47219],[2,11]],[[77223,47230],[19,-9]],[[77242,47221],[0,-18]],[[77242,47203],[0,-11]],[[77242,47192],[-7,-12],[-3,8],[-11,1],[0,30]],[[77221,47219],[-8,-15],[8,-18],[11,0],[2,-13],[-30,4],[-7,-29],[4,41],[-14,-13],[-7,-67],[0,18],[-26,20]],[[77154,47147],[25,-20],[-2,-12],[-5,-4],[-3,13],[1,-13],[-5,0],[-24,24],[23,-24],[8,-2],[4,5],[-3,-20],[-22,21],[11,-16]],[[77162,47099],[-1,-3]],[[77161,47096],[1,3]],[[77162,47099],[-6,-26],[-18,41],[16,-43],[-34,-58],[-18,15],[0,16],[11,-1],[18,42],[-7,-3],[1,-7],[-23,-28],[-4,-15],[21,-31],[-32,-23],[-12,38],[-4,-34]],[[77071,46982],[-14,-75],[-15,32]],[[77042,46939],[1,0]],[[77043,46939],[-1,0]],[[77042,46939],[-3,-5]],[[77039,46934],[10,65],[-26,-53]],[[77023,46946],[16,-12]],[[77039,46934],[3,-29],[-5,16],[-24,-12],[-5,3],[-7,18],[11,10],[9,-9]],[[77021,46931],[-12,14],[-8,-14],[-1,-3],[6,-13],[4,-6],[44,-5],[-32,-6],[17,-12],[-37,16],[17,-13]],[[77019,46889],[25,-12],[-41,10],[11,-13]],[[77014,46874],[-23,22],[-18,-9]],[[76973,46887],[20,34]],[[76993,46921],[-20,-34]],[[76973,46887],[18,8],[6,-30]],[[76997,46865],[-2,-3]],[[76995,46862],[-9,-3]],[[76986,46859],[9,3]],[[76995,46862],[2,3]],[[76997,46865],[26,-8],[-20,-10]],[[77003,46847],[-13,-5]],[[76990,46842],[-8,8]],[[76982,46850],[8,-8]],[[76990,46842],[5,-32]],[[76995,46810],[-16,19],[22,-26],[-26,19],[0,-34],[-7,44],[-19,9]],[[76949,46841],[14,-34]],[[76963,46807],[-1,11]],[[76962,46818],[1,-11]],[[76963,46807],[14,-22],[-22,10],[-13,53],[-20,12],[17,-21],[-6,-15],[-28,20],[29,-23],[-22,-51],[-21,39]],[[76891,46809],[17,-39],[-42,3],[44,-6],[-34,3],[29,-12],[-22,0],[21,-3],[-12,-20],[-23,17],[17,-26],[-64,7],[51,-22],[-49,10],[30,-25]],[[76854,46696],[29,22],[22,-12],[-21,2]],[[76884,46708],[-8,-45],[-27,18]],[[76849,46681],[-24,0],[-10,-17],[10,14],[58,-25],[-28,8]],[[76855,46661],[-4,-1]],[[76851,46660],[-38,-2],[-8,-26],[46,28]],[[76851,46660],[26,-13],[-28,-42],[0,18],[-14,11],[7,6]],[[76842,46640],[-11,-3]],[[76831,46637],[18,-15],[-1,-20],[-2,15],[-5,-19],[-5,12],[4,-17],[-6,3],[1,27],[-3,-15],[1,-12],[3,-4],[-4,1],[-1,14],[0,-14],[-1,12],[2,18]],[[76832,46623],[-9,-6]],[[76823,46617],[2,-37],[-18,40],[-16,-10],[20,-27]],[[76811,46583],[3,-28],[-10,26]],[[76804,46581],[-2,3]],[[76802,46584],[-5,2]],[[76797,46586],[5,-2]],[[76804,46581],[-2,-12]],[[76802,46569],[8,-26],[-29,41],[6,-33]],[[76787,46551],[-8,-8]],[[76779,46543],[-5,0]],[[76779,46543],[8,8]],[[76787,46551],[0,-18]],[[76787,46533],[20,-18],[-18,9],[6,-26],[-23,32],[11,-39]],[[76783,46491],[-1,4]],[[76782,46495],[1,-4]],[[76783,46491],[-20,18],[-8,-31],[26,-9],[-45,-21],[29,-6],[-30,-13],[19,-20],[-24,15]],[[76730,46424],[-3,0]],[[76727,46424],[3,0]],[[76730,46424],[2,-13]],[[76732,46411],[-9,3]],[[76723,46414],[9,-3]],[[76732,46411],[16,-17]],[[76748,46394],[-3,6]],[[76745,46400],[3,-6]],[[76748,46394],[-24,4]],[[76724,46398],[14,-27],[-14,23],[-27,-14],[23,-12]],[[76720,46368],[-2,-4]],[[76718,46364],[10,-3]],[[76728,46361],[3,-20]],[[76731,46341],[-26,14]],[[76705,46355],[26,-14]],[[76731,46341],[21,-12],[-44,5]],[[76708,46334],[10,-23],[34,17],[-36,-23],[35,4],[-83,-34],[-153,1],[-98,41],[-77,75],[-53,5],[-300,413],[-37,23],[-103,-21],[-8,48],[33,44],[-67,130],[63,-132],[-33,-37],[-1,-59],[142,1],[288,-403],[-7,-21]],[[76257,46383],[94,-34],[15,-21],[-7,-17],[-12,-6],[-20,4],[-22,29],[21,-29],[21,-6],[13,5],[12,21],[16,-35],[-1,23],[163,-62],[200,27],[-90,-36],[23,-14],[-44,10],[37,-17]],[[76676,46225],[-18,1]],[[76658,46226],[-5,-6]],[[76653,46220],[-17,14]],[[76636,46234],[17,-14]],[[76653,46220],[7,-25],[-24,22]],[[76636,46217],[3,3]],[[76639,46220],[2,2]],[[76639,46220],[-27,9]],[[76612,46229],[-5,-1]],[[76612,46229],[-32,-24]],[[76580,46205],[-20,15],[12,-21],[62,12],[-68,-15]],[[76566,46196],[-11,23],[-8,-24],[19,1]],[[76566,46196],[40,3],[-57,-12],[44,-1],[38,24],[13,-35]],[[76644,46175],[-16,18],[14,-16]],[[76642,46177],[2,-2]],[[76644,46175],[-49,6]],[[76595,46181],[-45,-12],[66,-23],[-48,3]],[[76568,46149],[11,-4]],[[76579,46145],[23,-14],[-25,6],[2,-24],[-31,29]],[[76548,46142],[30,-30],[-36,25],[13,-43],[-30,52],[17,80],[-16,-51],[-2,53]],[[76524,46228],[-11,-77]],[[76513,46151],[3,-5]],[[76516,46146],[16,-33]],[[76532,46113],[3,-16]],[[76535,46097],[-10,-14]],[[76525,46083],[-7,20],[3,-29]],[[76521,46074],[-31,21],[24,12],[-24,-9],[16,83],[-13,-56],[-18,5]],[[76475,46130],[5,24]],[[76480,46154],[4,12]],[[76484,46166],[-4,-12]],[[76480,46154],[-18,-8],[9,23],[-11,-6],[-1,15],[28,11],[-29,-3],[24,24]],[[76482,46210],[18,-2]],[[76500,46208],[-18,2]],[[76482,46210],[-18,-8]],[[76464,46202],[-25,17],[39,3]],[[76478,46222],[-45,6],[4,38],[-8,-34],[-19,23]],[[76410,46255],[21,-27],[-26,12],[1,38],[-26,-26]],[[76380,46252],[-7,17]],[[76373,46269],[-1,-38],[8,21]],[[76380,46252],[20,5],[-11,-35],[15,18],[32,-18],[32,-103],[14,-7],[-22,7],[25,-15],[-17,-16],[17,15],[10,-30],[-39,4],[-5,26]],[[76451,46103],[2,-26],[41,-9],[3,6],[0,-24],[-55,26],[9,64],[-7,-15],[-7,21],[10,17],[-3,24],[-8,-1]],[[76436,46186],[-16,0]],[[76420,46186],[25,-17],[-10,-23],[1,-13],[-60,54],[-22,-25],[36,4],[-3,-33],[-48,7],[-2,-12],[-18,-7],[1,30]],[[76320,46151],[-22,12]],[[76298,46163],[22,-12]],[[76320,46151],[-6,-24],[1,-5],[7,-4],[-3,-30],[6,34],[49,-1],[4,-20],[24,48],[36,-25],[-15,-24]],[[76423,46100],[-10,15]],[[76413,46115],[1,-17]],[[76414,46098],[10,-10]],[[76424,46088],[-3,10],[23,-44],[-15,22]],[[76429,46076],[-6,-5]],[[76423,46071],[6,5]],[[76429,46076],[10,-20]],[[76439,46056],[-4,-9],[18,13],[17,-10],[-8,-11],[14,6],[-3,-15],[-34,6]],[[76439,46036],[9,-7],[-34,-11],[18,15]],[[76432,46033],[-19,-3]],[[76413,46030],[-47,71]],[[76366,46101],[-22,-38],[25,28],[26,-40],[-17,-9]],[[76378,46042],[0,-13]],[[76378,46029],[16,13],[-10,-22],[33,-6],[33,12],[-11,-38]],[[76439,45988],[-13,12],[13,-20]],[[76439,45980],[-13,0]],[[76426,45980],[13,0]],[[76439,45980],[-24,20]],[[76415,46000],[3,-36]],[[76418,45964],[40,0],[-22,-26],[-34,24],[33,-27],[-46,-47],[-12,17],[22,36],[-8,59],[-71,54]],[[76320,46054],[-13,8]],[[76307,46062],[-19,-9]],[[76288,46053],[19,9]],[[76307,46062],[-28,-33],[-31,12],[-6,-24],[-67,33],[66,-35],[-11,-41],[17,52],[36,-2]],[[76283,46024],[29,24],[55,-37],[6,-49]],[[76373,45962],[3,-19]],[[76376,45943],[-29,12],[26,-26],[-17,-12],[39,26],[-24,-35],[8,-33],[-30,35]],[[76349,45910],[-13,-10],[8,40],[-30,46]],[[76314,45986],[28,-46],[-10,-40],[-16,17],[9,17],[-16,10]],[[76309,45944],[4,2]],[[76313,45946],[-4,-2]],[[76309,45944],[-31,29],[26,-32],[-15,-12]],[[76289,45929],[-21,21]],[[76268,45950],[19,-27],[22,0],[8,-18],[34,-17],[-9,-10]],[[76342,45878],[-6,-3]],[[76336,45875],[6,3]],[[76342,45878],[41,-14],[-68,-1],[1,24],[-42,33],[-19,-17]],[[76255,45903],[-27,62],[-1,-24]],[[76227,45941],[-12,5]],[[76215,45946],[12,-5]],[[76227,45941],[-23,-16],[35,4],[16,-26]],[[76255,45903],[19,14],[41,-33],[-6,-21],[-30,6],[-36,-5],[-2,27]],[[76241,45891],[1,-28],[-20,-5],[-2,-7],[9,-2],[-6,-10],[-33,21],[13,30],[-12,-9],[-16,12],[20,27],[-19,-18],[-24,-41],[24,29],[1,-39],[42,-15],[6,1],[18,24],[15,3],[45,-6],[34,5],[11,-33],[35,19],[-36,-32],[-21,11],[18,-11],[-19,8],[3,-20],[-11,19]],[[76317,45824],[-56,19],[30,-10],[-71,-19],[-80,32],[-8,-18],[35,5],[-25,-43],[31,43],[32,-23],[77,17],[-7,-23],[49,-3],[-43,-27],[-17,28],[1,-21],[-53,12],[-28,-25],[52,19],[41,-15],[-34,-10]],[[76243,45762],[-11,10]],[[76232,45772],[11,-10]],[[76243,45762],[-37,-3]],[[76206,45759],[-21,-28],[7,26]],[[76192,45757],[-16,2]],[[76176,45759],[16,-2]],[[76192,45757],[-18,-18],[11,-9],[21,29]],[[76206,45759],[25,-14],[-71,-44],[-3,38]],[[76157,45739],[-24,-3]],[[76133,45736],[10,-18],[-37,18]],[[76106,45736],[-28,1],[23,17],[-3,12],[16,0],[-28,3],[18,27],[5,0]],[[76109,45796],[9,18],[-15,-18],[-18,-24],[0,-3],[3,-3],[9,-1],[2,-11],[-19,-10],[1,21],[-13,-15],[5,1],[5,-15],[11,-5],[-24,10],[-5,-17]],[[76060,45724],[5,-5],[-2,9],[18,-3],[11,8],[8,-35],[51,11],[-41,-38]],[[76110,45671],[-13,-16],[1,12],[-6,10],[5,-15],[-15,11],[-30,-17],[9,32],[-12,-41],[27,21],[18,-17],[-49,-37],[-21,12],[21,16]],[[76045,45642],[-23,-16],[21,-14],[-39,-28],[13,33]],[[76017,45617],[-52,-62],[4,20]],[[75969,45575],[17,13]],[[75986,45588],[-17,-13]],[[75969,45575],[-251,-192],[-269,-119]],[[75449,45264],[-94,37],[-38,-36],[-70,56],[-14,-24],[-81,155],[-77,17],[-67,69],[-67,-42],[-53,88],[-80,-11],[-17,89],[-61,51],[44,68],[-33,24],[-3,86],[-52,94],[-94,1],[-40,80],[-53,23],[-16,-54],[-41,-14],[-32,32],[-36,-30],[-2,33],[-140,84],[-274,56],[-64,39]],[[73894,46235],[199,412],[76,73],[113,226],[33,147],[79,164],[-103,115],[-18,77],[-93,123],[6,50],[-101,141],[47,137],[14,84],[-20,50],[83,335],[130,-9]],[[74339,48360],[56,-98],[224,-196],[403,-575],[54,-30],[431,-15],[103,-62],[243,12],[78,-15],[70,-54],[66,117],[199,128],[111,142],[84,50],[12,80],[-92,513],[451,33],[437,228],[40,-65],[29,-282],[46,-102],[89,-52],[31,11],[314,-326]],[[77019,54716],[-53,46],[11,16],[33,-53],[-8,28],[21,-5],[-45,38],[78,-12],[-64,151],[25,9],[49,-59],[-5,31],[19,-1],[119,-60],[3,-38],[-49,-21],[75,-83],[19,-76],[75,8],[-8,93],[-32,50],[82,-41],[226,-320],[-73,43],[124,-340],[0,-119],[83,-39],[12,-42],[-11,21],[-14,-17]],[[77711,53924],[14,-8],[-18,4],[-19,-14],[-39,-45],[-11,3],[-33,42],[36,-47],[9,2],[11,9],[46,48],[18,-5],[-13,-4]],[[77712,53909],[-26,-24],[49,30],[21,-23],[-13,2],[2,-3],[-7,-3],[-9,3],[1,-3],[-5,1],[-10,-3],[13,2],[-12,-9],[15,9],[7,-2],[-8,-3],[13,5],[-29,-21],[27,16],[8,9],[10,-3],[5,-15],[-18,8]],[[77746,53882],[7,-21]],[[77753,53861],[18,-21],[-28,10],[-23,-9],[30,2]],[[77750,53843],[-6,-16],[30,11],[-20,-15],[18,-23],[-22,9],[17,-21],[6,2],[-2,6],[9,21],[3,-21],[-6,-3],[6,-5],[1,21],[-4,9],[19,-12],[-32,-51],[27,24],[18,-16]],[[77812,53763],[-3,-3]],[[77809,53760],[3,3]],[[77812,53763],[-20,28],[67,-69],[11,-86],[49,-27],[-167,13],[-23,-15],[54,9],[-15,-28],[23,27],[104,-11],[-62,-23],[104,16],[-81,-20],[40,3],[-34,-50],[27,17],[-11,-47],[19,77],[31,12],[-15,-27],[12,-48],[-14,0],[-5,-32],[20,30],[22,-36],[-30,86],[29,26],[-20,-32],[18,16],[2,-58],[73,-49],[-24,49],[78,-77],[-3,-23],[-40,32],[55,-89],[10,28],[26,-78],[-51,22],[-3,-48],[66,-65],[471,-1294],[233,-426],[217,-665],[0,-186],[135,-438],[-77,-985],[21,-219],[-38,-107],[-64,-56],[67,92],[-40,-53],[24,115],[-7,118],[3,-107],[-29,9],[31,-18],[-55,-159],[-26,-220],[-25,16],[9,37],[-35,15],[59,49],[-76,-60],[-9,26]],[[78923,48700],[-6,25],[-5,-34],[-8,22],[-9,-28],[-32,18],[22,1],[20,65],[-20,-63],[-2,19],[-30,-10],[29,38],[-10,80],[-94,69],[-40,86],[40,-88],[93,-67],[9,-79],[-41,-50],[32,-15],[-46,6],[4,17]],[[78829,48712],[-25,30]],[[78804,48742],[25,-30]],[[78829,48712],[-23,-20],[-23,20]],[[78783,48712],[-5,-18]],[[78778,48694],[-62,-2],[-68,-53],[95,47]],[[78743,48686],[108,-10],[-25,-31],[-44,26],[44,-29],[-53,-21]],[[78773,48621],[-20,-21]],[[78753,48600],[-33,6],[22,-28],[-67,-56],[-35,15]],[[78640,48537],[-14,-18],[33,-6],[-53,-43],[-5,18],[-2,-36],[-31,33],[6,34]],[[78574,48519],[-25,3]],[[78549,48522],[25,-3]],[[78574,48519],[-7,-32],[20,-27],[-26,4]],[[78561,48464],[29,-7],[1,-17],[-44,27],[-7,18],[0,-16],[46,-29],[-40,20]],[[78546,48460],[33,-30],[-65,-38]],[[78514,48392],[-8,-3]],[[78506,48389],[-9,-12]],[[78497,48377],[-9,-29],[-6,36],[2,-34],[-17,22],[-10,-45],[-14,39]],[[78443,48366],[9,-45],[-33,3],[9,38],[-11,-38]],[[78417,48324],[39,-12],[-39,-35],[-8,29]],[[78409,48306],[-33,7],[38,-33],[-89,-7],[36,-6],[-37,-38],[50,32]],[[78374,48261],[37,16],[16,-18],[-123,-122],[-43,-5],[-10,-34],[-5,36]],[[78246,48134],[4,15]],[[78250,48149],[-4,-15]],[[78246,48134],[-9,-6]],[[78237,48128],[-6,6]],[[78231,48134],[6,-6]],[[78237,48128],[-7,-20]],[[78230,48108],[8,-10]],[[78238,48098],[-1,-3]],[[78237,48095],[-3,-2]],[[78234,48093],[-3,2]],[[78231,48095],[3,-2]],[[78237,48095],[1,3]],[[78238,48098],[-29,-12],[1,12],[-27,28],[26,-30],[-21,-6],[-19,26]],[[78169,48116],[17,-29],[-18,-18]],[[78168,48069],[78,11],[-145,-115],[-14,35]],[[78087,48000],[12,-40],[-21,30],[-13,-30],[-7,55],[-20,-20],[30,-47],[-21,-21],[-7,21]],[[78040,47948],[-12,-21]],[[78028,47927],[-17,-35],[-4,44],[-16,-30]],[[77991,47906],[15,-15],[-35,-18],[-6,27],[-1,-32],[-32,-1]],[[77932,47867],[-6,4]],[[77926,47871],[6,-4]],[[77932,47867],[-6,4]],[[77926,47871],[10,-15],[-40,-15]],[[77896,47841],[-3,-6]],[[77893,47835],[-24,-1]],[[77869,47834],[-51,-32]],[[74339,48360],[-24,119],[29,59],[-13,36],[-154,88],[-42,101],[2,133],[-49,63],[-12,231],[-109,138],[-134,335],[-59,31],[-138,239],[-23,19],[-23,-18],[-14,47],[-60,36]],[[73516,50017],[15,82],[-35,90],[9,59],[-100,237],[24,71],[105,98],[-13,18],[82,57],[33,105],[-57,98],[20,147],[-94,76],[33,42],[-51,27],[11,25],[-76,16],[82,6],[11,23],[-97,0],[15,69],[-50,11],[25,90],[-110,30],[-17,34],[44,123],[-54,160],[193,71],[-130,257],[103,84],[1,83],[46,52],[156,-192],[177,124],[49,54],[-53,159],[213,110],[141,229],[94,80],[-162,211],[-53,184],[95,26],[3,51],[108,79],[-98,237],[20,63],[142,42],[3,38],[79,23],[78,84],[46,-37],[95,0],[30,-25],[171,-25],[86,15]],[[76218,55240],[22,-38],[52,8],[-23,-27],[42,15],[-45,-37],[39,3],[8,41],[33,-13],[-24,-40],[26,37],[18,-14],[-32,-45],[-79,-2]],[[76255,55128],[93,-6],[-58,-21],[35,-17],[48,61],[-13,-70],[16,53],[-7,-50],[19,29],[20,-16],[-16,-16],[10,-55],[-14,-6],[25,-2],[-20,63],[17,16],[22,-17],[-35,29],[-14,18],[-6,19],[3,41],[1,-45],[8,-21],[62,-49],[-47,-13],[17,-77],[-13,75],[39,3],[6,15],[2,-16],[-29,-12],[31,10],[4,17],[139,-26],[-62,17],[20,18],[-39,-12],[-99,39],[-16,39],[35,-3],[-38,6],[12,32],[-114,125],[237,-151],[165,-25],[-16,-43],[52,-30],[38,34],[-28,36],[78,-32],[35,-77],[-41,36],[-38,-40],[8,-102],[38,-39],[-10,-47],[36,-9],[-2,-34],[40,-5],[-30,-42],[93,41],[3,-26],[-7,-5],[-5,-12],[0,6],[-9,6],[-14,-13],[9,-5],[-20,-10],[18,7],[5,6],[-10,2],[10,3],[4,9],[6,-6],[-8,-18],[-42,-29],[26,11],[28,28],[2,12],[8,3],[19,-61],[-9,55],[19,-63],[-38,-50],[22,23],[-12,-17],[0,-7],[1,-2],[30,-27],[2,0],[15,3],[-16,-3],[-15,20],[-13,6],[-1,1],[-3,6],[30,44],[0,15],[14,-33],[-12,35],[21,-41],[5,23],[58,-50],[-98,114],[153,-123],[-161,145],[50,-40]],[[71709,50710],[-63,7],[9,-71],[-67,-43],[-39,-2],[-4,32],[-145,-42],[14,-40],[-86,-71],[-10,-92],[-81,29],[-35,-296],[-107,14],[-204,202],[-108,45],[-58,-25],[-59,12],[-52,81],[20,94],[-46,50],[57,25],[4,39],[46,34],[16,-24],[107,104],[13,-23],[171,56],[43,-30],[-14,102],[-201,133]],[[70830,51010],[497,142],[208,-9],[77,-62],[32,11],[17,-35],[26,13],[15,-30],[7,-330]],[[71709,50710],[554,78],[442,23],[134,-100],[43,5],[30,38],[54,-5],[50,-113],[-2,-86],[87,-94],[-2,-83],[71,-48],[34,-139],[55,-90],[257,-79]],[[73894,46235],[-86,-345]],[[73808,45890],[-321,74],[-262,101],[-309,-27],[-26,-208],[-46,-11],[2,-50],[-155,12],[-473,-176],[-71,205],[-215,9],[-20,63],[-69,15],[-80,103],[-44,113],[56,-1],[7,113],[45,-2],[20,44],[-35,44],[5,84],[-38,2],[-17,106],[-44,27],[-4,87],[-136,-98],[-68,192],[-42,-6],[-36,-64],[-241,-19],[96,259],[24,-65],[125,32],[-43,97],[39,18],[-15,101],[43,68],[-74,24],[80,902],[-447,0],[-4,-39],[-95,-19],[-149,58],[-20,40],[-292,37],[11,-34],[-73,3],[-155,36],[5,32],[-251,40],[-46,-10],[13,-39],[-40,-49],[-72,-16],[-86,104]],[[69765,48202],[29,30],[-26,50],[21,24],[105,-35],[56,38],[-32,23],[3,117],[-105,59],[38,60],[-29,40],[-53,7],[-125,172],[73,97],[40,179],[-1,49],[-125,69],[-11,57],[149,138],[-49,111],[-19,163],[63,231],[-19,104],[-102,14],[-5,29],[-297,21],[17,101],[74,0],[204,341],[139,-48],[151,190],[191,-39],[82,240],[-1,93]],[[70201,50927],[160,57],[18,56],[-18,91],[230,72],[95,-24],[144,-169]],[[78427,44532],[-12,-39]],[[78415,44493],[-26,37],[38,2]],[[78164,44606],[55,21],[-21,-73],[22,70],[64,-41],[-18,-101],[31,81],[3,-73],[-3,73],[16,-33],[12,14],[-10,-32],[8,20],[0,-15],[-11,-64],[-24,9],[24,-9],[12,62],[2,-16],[1,49],[25,-107],[28,5],[-27,-3],[-6,68],[12,-26],[12,-18],[1,-6],[11,-17],[18,5],[-38,30],[-14,36],[14,-7],[-3,19],[16,-27],[-13,27],[23,5],[28,-41]],[[78414,44491],[-40,-142],[-85,-96],[69,-20],[-79,-53],[-62,-122],[240,-177],[-343,-188],[-322,-273],[-16,-53],[-35,12],[13,-18],[-53,-46],[-125,40]],[[77576,43355],[255,569],[58,185],[77,451]],[[77966,44560],[3,47],[47,20],[-14,-54],[27,28]],[[78029,44601],[14,-54],[-33,3],[33,-5],[11,20]],[[78054,44565],[-34,74],[106,4],[49,-19],[-11,-18]],[[77908,44699],[-37,-31],[-9,16],[46,15]],[[77089,45674],[-18,-41],[1,-95],[-13,110],[34,52],[-4,-26]],[[77045,45621],[2,18],[-2,-43],[-6,-17],[7,17],[2,46],[7,5],[-4,-18],[7,19],[-14,-90],[-22,-9]],[[77022,45549],[-63,7]],[[76959,45556],[-3,8]],[[76956,45564],[-10,149],[7,-71],[3,67],[13,-15]],[[76969,45694],[12,22],[-10,-96],[6,-12],[0,37],[6,-18]],[[76983,45627],[0,47],[3,-32]],[[76986,45642],[-4,68],[37,-80],[-25,86],[93,-13],[-51,-65],[0,-35],[8,30],[1,-12]],[[76341,45775],[-29,-7],[35,34],[-6,-27]],[[76627,46051],[-30,-37],[44,25]],[[76641,46039],[-13,-9]],[[76628,46030],[1,-13]],[[76629,46017],[31,10],[-48,-24],[39,9],[-14,-30],[-97,-11],[110,11],[2,-44],[-50,0],[58,-22],[-44,-2],[-19,17],[-5,1],[-9,-1],[-95,-59],[102,59],[24,-18],[24,-5],[-80,-12],[73,-2],[-83,-16],[58,0],[-20,1],[19,-1],[-30,-8],[-31,-19],[-71,1],[-44,-33],[122,32],[-135,-40],[45,-1],[-30,-23],[-46,5]],[[76385,45792],[-13,-18]],[[76372,45774],[-21,-17],[-9,20],[46,53]],[[76388,45830],[17,13]],[[76405,45843],[1,12]],[[76406,45855],[54,59]],[[76460,45914],[40,44],[20,-18],[-17,21],[61,66],[30,-6],[-27,8],[15,18],[24,-8],[-12,-21],[18,17]],[[76612,46035],[-13,16],[28,0]],[[76628,46030],[13,9]],[[76641,46039],[-27,-13],[13,25]],[[76627,46051],[1,23],[7,-20],[36,23],[-6,-39],[-37,-8]],[[75449,45264],[-276,-280],[34,20],[0,-48],[-238,-448],[-95,-221],[23,-1],[-6,24],[82,193],[237,444],[14,80],[232,234]],[[75738,45384],[460,317]],[[76198,45701],[-11,-15],[38,9],[-27,6]],[[76198,45701],[38,-6],[24,49],[-17,-5],[80,47],[-69,-79],[51,53]],[[76305,45760],[5,2]],[[76305,45760],[65,-6],[2,20]],[[76385,45792],[50,-6],[18,12],[15,21],[-8,-21],[-25,-20],[-4,-18],[-14,-1],[12,0],[14,3],[29,62],[40,9],[-24,-6],[-10,-10],[-2,-18],[3,-13]],[[76479,45786],[-1,25],[7,13],[30,7],[-26,-17],[11,-19],[33,21],[-33,-18],[-9,18],[52,1],[-9,13],[45,37],[20,-6],[-33,-19],[-1,-6],[27,-17],[3,-18],[15,-11]],[[76610,45790],[-55,14]],[[76555,45804],[1,-2]],[[76555,45804],[55,-14]],[[76610,45790],[-14,12],[22,3],[-21,0],[-5,17],[-25,15],[67,32],[-1,-52]],[[76633,45817],[17,-31],[-14,81],[34,-19],[-5,24],[43,21],[-30,-44],[34,33],[-22,-68],[46,43],[-11,-29],[20,8],[-37,-35],[41,36],[-26,-29],[44,17]],[[76767,45825],[-32,-32],[37,27],[-27,-25],[36,4]],[[76781,45799],[-31,-10]],[[76750,45789],[-71,-33],[-43,13],[33,-16],[41,7],[1,-26],[-35,16],[36,-19],[0,29],[30,11],[-2,-34],[7,37],[71,24],[-21,-20],[23,-4],[-48,-15],[39,-6],[-81,-23]],[[76730,45730],[26,-17],[39,31],[-9,-28],[30,35],[15,-68],[-68,26]],[[76763,45709],[-1,7]],[[76762,45716],[1,-7]],[[76763,45709],[98,-39],[-43,84],[28,8],[-3,-40],[35,-7],[-13,-59],[7,5],[4,-14],[-5,-30],[5,-21],[-8,-11],[0,-6],[9,-3],[-8,6],[5,6],[2,6],[1,12],[1,-9],[-3,-13],[59,-20]],[[76934,45564],[-58,21],[4,14],[-2,7],[-6,11],[5,30],[-4,21],[15,54],[6,-27],[44,23],[-38,-53]],[[76900,45665],[21,-57],[-8,65],[31,37],[12,-146]],[[76956,45564],[3,-8]],[[76959,45556],[63,-7]],[[77022,45549],[25,-5]],[[77047,45544],[28,-10],[-1,54]],[[77074,45588],[14,77],[-9,-104]],[[77079,45561],[7,54]],[[77086,45615],[11,76],[-12,-100]],[[77085,45591],[13,42]],[[77098,45633],[12,23],[-1,-137],[8,155],[8,-39]],[[77125,45635],[0,-9]],[[77125,45635],[5,-41],[-2,67],[18,-77],[-15,78],[19,-48],[-8,54],[59,-21],[-26,-33],[31,28]],[[77206,45642],[15,-43],[2,34],[43,-25],[-17,-27],[28,21],[-25,-56],[43,42]],[[77295,45588],[-14,-53]],[[77281,45535],[41,47],[33,-51],[-56,-38],[-32,-62],[-26,71],[-62,57],[61,-55],[-10,-52],[29,-33],[75,94],[28,1]],[[77362,45514],[26,15],[-38,-31]],[[77350,45498],[33,24],[-9,-24]],[[77374,45498],[8,6]],[[77382,45504],[-9,-14]],[[77373,45490],[9,14]],[[77382,45504],[1,-5]],[[77383,45499],[18,-33],[-68,-5],[61,3],[-27,-24]],[[77367,45440],[-28,-59]],[[77339,45381],[13,-9]],[[77352,45372],[-13,9]],[[77339,45381],[22,8]],[[77361,45389],[48,80]],[[77409,45469],[8,-15]],[[77417,45454],[-8,15]],[[77409,45469],[-14,54],[146,-59],[-60,-12],[35,-7],[-25,-32],[49,45],[22,-28],[-21,-15],[16,-19],[-14,19],[20,15],[-10,16],[12,9],[10,-40]],[[77575,45415],[7,16],[11,-22]],[[77593,45409],[-10,-46],[31,46],[-14,-46],[24,26],[13,-51],[-3,-31],[8,-19],[-8,0],[-13,12],[-18,7],[17,-7],[11,-11],[-4,-1],[-4,7],[-7,-7],[-11,6],[-24,-5],[26,-7]],[[77607,45282],[-2,0]],[[77607,45282],[1,6],[8,-2],[7,8],[2,-8],[18,0],[6,3],[-6,-18],[-9,0],[-2,-1],[-2,-5],[-15,3],[-4,5]],[[77611,45273],[4,-6],[3,0],[13,-2],[10,5],[2,-3],[-41,-9],[45,1],[-86,-13],[45,1],[-19,-20],[44,20],[-2,-18]],[[77629,45229],[22,33],[25,-78],[-59,18]],[[77617,45202],[-7,-6],[53,-15],[-16,4]],[[77647,45185],[9,-9],[15,3],[-13,-13],[-10,7],[-17,-1]],[[77631,45172],[-21,3]],[[77610,45175],[-17,4],[38,-7]],[[77631,45172],[18,-2],[-12,-1],[-2,-5],[-9,0],[-12,-3],[10,2],[-7,-5],[3,-1],[6,6],[8,-2],[-7,-11],[-6,0],[-5,-6],[-13,0]],[[77603,45144],[-17,9]],[[77586,45153],[17,-9]],[[77603,45144],[24,-4],[-10,4],[10,5],[8,12],[2,6],[7,-1],[4,3],[8,-5],[8,2],[-15,-16]],[[77649,45150],[-5,-9],[19,12],[13,28],[-13,-32],[29,9],[-38,-24],[40,-5]],[[77694,45129],[-22,-6]],[[77672,45123],[-6,-22],[-44,28],[-50,14],[-68,93],[52,-98],[32,-6],[-17,-15]],[[77571,45117],[5,-22],[13,34],[38,-10],[-11,-38],[-30,6]],[[77586,45087],[33,-7],[-14,-20],[-15,3],[33,-9],[-18,6],[14,15],[8,41],[39,-21],[-26,-32],[45,41],[-3,-38],[25,51],[4,-48],[-13,0],[-32,-18],[-3,-8]],[[77663,45043],[16,-12]],[[77679,45031],[-12,18],[33,18],[13,0],[-7,-33],[28,70],[-10,-38],[19,29],[41,-71],[-51,4],[32,-6],[-34,-15],[48,14],[-42,-29],[53,11],[-22,-8]],[[77768,44995],[0,2],[-3,0],[-14,-3],[-12,-5],[28,8],[-26,-8],[-12,-8],[7,2]],[[77736,44983],[7,6],[25,6]],[[77768,44995],[-26,-7],[5,0],[-14,-28],[-46,2],[47,-3],[24,-39],[-23,40],[12,24],[49,4]],[[77796,44988],[-33,-11],[34,-2],[-32,-22],[32,15],[29,-57],[-35,-2]],[[77791,44909],[38,-4],[7,-31],[-33,-10]],[[77803,44864],[-21,0],[-17,-12],[-1,30],[0,-30],[2,-2],[37,14]],[[77803,44864],[4,-23]],[[77807,44841],[-11,2]],[[77807,44841],[34,27],[12,-21],[-75,-21],[77,20],[12,-28]],[[77867,44818],[-1,-16]],[[77866,44802],[-13,-12]],[[77853,44790],[-40,0]],[[77813,44790],[40,0]],[[77853,44790],[20,3]],[[77873,44793],[4,-3]],[[77877,44790],[22,-6],[-41,-21],[39,13],[-27,-18],[34,14],[31,-43],[-69,8],[-13,-6]],[[77853,44731],[53,0],[-14,-11]],[[77892,44720],[-23,-7],[53,7],[-58,-18],[33,0],[-36,-18],[9,-19],[-17,27],[15,-29],[74,23]],[[77942,44686],[-11,-15]],[[77931,44671],[15,13],[-22,-45],[-35,-11],[-15,24],[15,-25],[38,12],[30,47],[-10,-59],[-15,-2],[-4,-1],[-4,-5],[-10,-12],[-5,-9],[-12,12],[9,-15]],[[77906,44595],[-1,3],[3,0],[2,0],[15,23],[1,0],[7,4],[10,-1],[-12,-15],[16,13],[5,17],[-5,-24]],[[77947,44615],[-8,-39]],[[77939,44576],[-68,-485],[-64,-219],[-238,-511]],[[74194,42280],[-13,24],[-81,-22],[-219,400],[-20,18],[-47,-29],[-70,127],[-31,-29],[-124,230],[27,33],[-250,406],[19,9],[-20,19],[405,385],[1,156],[-47,176],[-79,726],[-12,314],[48,157],[120,-80],[-12,83],[-96,71],[115,436]],[[69219,46961],[6,104],[-152,245],[-46,33],[-35,63],[-1,88],[74,-24],[65,231],[103,-18],[140,71],[99,387],[78,-22],[64,30],[20,-20],[75,85],[56,-12]],[[70201,50927],[-188,282],[-220,-4],[-186,-62],[-8,-153],[-364,46]],[[69235,51036],[-12,78],[71,9],[-20,49]],[[69274,51172],[-4,39]],[[69270,51211],[78,220],[-119,163],[94,112],[34,119],[29,-20],[10,-80],[114,6],[-43,12],[34,147],[-62,151],[5,107],[37,32],[-26,42],[-74,-8],[-53,77],[39,29],[46,112],[-71,104],[55,114],[-65,38],[-80,128],[-53,-48],[-86,27],[45,168],[93,47],[-55,87],[-77,35],[50,4],[60,49],[6,108],[-99,121],[-29,97],[27,66],[-59,-5],[-84,43],[-114,129],[15,91],[-40,124],[97,44],[80,144],[129,133],[11,216],[118,53],[-39,137],[63,83],[6,70],[141,24],[79,149],[31,143]],[[84800,44268],[30,-89],[-58,-127],[16,-62],[61,-15],[27,-44],[-18,-155],[98,-43],[198,102],[96,-11],[75,-106],[15,-74],[-34,-101],[92,-108],[159,-29],[28,-175],[40,-17],[11,-81],[146,-128],[-185,-184],[29,-86],[117,-108],[9,-55],[57,-53],[-74,-145],[-20,-349]],[[85715,42025],[-37,20],[-33,-56],[-94,20],[-38,-160],[-15,84],[-61,53],[-102,243],[3,-66],[-50,-106],[-36,-48],[-19,7],[2,-41],[-172,-101],[18,-148],[-59,-215],[59,-17],[40,41],[60,-23],[23,-416],[-110,18],[-46,-42],[-104,19],[-88,59],[-319,42],[-7,-131],[-73,15],[-8,-30],[79,-21],[-4,-35],[-60,-14],[-74,-67],[51,-124],[182,-193],[112,-55],[165,-21],[63,-104],[103,-7],[125,-86],[158,-19],[47,26],[210,-220],[67,-21],[21,-49],[-100,-78],[-43,-89],[31,-337],[46,-51],[-28,-33],[9,-121],[44,-35],[41,26],[-5,-151],[-190,-86],[-80,-190],[18,-18],[-27,-116],[40,-67],[-77,-28],[-15,-103],[-102,-3],[-23,86],[-190,-139],[24,-13],[37,27],[0,-39],[51,15],[-22,-82],[-74,-29],[-14,-36],[1,-84],[25,-26],[-37,-68],[86,-234]],[[85120,37934],[-204,-45],[-79,-63],[-94,0],[-60,-31],[-112,9]],[[84571,37804],[-181,90],[-89,161],[-50,30],[-73,20],[-158,-64],[-133,77],[-201,-9],[-88,74],[-13,64],[-128,21],[-49,-12],[-68,-77],[-112,-23],[-58,-59],[-117,24],[-79,-69],[-110,-3],[-27,53],[-38,9],[-103,-92],[-65,-14],[-56,83],[11,58],[-37,36],[-135,-21],[-242,46],[-122,58],[-109,128],[144,238],[264,296],[36,77],[-109,45],[-106,-24],[-92,33],[-156,141],[-87,-80],[-45,-5],[-80,-89],[-117,-13],[8,60],[-68,5],[-23,-26],[21,-21],[-54,-35],[-51,20],[-3,36],[-109,24],[-129,-36]],[[81185,39039],[11,243],[116,410],[73,382],[72,168],[-41,128],[-35,48],[-62,0],[-41,36],[-58,145],[-44,11],[-14,53],[-163,107],[-44,-30],[-174,18],[-53,155],[46,56],[21,98],[52,-1],[132,69],[44,84],[27,268],[-48,-14],[148,608],[-143,27],[22,246],[-121,135],[81,37],[95,92],[272,98],[90,67],[122,27],[75,-130],[116,-38],[14,156],[51,13],[-12,34],[156,-18],[28,-68],[22,16],[93,-24],[27,42],[77,17],[0,91],[52,37],[48,-18],[-24,50],[87,142],[-150,217],[-111,2],[-179,64],[47,82],[134,90],[24,111],[-27,21],[15,140],[45,-3],[7,47],[40,7],[-41,108],[22,7],[14,79],[70,34]],[[82288,44118],[4,-30],[84,-36],[-1,-27],[299,-58],[10,-42],[113,15],[35,38],[93,-148],[136,-4],[53,15],[-18,99],[28,71],[54,-19],[22,95],[67,-5],[-10,125],[28,38],[94,30],[-19,89],[84,95],[122,-59],[107,4],[55,-141],[55,-9],[24,-54],[89,-49],[20,56],[175,88],[41,47],[54,-37],[59,-173],[70,-21],[-14,114],[123,138],[138,-24],[10,69],[72,-11],[-3,-34],[48,-2],[-2,-48],[113,-45]],[[88585,42813],[-73,-109],[25,-48],[49,-20],[46,16],[41,-31],[48,29],[30,63],[-10,89],[133,20],[34,39],[39,-93],[27,-21],[-10,-46],[39,-21],[2,-44],[18,-16],[30,3],[60,56],[43,-5],[4,-65],[50,-24],[44,9],[16,41],[24,-23],[73,8]],[[89367,42620],[-13,-26]],[[89354,42594],[-23,-45],[14,-32],[12,-12],[10,-1],[-1,-23],[-47,-65],[78,91],[23,75],[35,-18],[14,-38],[28,-19],[27,-2],[41,27],[66,-59],[29,5],[31,21],[27,-115],[62,-54],[17,-60],[-11,-55],[-82,-40],[82,36],[-33,-162],[108,-46],[-27,-120]],[[89834,41883],[-57,0],[57,-10],[14,-29],[17,-9],[20,3],[23,29],[64,-42],[82,13]],[[90054,41838],[6,-6]],[[90060,41832],[-6,6]],[[90054,41838],[13,-125],[45,-12],[17,-47],[57,-21],[26,4],[29,20],[15,27],[33,23]],[[90289,41707],[-3,-47],[36,-32],[11,47],[60,6],[34,82]],[[90427,41763],[35,-32],[57,-2]],[[90519,41729],[-21,-52],[111,-38],[45,23],[77,-132],[42,-6],[45,-66],[-24,-39],[-62,9],[-43,-44],[-67,-12],[-44,-68],[-76,33],[-63,-170],[-34,-6],[125,-50]],[[90530,41111],[-56,-26],[-24,-86],[-58,-12],[-19,-17],[-32,-77],[-145,-9],[7,-72],[-69,-39],[-74,-130],[-113,-23],[-46,34],[-43,6],[-66,-29],[-58,36],[-95,-65],[-29,8]],[[89610,40610],[-6,10]],[[89604,40620],[-21,71]],[[89583,40691],[-12,12]],[[89571,40703],[-10,5]],[[89561,40708],[-5,1]],[[89556,40709],[-52,-46],[-52,46],[20,112],[-17,47],[-40,41],[-30,13],[-150,-81],[-71,129]],[[89164,40970],[-15,16]],[[89149,40986],[0,1]],[[89149,40987],[0,33]],[[89149,41020],[-15,52]],[[89134,41072],[-21,19]],[[89113,41091],[-4,0]],[[89109,41091],[-20,-6]],[[89089,41085],[-106,-7],[-26,71],[-43,42]],[[88914,41191],[-40,-9]],[[88874,41182],[-30,31],[12,58],[-28,37]],[[88828,41308],[-6,3]],[[88822,41311],[-65,37]],[[88757,41348],[-9,15]],[[88748,41363],[-29,47]],[[88719,41410],[-30,33]],[[88689,41443],[-2,1]],[[88687,41444],[63,79],[-66,-76]],[[88684,41447],[-2,2]],[[88682,41449],[-2,3]],[[88680,41452],[-2,0]],[[88678,41452],[42,48],[17,26],[-3,4],[-27,3],[8,-1],[-8,-5],[7,-3],[5,8],[0,-9],[9,4],[-4,-6],[7,0],[-7,-6],[-15,6],[-33,-66]],[[88676,41455],[-7,6]],[[88669,41461],[17,36]],[[88686,41497],[15,24]],[[88701,41521],[3,11]],[[88704,41532],[0,9]],[[88704,41541],[8,21],[-49,41],[-31,-53],[-65,60]],[[88567,41610],[-12,0]],[[88555,41610],[-35,-13]],[[88520,41597],[-8,0]],[[88512,41597],[-19,-3]],[[88493,41594],[-28,-23]],[[88465,41571],[-9,-9]],[[88456,41562],[-18,-63]],[[88438,41499],[-2,-12]],[[88436,41487],[-1,-2]],[[88435,41485],[-8,-3]],[[88427,41482],[-27,12]],[[88400,41494],[-16,-17]],[[88384,41477],[-21,-75],[-66,-56]],[[88297,41346],[-12,-1]],[[88285,41345],[-1,0]],[[88284,41345],[-17,-2]],[[88267,41343],[-56,27],[-42,216],[-56,45]],[[88113,41631],[-5,3]],[[88108,41634],[16,12],[-66,-7]],[[88058,41639],[-30,-14]],[[88028,41625],[-97,-24]],[[87931,41601],[-4,17]],[[87927,41618],[-34,24]],[[87893,41642],[-2,-5]],[[87891,41637],[-4,0]],[[87887,41637],[-5,8]],[[87882,41645],[-7,9]],[[87875,41654],[-5,5]],[[87870,41659],[-7,4]],[[87863,41663],[-45,5]],[[87818,41668],[-40,3]],[[87778,41671],[-61,-47]],[[87717,41624],[-25,41],[52,57],[13,119],[109,56],[-14,127],[-155,-71],[-122,121],[-82,-5],[-64,33],[-4,254],[66,39],[4,38],[-34,10],[-34,112],[-82,-115],[-177,2],[82,-163],[43,-9],[30,-82],[40,-6],[-7,-38],[-314,-150]],[[87042,41994],[-13,86],[-119,101],[7,119],[-113,77],[-31,-6],[9,-53],[-52,-98],[-71,-41],[-23,29],[-5,166],[-98,84],[-148,-202],[-89,2],[-103,43],[-41,50],[-8,-172],[-72,-3],[17,-81],[-44,-174],[-26,-4],[-1,46],[-141,-3],[-162,65]],[[84800,44268],[13,36],[82,23],[158,-35],[-14,99],[86,16],[42,64],[79,-1],[256,77],[127,-17],[123,204],[149,-148],[49,-16],[35,-58],[187,-38],[-11,103],[-41,26],[14,49],[99,-33],[81,62],[13,62],[47,11],[72,-52],[3,-102],[76,-11],[32,-66],[85,10],[34,169],[66,38],[82,-33],[5,-35],[117,-29],[5,-43],[113,1],[0,-77],[23,-27],[73,-14],[49,97],[58,-4],[63,-144],[19,-24],[28,18],[20,-63],[91,39],[3,-39],[76,30],[-1,-71],[60,-17],[-31,-72],[-27,-6],[58,-36],[-10,-43],[29,-19],[-20,-142],[103,-192],[96,23],[66,-193],[33,-44],[73,-24],[1,-77],[268,-92],[85,-166],[76,51],[-10,-56],[-45,-10],[88,-36],[-64,-151],[50,-46],[4,-54],[114,-65],[22,-42]],[[90459,40889],[-2,-2]],[[90457,40887],[2,2]],[[91365,40249],[-125,-23],[-14,46],[-165,96],[-30,70],[-105,6],[-51,74],[-35,-30],[-110,36],[-78,-82],[0,-40],[-197,-73],[13,-54],[-60,-21],[45,-67],[-66,-28]],[[90387,40159],[18,30],[-21,-12],[9,19],[-56,38],[14,12],[-16,-10],[-21,31],[17,9],[-20,-4],[22,31],[-14,65],[-23,14],[-40,-9],[-29,1],[-24,12],[-15,19],[-4,30],[34,87],[118,35],[96,130],[-7,140],[25,51],[26,15],[46,-13],[55,36],[-21,118],[39,42],[-22,106],[99,56],[197,46],[103,86],[159,77],[46,-28],[54,-94],[5,-161],[62,-307],[53,-6],[-48,-27],[-8,-103],[70,-472]],[[91138,41503],[6,-33],[-11,26],[15,30],[-11,15],[16,-15],[-15,-23]],[[90289,41707],[5,59],[36,9],[39,-30],[58,18]],[[91145,41511],[12,12],[-22,22],[-33,18],[-135,-16],[-85,-112],[-32,-6],[-18,-28],[20,28],[0,-28],[-209,-67],[-113,-223]],[[90519,41729],[80,25],[147,-47],[82,9],[72,-27],[6,-67],[38,-27],[54,59],[41,9],[27,51],[35,22],[87,-2],[53,-95],[-5,-39],[-32,-27],[6,-120],[-26,-7],[-37,24],[-2,41]],[[89723,42789],[9,6]],[[89732,42795],[66,18],[76,-14],[52,47],[41,83]],[[89967,42929],[3,2]],[[89970,42931],[60,34]],[[90030,42965],[13,5]],[[90043,42970],[111,39],[89,6],[58,32],[36,-30],[-30,31],[115,129],[-56,-26]],[[90366,43151],[56,41],[46,99],[322,135]],[[90790,43426],[200,-287],[75,-338],[195,-518],[77,-292],[72,-322],[-67,-587],[4,-72],[69,-53],[-62,15],[0,-79],[42,-1],[18,35],[-8,-31],[-15,-13],[-67,-18],[-15,18],[-60,278],[-10,175],[-50,99],[28,23],[5,27],[-13,86],[27,20],[12,33],[-12,60],[-36,50],[-26,14],[-73,-6],[-29,-14],[-33,-60],[-41,-6],[-49,-62],[-41,28],[-3,65],[-76,29],[-82,-11],[-146,47],[-126,-25],[-46,36],[-64,-20],[-35,30],[-53,-16],[10,-53],[-32,-21],[-21,-35],[-61,-14],[-42,19],[-14,45],[-41,9],[-4,110],[-27,35],[-59,-30],[-74,43],[-31,-28],[-25,4],[-16,58],[29,96],[-110,57],[44,204],[-11,58],[-19,25],[23,42],[-25,-40],[-46,40],[-22,92],[31,7],[-32,-2],[-11,50],[4,54],[36,3],[-35,2],[-47,98],[75,98]],[[78427,44532],[18,-50],[-30,11]],[[78446,44505],[8,-25],[-24,52],[16,-27]],[[79071,44461],[54,0],[-52,-21]],[[79073,44440],[2,-20],[52,33],[-41,-34],[50,4],[-74,-50],[76,50],[-10,39],[31,-28],[-9,-37],[22,-9],[-45,-30]],[[79127,44358],[40,15]],[[79167,44373],[12,-30]],[[79179,44343],[13,12],[-13,-33]],[[79179,44322],[17,24],[-2,-42],[14,15],[12,-27]],[[79220,44292],[254,-614],[38,-166],[-65,-126],[-243,-295],[-34,-83],[8,-133],[-27,-30],[31,22],[61,-110],[52,-36],[38,-125],[-106,-320],[52,-183],[18,-201],[-48,-295],[17,-162],[-97,-196],[-108,-106],[-6,-114],[-833,-1245]],[[77418,42514],[25,388],[100,261],[17,-10],[16,202]],[[78414,44491],[51,-32]],[[78465,44459],[-29,74],[25,-34]],[[78461,44499],[-18,39],[52,6],[0,-38],[36,-36]],[[78531,44470],[-35,38],[3,39],[70,-76],[-58,64],[22,-20],[-12,27],[60,17]],[[78581,44559],[8,23],[22,-12],[-20,-19],[41,15],[-7,-61]],[[78625,44505],[18,63],[49,0],[5,-54],[-1,54],[47,2],[20,-44]],[[78763,44526],[-14,47],[75,0],[12,-31]],[[78836,44542],[22,-21]],[[78858,44521],[-22,21]],[[78836,44542],[-8,32],[154,-11],[113,-58],[-91,-59],[100,51],[14,-21],[-47,-15]],[[82570,46779],[-4,-3]],[[82566,46776],[-1,1]],[[82565,46777],[5,2]],[[82524,46783],[2,-22],[-15,19],[-18,-4],[29,24]],[[82522,46800],[-2,-6]],[[82520,46794],[2,-2]],[[82522,46792],[10,18],[21,-22],[-29,-5]],[[82520,46794],[2,6]],[[82522,46800],[0,-8]],[[81497,46821],[-22,-6]],[[81475,46815],[1,24],[28,-12],[-18,9],[42,18],[-1,-27],[-30,-6]],[[82586,46816],[-8,-15]],[[82578,46801],[-1,-1]],[[82577,46800],[1,1]],[[82578,46801],[13,3]],[[82591,46804],[-12,-18],[-21,20],[3,7],[8,-7],[-4,6],[-7,3],[14,11],[14,-10]],[[81529,46827],[0,29],[36,16],[0,-42],[-36,-3]],[[81910,46857],[17,-7],[-42,16],[25,-9]],[[82110,46853],[-16,-20],[16,39],[0,-19]],[[82615,46835],[-3,1]],[[82612,46836],[3,-1]],[[82615,46835],[3,-5]],[[82618,46830],[8,-15]],[[82626,46815],[-16,-24],[-18,42],[-1,-29]],[[82591,46804],[-5,12]],[[82586,46816],[-8,13],[-24,-11],[1,-11],[13,-15],[-32,21],[16,19],[67,15],[4,13],[2,-22],[-10,-3]],[[82032,46874],[3,6]],[[82035,46880],[-3,-6]],[[82702,46872],[7,0]],[[82709,46872],[23,9],[-18,-15],[-12,6]],[[82318,46893],[-2,3]],[[82316,46896],[2,-3]],[[82352,46899],[10,2]],[[82362,46901],[18,6],[-14,-20],[-14,12]],[[82318,46893],[-2,3]],[[82316,46896],[-25,9],[16,11]],[[82307,46916],[9,0]],[[82316,46916],[-3,-1]],[[82313,46915],[3,1]],[[82316,46916],[49,-30],[-47,7]],[[82466,46905],[-54,-7]],[[82412,46898],[-7,-11]],[[82405,46887],[10,26],[-16,2]],[[82399,46915],[27,9],[-13,-5],[25,-4],[-20,-3],[48,-7]],[[82399,46915],[-5,-16]],[[82394,46899],[6,-15],[-31,2],[17,30],[29,9],[-16,-10]],[[82442,46927],[13,-14],[-24,17]],[[82431,46930],[11,-3]],[[82328,46928],[4,-19],[-24,18],[20,1]],[[82475,46921],[-33,6]],[[82442,46927],[-3,3],[5,0],[17,-6],[9,1]],[[82470,46925],[4,5]],[[82474,46930],[1,-9]],[[82535,46928],[-20,-4],[16,15],[59,-5],[-55,-6]],[[82289,46970],[4,-3]],[[82293,46967],[-4,3]],[[82459,46960],[5,-5]],[[82464,46955],[-5,5]],[[82459,46960],[33,-6]],[[82492,46954],[-9,4]],[[82483,46958],[9,-4]],[[82492,46954],[32,-8],[-42,-6]],[[82482,46940],[-18,-6]],[[82464,46934],[10,-4]],[[82470,46925],[-10,5],[0,-6],[-2,13],[-3,5],[-11,-2],[0,8]],[[82444,46948],[0,-9],[11,1],[-2,-6],[6,-9],[-2,3],[0,-3],[-13,5],[-10,0],[-9,6],[6,-6]],[[82431,46930],[-35,-6]],[[82396,46924],[-27,-17]],[[82369,46907],[-4,2]],[[82365,46909],[-3,3]],[[82362,46912],[3,-3]],[[82369,46907],[-7,-6]],[[82362,46901],[-10,-2]],[[82352,46899],[-1,14]],[[82351,46913],[0,8]],[[82351,46921],[0,-8]],[[82351,46913],[0,-1]],[[82351,46912],[-5,30],[-23,-8]],[[82323,46934],[-3,2]],[[82320,46936],[-14,7]],[[82306,46943],[0,-10]],[[82306,46933],[-20,13],[11,-25],[-25,-2],[-6,41],[27,7]],[[82293,46967],[12,-3]],[[82305,46964],[59,-19],[77,27]],[[82441,46972],[18,-12]],[[82351,46964],[-9,0],[-15,18],[12,3]],[[82339,46985],[7,2],[-4,-18],[9,-5]],[[82381,46985],[1,0]],[[82382,46985],[1,0]],[[82383,46985],[4,-16]],[[82387,46969],[-12,4]],[[82375,46973],[3,3]],[[82378,46976],[3,9]],[[82387,46970],[0,-1]],[[82387,46969],[0,15]],[[82387,46984],[20,-12],[-20,-2]],[[82358,46988],[-7,-15]],[[82351,46973],[-2,-1]],[[82349,46972],[2,-8]],[[82351,46964],[-8,6],[15,18]],[[82386,46987],[6,0]],[[82392,46987],[-5,-3]],[[82387,46984],[-1,3]],[[82359,46973],[-10,-1]],[[82349,46972],[2,1]],[[82351,46973],[13,12]],[[82364,46985],[-5,-12]],[[82576,46978],[-3,0]],[[82573,46978],[0,4],[21,-12],[-18,8]],[[82392,46987],[-6,0]],[[82386,46987],[-3,-2]],[[82383,46985],[-1,3]],[[82382,46988],[10,-1]],[[82356,46990],[2,-2]],[[82358,46988],[-2,2]],[[82356,46990],[-17,-5]],[[82339,46985],[17,5]],[[82417,46976],[1,6]],[[82418,46982],[-3,0]],[[82418,46982],[-1,-6]],[[82417,46976],[-4,0]],[[82413,46976],[-8,2]],[[82405,46978],[12,-2]],[[82492,46985],[2,2]],[[82494,46987],[3,3]],[[82497,46990],[7,0]],[[82504,46990],[64,-36],[-76,31]],[[82440,46992],[-6,-8]],[[82434,46984],[2,14]],[[82436,46998],[4,-6]],[[82504,46990],[-7,0]],[[82497,46990],[-3,-3]],[[82492,46985],[14,-22],[-34,19]],[[82472,46982],[12,-1],[9,20],[18,0],[-7,-11]],[[82472,46982],[-6,2]],[[82466,46984],[-12,-5]],[[82454,46979],[-20,5]],[[82434,46984],[15,11],[18,-7],[18,16]],[[82485,47004],[28,0],[-21,-3],[-9,-19],[-11,0]],[[82568,46984],[5,-6]],[[82576,46978],[6,-8]],[[82582,46970],[-28,8],[7,12]],[[82561,46990],[-4,15]],[[82557,47005],[11,-21]],[[82936,46984],[15,-125],[-27,-47],[10,-107],[-26,-125],[50,-385],[30,-29],[-21,-21],[42,-346],[165,14],[40,-38],[33,27],[-16,-46],[15,-31],[38,2],[4,-33],[-29,-12],[-101,-192],[-85,89],[-20,-27],[25,-287],[-58,17],[-1,-86],[-291,-62],[-233,29],[-5,-43],[-27,6],[-38,-123],[14,-64],[173,-225],[37,-81],[-15,-29],[80,-65],[-39,-34],[-46,18],[-139,-175],[47,-67],[-249,-163]],[[81185,39039],[-89,1],[-154,61],[-107,-85],[-108,49],[-58,-82],[-66,36],[-24,-19],[-49,19],[-61,-4],[-44,-46],[-94,6],[-64,-31],[-22,16],[-73,-21],[-70,29],[-20,-33],[-50,42],[-18,-30],[-34,24],[-55,-59],[-1,-42],[-86,-64]],[[78224,39771],[849,1260],[-6,99],[108,103],[101,208],[-17,159],[26,53],[21,232],[-18,214],[-49,180],[104,296],[-1,84],[-44,76],[-51,36],[-53,113],[-14,112],[36,89],[134,158],[26,-12],[-8,27],[125,159],[54,96],[-19,21],[23,9],[-24,-4],[-39,164],[36,-9],[-42,26],[-125,335],[37,-23],[-33,38],[27,-5],[-13,14],[30,24],[8,-39],[5,59],[-42,-27]],[[79376,44096],[-23,-24],[-53,137],[17,12],[-19,-9],[-17,41],[20,16]],[[79301,44269],[-24,-9],[-19,42],[30,6],[-30,-3],[6,22]],[[79264,44327],[-14,-6],[-1,24],[-10,4],[20,0],[35,18],[-41,-16],[-5,4],[-11,-7],[9,31],[-21,-7],[11,24],[-22,14],[9,21],[83,-43],[-86,46],[11,19],[16,-33],[-12,35],[12,-26],[14,20],[10,-18]],[[79271,44431],[2,-3]],[[79273,44428],[-2,3]],[[79271,44431],[-2,24],[15,1],[8,-22]],[[79292,44434],[-4,-3]],[[79288,44431],[3,0]],[[79291,44431],[1,-3]],[[79292,44428],[-1,3]],[[79288,44431],[4,3]],[[79292,44434],[62,1],[-66,20],[48,7],[9,20],[30,-27],[-7,21],[47,18],[-47,-17],[-22,23],[-28,-36],[-48,-5],[-18,-9],[-18,9],[-21,-13],[-4,37],[203,148],[169,192],[6,-6],[15,-11],[14,-7],[-30,19],[1,8],[16,21],[15,-25],[21,-4],[-1,-9],[12,-10],[-3,-6],[13,-26],[-12,26],[21,12]],[[79669,44805],[-2,3]],[[79667,44808],[3,9]],[[79670,44817],[-3,-9]],[[79667,44808],[-14,-9],[-14,24],[-20,0],[0,23],[19,30],[21,-6],[13,3]],[[79672,44873],[-19,1],[13,17],[41,-2],[-18,3],[84,124],[72,48],[6,-33],[-7,43],[106,42],[24,-26],[-9,-45],[0,-36],[15,-20],[-7,-15],[-1,-14],[5,6],[9,-16],[3,-5],[25,-12],[-27,17],[-13,22],[7,17],[-15,23],[21,164],[-25,140],[13,76],[235,539],[65,345],[94,242],[65,83],[100,80],[69,74],[13,30],[-27,-44],[26,56],[-33,-35],[-22,-51],[21,60],[43,64],[136,84],[263,30],[66,-33],[-42,-17]],[[81047,46899],[22,-25],[-27,16],[-14,-19],[-25,36],[13,-48],[45,13],[-42,-22],[67,-15],[24,-35],[-16,-33],[17,31],[28,-27],[-12,24]],[[81127,46795],[55,11]],[[81182,46806],[-55,-11]],[[81127,46795],[-6,34],[29,-7],[-11,20],[44,18],[24,-42],[-24,53],[37,30],[-23,-38]],[[81197,46863],[30,9],[-10,-21],[2,-6],[5,-4],[-4,-2],[-1,-6],[7,-6],[-5,-24],[4,-8],[19,6],[-20,-3],[3,29],[-7,11],[11,1],[-5,-3],[1,-3],[10,-3],[-2,8],[-8,-3],[5,4],[-10,6],[20,-4]],[[81242,46841],[1,-6]],[[81243,46835],[-1,6]],[[81242,46841],[-22,6],[2,13],[49,12],[18,-43],[-37,-52],[38,14],[-27,1],[28,35],[44,-14]],[[81335,46813],[-3,13]],[[81332,46826],[15,-14]],[[81332,46826],[19,-8],[11,14],[6,-10],[6,2],[-5,-32],[7,37],[1,42],[-8,-47],[-7,9],[-9,-11],[-12,8],[-16,2],[15,27],[-13,12],[8,-18],[-11,-17],[1,-6],[4,-3],[-33,0],[-10,33],[22,24],[11,-4],[5,6],[-10,21],[20,-17],[17,9]],[[81351,46899],[-37,10],[-2,-4],[2,-10],[8,-8],[-2,-6],[-12,5],[-24,-21],[-28,18],[15,29]],[[81271,46912],[-43,10],[5,42],[262,-66],[16,-33],[-29,-27],[-5,36],[-2,-30],[-24,15]],[[81451,46859],[10,-62],[0,45],[14,-27]],[[81475,46815],[22,6]],[[81497,46821],[-1,-6],[1,6],[4,-6],[51,1],[-33,-1]],[[81519,46815],[1,6],[0,3],[9,3]],[[81529,46827],[36,2],[3,39],[1,-50],[18,45]],[[81587,46863],[-40,35],[18,-20],[-43,-16],[-8,25],[25,28],[351,73],[79,-18],[19,-46]],[[81988,46924],[-25,-47],[-16,22],[6,-30],[-10,9],[0,9],[-24,23],[16,-20]],[[81935,46890],[8,-6],[-2,-4],[-29,21],[36,-41],[-77,17]],[[81871,46877],[-31,30],[-36,-9]],[[81804,46898],[-8,0]],[[81796,46898],[-9,-2]],[[81787,46896],[-15,17]],[[81772,46913],[15,-17]],[[81796,46898],[27,-8],[17,15],[13,-21],[-25,2],[22,-11],[-109,-22],[19,30]],[[81760,46883],[-26,-5]],[[81734,46878],[-5,3]],[[81729,46881],[-2,3]],[[81727,46884],[-2,3]],[[81725,46887],[-2,-3]],[[81723,46884],[2,3]],[[81725,46887],[2,-3]],[[81727,46884],[2,-3]],[[81729,46881],[5,-3]],[[81734,46878],[-12,-21],[-12,6],[-17,-1],[0,12],[-1,-9],[-13,6],[14,-9],[17,0],[2,-8],[-7,-1],[-27,13],[2,-13],[10,4],[16,-6],[6,2],[-16,-12]],[[81696,46841],[1,7]],[[81697,46848],[-1,-7]],[[81696,46841],[60,4],[-82,-19]],[[81674,46826],[63,-5],[-16,-21],[52,50],[-1,-35],[-32,-5],[38,0],[3,2],[6,7],[10,-1],[-18,-8],[-4,5],[2,20],[36,13]],[[81813,46848],[29,6],[-17,-15]],[[81825,46839],[-1,3]],[[81824,46842],[1,-3]],[[81825,46839],[23,18],[42,-9],[-39,-18]],[[81851,46830],[-4,14]],[[81847,46844],[4,-14]],[[81851,46830],[15,0],[3,-12],[-35,-12]],[[81834,46806],[34,6],[17,14],[35,-19],[48,44],[33,-9],[-45,-24],[38,1]],[[81994,46819],[12,20],[23,-23],[39,13]],[[82068,46829],[9,6]],[[82077,46835],[-2,24],[24,-12],[-15,-28],[135,91],[-33,6],[-59,-45],[10,22]],[[82137,46893],[-89,-46],[-16,27]],[[82032,46874],[3,6]],[[82035,46880],[67,33],[30,48],[20,-15],[-19,17],[41,21],[-14,9],[63,-21],[-26,-20],[23,-19],[-24,4],[44,-9],[-7,41],[22,-30],[-15,-24],[79,-25],[59,-7],[47,0],[110,45]],[[82535,46928],[90,-9]],[[82625,46919],[-23,2]],[[82602,46921],[23,-2]],[[82625,46919],[52,-20],[-9,-27],[-27,2],[-9,-67]],[[82632,46807],[5,53]],[[82637,46860],[-5,18],[31,15]],[[82663,46893],[-5,2]],[[82658,46895],[1,3]],[[82659,46898],[-1,-3]],[[82658,46895],[5,-2]],[[82663,46893],[-29,-7]],[[82634,46886],[-1,-2]],[[82633,46884],[-12,-19],[0,19],[-38,-6],[29,-4],[-3,-29],[-28,0],[0,14]],[[82581,46859],[1,1]],[[82582,46860],[-9,-4]],[[82573,46856],[-10,10]],[[82563,46866],[1,0]],[[82564,46866],[-1,0]],[[82563,46866],[-11,-3]],[[82552,46863],[-4,3]],[[82548,46866],[-5,0]],[[82543,46866],[5,0]],[[82548,46866],[4,-3]],[[82552,46863],[21,-7]],[[82573,46856],[-23,-23],[-24,20],[-1,43],[24,9],[-1,-6]],[[82548,46899],[-7,0]],[[82541,46899],[8,-10]],[[82549,46889],[-1,10]],[[82548,46899],[17,-13]],[[82565,46886],[3,-3]],[[82568,46883],[-3,3]],[[82565,46886],[-3,13],[-21,11],[-23,-12],[4,-12],[-25,12],[34,-66],[-42,-56],[-9,-38],[12,36],[11,-16],[-14,-9],[10,-3],[-2,-20],[-13,-2],[13,-1],[3,23],[-9,3],[18,9],[-5,19],[16,-33],[45,33]],[[82565,46777],[1,-4],[9,-2]],[[82575,46771],[-9,5]],[[82566,46776],[4,3]],[[82570,46779],[59,3],[57,68],[41,-2],[17,45],[-35,-21]],[[82709,46872],[-7,0]],[[82702,46872],[12,29]],[[82714,46901],[0,3]],[[82714,46904],[0,-3]],[[82714,46901],[-24,33],[18,-12],[6,12]],[[82714,46934],[9,-19]],[[82723,46915],[13,-5],[-14,9],[-1,15],[9,-3],[-14,5],[1,7],[11,-3],[7,-13],[14,13]],[[82749,46940],[-2,-13]],[[82747,46927],[2,13]],[[82749,46940],[6,3]],[[82755,46943],[0,-3]],[[82755,46940],[6,-6]],[[82761,46934],[-6,6]],[[82755,46940],[0,3]],[[82755,46943],[13,-12],[18,26],[-14,-14],[-30,8],[-5,-12],[-18,6],[-15,-14],[-41,27],[81,30],[192,-4]],[[82563,47004],[-6,1]],[[82557,47005],[-1,-15]],[[82556,46990],[-8,-5]],[[82548,46985],[-33,37],[14,-27]],[[82529,46995],[-17,24],[-27,4],[10,-18],[-29,23],[0,-15],[0,7],[-20,17]],[[82446,47037],[4,-27]],[[82450,47010],[12,10],[4,-10],[-11,4],[7,-10],[7,7],[16,-7]],[[82485,47004],[-5,1]],[[82480,47005],[-11,-12],[-21,3]],[[82448,46996],[-12,2]],[[82436,46998],[-16,6]],[[82420,47004],[-15,-12]],[[82405,46992],[2,40]],[[82407,47032],[-21,-15]],[[82386,47017],[0,-3]],[[82386,47014],[-2,-1]],[[82384,47013],[2,1]],[[82386,47014],[0,3]],[[82386,47017],[1,-15]],[[82387,47002],[-5,-14]],[[82382,46988],[0,-3]],[[82381,46985],[-3,0]],[[82378,46985],[0,-9]],[[82378,46976],[-3,-3]],[[82375,46973],[3,12]],[[82378,46985],[-4,50]],[[82374,47035],[-11,-21]],[[82363,47014],[8,-21],[-19,8]],[[82352,47001],[7,34]],[[82359,47035],[-7,-34]],[[82352,47001],[4,-11]],[[82356,46990],[-29,5],[-7,36]],[[82320,47031],[25,28],[-21,-6]],[[82324,47053],[-23,-28],[21,-32]],[[82322,46993],[-3,-1]],[[82319,46992],[-18,7]],[[82301,46999],[-40,17],[-6,36]],[[82255,47052],[-1,-24],[-14,25]],[[82240,47053],[21,-48]],[[82261,47005],[-22,5]],[[82239,47010],[1,12]],[[82240,47022],[-2,1]],[[82238,47023],[2,-1]],[[82240,47022],[-14,-26],[-1,21]],[[82225,47017],[-19,26]],[[82206,47043],[19,10]],[[82225,47053],[-19,8]],[[82206,47061],[17,29]],[[82223,47090],[-11,-8]],[[82212,47082],[-3,-9]],[[82209,47073],[-23,8]],[[82186,47081],[18,-23],[-7,-39],[-2,15]],[[82195,47034],[-15,10],[16,20],[-14,17],[13,-17],[-16,14],[8,-14],[-11,-23],[9,23],[-12,15]],[[82173,47079],[-10,-15]],[[82163,47064],[-11,-5],[-17,20],[3,3],[-1,3],[-14,5],[11,24],[-12,-24],[15,-8],[-3,-3],[0,-1],[-10,-3],[24,-13]],[[82148,47062],[3,-4],[21,6],[10,-5],[-15,-19]],[[82167,47040],[10,-15]],[[82177,47025],[-45,18],[-19,-32],[-5,36],[-6,-48],[-4,53]],[[82098,47052],[-5,-30],[-14,22],[10,-30],[-15,20],[12,-29]],[[82086,47005],[-25,-36],[-7,66],[2,-60],[-20,13],[-1,64],[13,44],[6,0],[-2,-6],[5,-14],[-4,-1],[-4,-5],[0,-3],[1,-2],[24,13],[20,31],[-19,-28],[-25,-14],[2,6],[6,2],[-5,15],[12,24],[-71,-6],[-29,-17],[5,-33],[-33,21],[-63,-39],[-24,63],[112,21],[234,-4],[428,-103],[43,-36],[-29,-18],[-75,41]],[[89367,42620],[50,-35],[-25,-72],[-34,-5],[-20,27],[16,59]],[[89732,42795],[-9,-6]],[[89967,42929],[3,2]],[[90030,42965],[13,5]],[[83650,46700],[-15,-28],[-42,-2],[57,30]],[[83745,46661],[-12,0]],[[83733,46661],[-6,3],[-14,-11],[-4,5],[54,27],[-1,27],[33,-9],[-30,-36],[-20,-6]],[[83690,46723],[36,-12],[-22,-39],[-3,25],[-22,8],[36,0],[-25,18]],[[83670,46679],[-24,-3],[8,27]],[[83654,46703],[7,24],[23,-15],[-6,-7],[12,-6],[-7,-23],[-13,3]],[[83588,46727],[36,0],[-29,-30],[-7,30]],[[84869,46678],[4,6]],[[84873,46684],[3,-12]],[[84876,46672],[-5,0]],[[84871,46672],[-3,-9]],[[84868,46663],[-4,21]],[[84864,46684],[5,-6]],[[84791,46675],[29,-11],[-7,24],[7,3],[11,-4],[6,3],[5,-3],[-15,-18],[21,9],[-6,-9],[4,-16],[-24,0],[-31,22]],[[83910,46724],[10,-30]],[[83920,46694],[0,-34]],[[83920,46660],[-18,19]],[[83902,46679],[6,-3]],[[83908,46676],[-11,24],[5,-21]],[[83902,46679],[-1,-6]],[[83901,46673],[-4,-3]],[[83897,46670],[-10,15]],[[83887,46685],[-9,29],[32,10]],[[84455,46696],[31,13],[3,-7],[-12,-5],[11,3],[1,-4],[8,-11],[-4,-13],[2,-2],[12,3],[-4,-4],[-15,0],[-33,27]],[[84578,46720],[1,-24],[-29,6],[17,18],[-5,15],[16,-15]],[[83617,46765],[-2,3]],[[83615,46768],[2,-3]],[[83771,46758],[40,-18]],[[83811,46740],[-26,-29]],[[83785,46711],[-12,13]],[[83773,46724],[-28,-19],[11,-17],[-29,11],[23,13]],[[83750,46712],[-2,3]],[[83748,46715],[12,11]],[[83760,46726],[-12,-11]],[[83748,46715],[0,40],[23,3]],[[83743,46771],[4,8]],[[83747,46779],[-4,-8]],[[83627,46758],[-12,1]],[[83615,46759],[2,6]],[[83617,46765],[16,-3],[16,24],[4,-28]],[[83653,46758],[-38,-46],[24,37],[-12,-9]],[[83627,46740],[0,18]],[[83627,46758],[-2,-29],[-53,9],[-7,-41],[24,-7],[-28,-14],[9,119],[18,-7],[-19,-30],[46,10]],[[83615,46768],[0,-9]],[[83615,46759],[12,-1]],[[84389,46718],[9,-4]],[[84398,46714],[-9,4]],[[84389,46718],[46,11],[-50,-8],[28,14],[-35,8],[26,27],[130,-62],[-33,-11],[8,-21],[-8,0],[-7,-4],[3,6],[0,9],[-7,10],[6,2],[-7,-2],[1,5],[-3,7],[-9,3],[-28,-9],[2,23],[-6,-5],[3,-19],[-15,-2],[-22,-10],[-29,1],[1,20],[25,-14],[-20,21]],[[84737,46738],[3,-8]],[[84740,46730],[-3,8]],[[84737,46738],[15,-21],[-18,35],[21,-8],[6,-38]],[[84761,46706],[30,-16],[-9,21]],[[84782,46711],[8,-9]],[[84790,46702],[23,-24],[-22,-3]],[[84791,46675],[-55,24]],[[84736,46699],[0,13]],[[84736,46712],[0,-13]],[[84736,46699],[-20,3],[-9,18],[18,-14],[1,46],[11,-14]],[[83676,46798],[11,-9]],[[83687,46789],[-21,-9],[9,23]],[[83675,46803],[1,-5]],[[83675,46803],[8,6]],[[83683,46809],[0,-2]],[[83683,46807],[0,-3]],[[83683,46804],[-7,-6]],[[83637,46819],[-1,3]],[[83636,46822],[1,-3]],[[83656,46822],[-2,-6]],[[83654,46816],[-22,-42],[-14,6],[18,3],[1,36]],[[83637,46819],[16,7]],[[83653,46826],[3,-4]],[[84237,46730],[11,20],[12,-24],[15,21],[6,-17],[6,17],[12,-17]],[[84299,46730],[-4,3]],[[84295,46733],[-3,-7]],[[84292,46726],[3,7]],[[84295,46733],[4,-3]],[[84299,46730],[1,-30],[-26,8]],[[84274,46708],[22,-9],[-23,-6],[4,-18],[-11,6],[0,18],[-21,-2]],[[84245,46697],[21,0],[-4,-9],[6,-19],[-34,-3],[-6,24],[-10,-8],[-2,21]],[[84216,46703],[-26,-4],[10,18]],[[84200,46717],[-15,-17]],[[84185,46700],[-36,32],[27,15]],[[84176,46747],[-10,8]],[[84166,46755],[-7,6]],[[84159,46761],[2,-18],[-56,22],[57,44],[74,-42],[1,-37]],[[83654,46827],[-1,-1]],[[83653,46826],[-9,1]],[[83644,46827],[8,5]],[[83652,46832],[2,-5]],[[83707,46810],[-1,0]],[[83706,46810],[4,-3]],[[83710,46807],[-4,3]],[[83707,46810],[26,-16]],[[83733,46794],[-5,-3]],[[83728,46791],[5,3]],[[83733,46794],[1,-2]],[[83734,46792],[10,-9]],[[83744,46783],[-10,9]],[[83734,46792],[-1,2]],[[83733,46794],[-23,22],[29,13],[15,-31]],[[83754,46798],[-5,0]],[[83754,46798],[-3,24],[11,-19],[-8,-12]],[[83754,46791],[-7,-12]],[[83747,46779],[-4,-8]],[[83743,46771],[-8,-63],[-13,25],[-13,-15],[-19,17]],[[83690,46735],[5,-3]],[[83695,46732],[3,6]],[[83698,46738],[-3,0]],[[83695,46738],[0,-6]],[[83695,46732],[-5,3]],[[83690,46735],[-5,-5]],[[83685,46730],[-14,14]],[[83671,46744],[6,0]],[[83677,46744],[0,3]],[[83677,46747],[0,3]],[[83677,46750],[3,0]],[[83680,46750],[2,2]],[[83680,46750],[-3,0]],[[83677,46750],[0,-3]],[[83677,46747],[0,-3]],[[83671,46744],[-8,30]],[[83663,46774],[5,-7]],[[83668,46767],[-5,7]],[[83663,46774],[14,3]],[[83677,46777],[1,-3]],[[83678,46774],[-1,3]],[[83677,46777],[7,-9]],[[83684,46768],[14,-1]],[[83698,46767],[7,4]],[[83705,46771],[5,-9]],[[83710,46762],[4,3]],[[83714,46765],[-1,-4]],[[83713,46761],[5,1]],[[83718,46762],[-2,-3]],[[83716,46759],[2,3]],[[83718,46762],[-5,-1]],[[83713,46761],[1,4]],[[83714,46765],[-4,-3]],[[83705,46771],[-14,9]],[[83691,46780],[0,5]],[[83691,46785],[1,1]],[[83692,46786],[5,-4]],[[83697,46782],[-5,4]],[[83691,46785],[-4,4]],[[83687,46789],[19,-1],[-23,16]],[[83683,46804],[0,3]],[[83683,46809],[-6,1],[18,8],[5,-8],[-3,9],[8,2],[-6,1],[-34,-15],[32,23],[10,-8],[0,-12]],[[84029,46806],[3,-5]],[[84032,46801],[-18,-28],[48,33],[25,-39],[-102,-34]],[[83985,46733],[-19,10]],[[83966,46743],[8,-22],[-29,38],[-14,-18],[27,-11],[-4,-31],[-14,24],[-22,-2],[-4,22],[3,-20],[-13,12],[-4,29]],[[83900,46764],[2,4]],[[83902,46768],[13,-1]],[[83915,46767],[-1,-8]],[[83914,46759],[8,-4]],[[83922,46755],[-1,19]],[[83921,46774],[44,30]],[[83965,46804],[16,6]],[[83981,46810],[8,-13]],[[83989,46797],[40,9]],[[83656,46822],[-2,5]],[[83654,46827],[-2,5]],[[83652,46832],[-8,-5]],[[83644,46827],[-12,5],[37,1],[-15,-17]],[[84668,46712],[-34,35],[-71,-7],[133,33],[-6,10],[9,-6],[-7,8],[16,3],[-27,10],[32,-10],[4,-11],[8,3],[-7,-45],[-50,-23]],[[83713,46827],[-41,9],[52,6],[-11,-15]],[[84041,46830],[57,-23],[-78,2],[21,21]],[[83645,46847],[4,-2]],[[83649,46845],[2,-4]],[[83651,46841],[-19,-2]],[[83632,46839],[13,8]],[[84977,46756],[0,-13]],[[84977,46756],[4,-44]],[[84981,46712],[6,67],[1,-80]],[[84988,46699],[-4,-6]],[[84984,46693],[24,-36],[-20,-13]],[[84988,46644],[7,5]],[[84988,46644],[8,26],[-30,-4],[7,10],[-3,8],[6,0],[-1,10],[12,-16],[-15,30],[-3,-24],[-11,13]],[[84958,46697],[-7,8]],[[84951,46705],[-4,7]],[[84951,46705],[-26,16]],[[84925,46721],[-10,2]],[[84915,46723],[-5,4]],[[84910,46727],[5,-4]],[[84915,46723],[-19,1]],[[84896,46724],[62,-40]],[[84958,46684],[14,-6],[-9,-8],[-8,8],[-10,-9],[1,21],[-24,1],[-7,-12]],[[84915,46679],[11,11],[-1,-21]],[[84925,46669],[-3,3]],[[84922,46672],[-4,-17]],[[84918,46655],[4,17]],[[84922,46672],[3,-3]],[[84925,46669],[-7,-23],[-11,26]],[[84907,46672],[-12,0],[-4,-9]],[[84891,46663],[-6,10]],[[84885,46673],[10,17]],[[84895,46690],[0,-8]],[[84895,46682],[0,8]],[[84895,46690],[-22,-6]],[[84873,46684],[-4,-6]],[[84869,46678],[-5,6]],[[84864,46684],[-13,-9]],[[84851,46675],[-3,4],[-11,-1],[5,7],[-1,5],[-4,1],[-8,-3],[11,21],[18,-13],[-4,27]],[[84854,46723],[10,4]],[[84864,46727],[0,5]],[[84864,46732],[-10,-9]],[[84854,46723],[-9,30],[-21,-17],[24,-1],[-14,-35],[-40,20]],[[84794,46720],[-32,3],[12,3],[-13,29],[27,-31]],[[84788,46724],[-3,20]],[[84785,46744],[7,-3]],[[84792,46741],[13,-14]],[[84805,46727],[-13,14]],[[84792,46741],[-7,3]],[[84785,46744],[-15,14],[-30,-3],[0,34],[14,-16]],[[84754,46773],[0,-5]],[[84754,46768],[0,5]],[[84754,46773],[44,9],[38,-29],[18,3],[-30,15],[30,14],[41,-15]],[[84895,46770],[-18,21],[68,-33],[18,33],[14,-35]],[[85252,46777],[-5,-19],[-128,52],[83,-1],[50,-32]],[[83924,46824],[-7,-17]],[[83917,46807],[7,17]],[[83924,46824],[57,-14]],[[83981,46810],[-16,-6]],[[83965,46804],[-44,-30]],[[83921,46774],[1,-19]],[[83922,46755],[-8,4]],[[83914,46759],[1,8]],[[83915,46767],[-13,1]],[[83902,46768],[-2,-4]],[[83900,46764],[-13,-44]],[[83887,46720],[-1,24],[-23,-54]],[[83863,46690],[-5,33],[-20,-27],[-17,6],[8,38],[-13,-17],[3,-20],[13,-10],[-36,15]],[[83796,46708],[15,32]],[[83811,46740],[32,33],[8,-30],[-8,31],[-36,-1]],[[83807,46773],[-8,-18],[-45,24],[15,7],[3,36],[27,0],[8,-25],[-22,4],[23,-13]],[[83808,46788],[25,-8],[12,6],[13,-7]],[[83858,46779],[0,-3]],[[83858,46779],[-15,16],[17,5],[12,12],[0,-18]],[[83872,46794],[80,56],[-36,-11],[3,32]],[[83919,46871],[77,-32],[-26,-12],[55,6],[-32,-23],[-69,14]],[[83887,46869],[-2,-3]],[[83885,46866],[2,3]],[[83887,46869],[22,3],[2,-31],[-25,-31],[-24,12]],[[83862,46822],[23,70],[2,-23]],[[83854,46868],[26,19],[-19,-63],[-12,18],[13,-20]],[[83862,46822],[-3,-21],[-16,-4],[-11,-15],[-18,4],[-7,23]],[[83807,46809],[-1,18],[-12,-1]],[[83794,46826],[0,4]],[[83794,46830],[-1,5]],[[83793,46835],[1,-5]],[[83794,46826],[-29,4],[-9,-12],[-6,23],[39,4],[-31,5]],[[83758,46850],[2,10]],[[83760,46860],[8,-1]],[[83760,46860],[-2,-10]],[[83758,46850],[-17,-6],[12,4],[0,38],[-1,-38],[-18,-3],[-2,12]],[[83732,46857],[1,5]],[[83733,46862],[6,-5]],[[83739,46857],[-6,5]],[[83733,46862],[-1,-5]],[[83732,46857],[0,15]],[[83732,46872],[-32,49]],[[83700,46921],[3,4]],[[83703,46925],[-4,2]],[[83699,46927],[0,1]],[[83699,46928],[1,3]],[[83700,46931],[-6,3]],[[83694,46934],[6,-3]],[[83700,46931],[-1,-3]],[[83699,46927],[4,-2]],[[83703,46925],[-3,-4]],[[83700,46921],[32,-77],[-23,19]],[[83709,46863],[-4,11]],[[83705,46874],[2,4]],[[83707,46878],[-2,5]],[[83705,46883],[2,-5]],[[83707,46878],[-2,-4]],[[83705,46874],[4,-11]],[[83709,46863],[-16,11]],[[83693,46874],[2,6]],[[83695,46880],[-3,-3]],[[83692,46877],[-2,0]],[[83690,46877],[2,0]],[[83692,46877],[3,3]],[[83695,46880],[-2,-6]],[[83693,46874],[12,-29],[-35,-1],[12,3],[-1,7],[10,5]],[[83691,46859],[5,-3]],[[83691,46859],[-20,18],[20,21]],[[83691,46898],[-21,-21],[11,-30],[-26,39],[14,-48],[-18,3]],[[83651,46841],[-2,4]],[[83649,46845],[-4,2]],[[83645,46847],[-13,-8]],[[83632,46839],[-7,15]],[[83625,46854],[-11,-9]],[[83614,46845],[-2,-38],[-31,0],[114,186],[91,-50],[8,-53],[-13,25],[-18,-25],[82,-40],[9,18]],[[90366,43151],[-66,-103],[-53,-27],[-52,76],[46,-76],[-59,-3],[-84,-25],[-3,6],[-137,-64],[-31,-83],[-49,-42],[-106,4],[-40,-16],[-44,-32],[-5,18],[-32,30],[1,22],[-27,6],[8,15],[-10,-15],[-24,45],[-41,14],[44,-37],[-6,-28],[30,3],[56,-58],[-38,-92],[44,-89],[-6,-95],[-22,-21],[-28,-5],[-63,58],[-49,-27],[-33,6],[-31,54],[-84,54],[10,14],[5,101],[-48,27],[-45,101],[-59,-16],[-20,16],[9,71],[63,26],[37,53],[-26,143],[37,53],[-44,9],[-46,87],[43,-89],[43,-10],[-36,-48],[26,-142],[-99,-80],[-15,-50],[10,-29],[22,-13],[56,15],[42,-101],[44,-21],[-6,-109],[-41,6],[-3,24],[-29,-45],[-24,22],[-16,-1],[-12,-39],[-52,-5],[-38,30],[3,55],[-45,18],[-72,-70],[-28,2],[-9,54],[-39,21],[11,44],[-14,14],[22,-14],[-13,24],[-24,-3],[-41,103],[-40,-45],[-138,-23],[9,-95],[-29,-57],[-42,-25],[-37,29],[-53,-12],[-61,56],[59,63],[6,50]],[[82936,46984],[208,-30],[64,-47],[38,30],[-40,-21],[-42,29],[155,37],[178,-9],[6,-52],[53,-17],[-13,-38],[22,29],[-23,-36],[5,-187],[138,-6],[-15,-9],[34,4],[13,-26]],[[83717,46635],[-12,8],[5,-15],[16,6],[-7,18],[15,5],[-7,4],[13,-3],[24,8],[30,-2],[-11,3],[9,6],[24,-9]],[[83816,46664],[3,-3]],[[83819,46661],[-3,3]],[[83816,46664],[-24,11],[-26,-8],[26,27],[44,-25]],[[83836,46669],[7,-3]],[[83843,46666],[-7,3]],[[83836,46669],[-15,16],[22,9]],[[83843,46694],[15,-7]],[[83858,46687],[4,-8]],[[83862,46679],[-3,-12]],[[83859,46667],[-1,-1]],[[83858,46666],[18,-3],[-17,4]],[[83862,46679],[-4,8]],[[83858,46687],[5,3]],[[83863,46690],[24,-5]],[[83887,46685],[10,-15]],[[83897,46670],[4,3]],[[83901,46673],[19,-13]],[[83920,46660],[0,34]],[[83920,46694],[17,27],[-6,-30],[9,26],[23,-35]],[[83963,46682],[-7,-3]],[[83956,46679],[-19,-3],[27,-18]],[[83964,46658],[-8,21]],[[83963,46682],[-2,36],[10,-21],[21,26],[3,-29],[16,35],[2,-29],[-11,-4],[-6,-20],[-16,6],[14,-19]],[[83994,46663],[-9,4]],[[83985,46667],[9,-4]],[[83994,46663],[7,6]],[[84001,46669],[6,0]],[[84007,46669],[4,0]],[[84007,46669],[-6,0]],[[84001,46669],[3,27],[17,6],[-9,27],[13,14],[20,-28]],[[84045,46715],[-20,-31]],[[84025,46684],[10,-9]],[[84035,46675],[-1,-8]],[[84034,46667],[8,-6]],[[84042,46661],[4,23],[28,-5],[-27,33],[16,21]],[[84063,46733],[16,22]],[[84079,46755],[33,-6],[-25,-38],[27,36],[26,-4],[-23,-14],[13,-20],[-16,3]],[[84114,46712],[-29,-28]],[[84085,46684],[0,-8]],[[84085,46676],[0,8]],[[84085,46684],[39,18],[6,-35],[-4,35],[17,-8]],[[84143,46694],[-23,36],[25,5],[16,-32]],[[84161,46703],[19,-24],[5,21]],[[84185,46700],[1,-28]],[[84186,46672],[30,31]],[[84216,46703],[-6,-25]],[[84210,46678],[18,7],[3,-19],[-10,-5]],[[84221,46661],[47,6],[1,2],[-2,9],[9,-6],[5,3],[7,16],[8,-12]],[[84296,46679],[1,-7]],[[84297,46672],[-1,7]],[[84296,46679],[6,20]],[[84302,46699],[24,3],[-11,48],[35,-60],[8,30],[-23,-5],[-8,37],[46,7],[0,-24]],[[84373,46735],[-1,3]],[[84372,46738],[1,-3]],[[84373,46735],[2,-17]],[[84375,46718],[7,-27],[31,-3],[40,15],[2,-7]],[[84455,46696],[33,-33],[31,6],[24,42],[0,-11],[48,-13],[2,16]],[[84593,46703],[-12,18]],[[84581,46721],[21,17],[19,-33],[-15,31],[29,10],[33,-34]],[[84668,46712],[-16,-10],[27,10],[-1,-18]],[[84678,46694],[26,32],[0,-54],[16,24],[121,-53],[6,9],[-4,17],[8,6]],[[84851,46675],[17,-12]],[[84868,46663],[3,9]],[[84876,46672],[9,1]],[[84885,46673],[6,-10]],[[84891,46663],[10,7],[14,-29],[19,0],[-7,41],[18,6],[-3,-38],[25,11],[-17,-30],[17,29],[25,-23],[19,15],[-8,30],[12,2],[-17,60],[23,3],[-7,-30],[18,51],[-23,-18],[-1,26],[70,12]],[[85078,46788],[-2,3]],[[85076,46791],[-6,-3]],[[85070,46788],[-1,0]],[[85069,46788],[-1,3]],[[85068,46791],[1,-3]],[[85070,46788],[6,3]],[[85076,46791],[2,-3]],[[85078,46788],[8,1]],[[85086,46789],[18,11]],[[85104,46800],[132,-53]],[[85236,46747],[6,-48],[-2,24],[20,-26],[-31,-47]],[[85229,46650],[-22,-49]],[[85207,46601],[21,1],[33,97],[-9,18],[12,-3]],[[85264,46714],[8,-21]],[[85272,46693],[-8,21]],[[85264,46714],[-24,26]],[[85240,46740],[23,-2],[-14,11],[10,36],[-14,9],[-110,41],[-61,-23],[-30,26],[49,-14],[4,26],[-53,-8],[-6,26]],[[85038,46868],[2,1]],[[85040,46869],[-2,-1]],[[85038,46868],[0,-24],[-39,36]],[[84999,46880],[13,-15],[-51,9],[16,27],[-63,-32],[31,40],[-28,3]],[[84917,46912],[-19,-38],[-16,27],[-16,-32],[-2,46],[0,-44],[-37,-8],[17,20]],[[84844,46883],[7,44],[-15,-28]],[[84836,46899],[6,28]],[[84842,46927],[-14,-11]],[[84828,46916],[-5,-33],[9,65],[-12,-43],[-3,26]],[[84817,46931],[-21,2],[21,-43],[-25,35],[16,-35],[-18,-7],[-1,24],[-4,-23],[-2,53],[-5,-35]],[[84778,46902],[-7,-16],[-6,47],[-15,-53],[4,48],[-5,-45],[-12,26]],[[84737,46909],[1,-26],[-35,-18],[11,36],[-25,-26],[49,76]],[[84738,46951],[-54,-30]],[[84684,46921],[19,-2],[-29,-4],[12,-22],[-26,11],[25,-20],[-86,25],[-20,-26],[19,78],[-47,-45],[3,-45],[-19,21],[-52,-35],[33,103],[111,53],[80,-12],[1242,-426],[840,-91],[280,-54],[434,-134],[371,-193],[168,-159],[454,-285],[199,-167],[329,-352],[402,-331],[196,-208],[392,-285],[47,-82],[472,-475],[257,-333]],[[89610,40610],[-6,10]],[[89608,40601],[-14,21]],[[89594,40622],[14,-21]],[[89587,40672],[-15,24]],[[89572,40696],[15,-24]],[[89523,40664],[24,35]],[[89547,40699],[-24,-35]],[[89583,40691],[-12,12]],[[89441,40714],[7,-11]],[[89448,40703],[-7,11]],[[89561,40708],[-5,1]],[[89436,40749],[0,-25]],[[89436,40724],[0,25]],[[89461,40791],[-23,-38]],[[89438,40753],[23,38]],[[89233,40835],[7,-3]],[[89240,40832],[-7,3]],[[89204,40866],[18,-22]],[[89222,40844],[-18,22]],[[89260,40832],[66,31]],[[89326,40863],[-66,-31]],[[89202,40869],[-19,35]],[[89183,40904],[19,-35]],[[89178,40930],[3,-21]],[[89181,40909],[-3,21]],[[89164,40970],[-15,16]],[[89149,40987],[0,33]],[[89140,41004],[3,31]],[[89143,41035],[-3,-31]],[[88978,41069],[-12,10]],[[88966,41079],[12,-10]],[[89141,41044],[-19,28]],[[89122,41072],[19,-28]],[[89088,41076],[-27,-14]],[[89061,41062],[27,14]],[[89109,41091],[-20,-6]],[[89134,41072],[-21,19]],[[88957,41102],[-1,27]],[[88956,41129],[1,-27]],[[88955,41132],[-28,38]],[[88927,41170],[28,-38]],[[88878,41174],[-17,2]],[[88861,41176],[17,-2]],[[88914,41191],[-40,-9]],[[88828,41308],[-6,3]],[[88284,41345],[-17,-2]],[[88297,41346],[-12,-1]],[[88209,41360],[-2,1]],[[88207,41361],[2,-1]],[[88757,41348],[-9,15]],[[88202,41372],[-4,25]],[[88198,41397],[4,-25]],[[88748,41363],[-29,47]],[[88689,41443],[-2,1]],[[88704,41414],[-39,33]],[[88665,41447],[39,-33]],[[88684,41447],[-2,2]],[[88680,41452],[-2,0]],[[88676,41455],[-7,6]],[[87656,41502],[15,12]],[[87671,41514],[-15,-12]],[[88659,41468],[4,-18]],[[88663,41450],[-4,18]],[[87675,41517],[-1,-2]],[[87674,41515],[1,2]],[[88403,41485],[-11,-9]],[[88392,41476],[11,9]],[[88435,41485],[-8,-3]],[[88442,41477],[2,10]],[[88444,41487],[-2,-10]],[[88400,41494],[-16,-17]],[[88164,41506],[1,-12]],[[88165,41494],[-1,12]],[[88438,41499],[-2,-12]],[[87680,41541],[-3,12]],[[87677,41553],[3,-12]],[[88165,41533],[-2,-12]],[[88163,41521],[2,12]],[[88689,41515],[-25,-35]],[[88664,41480],[25,35]],[[88701,41521],[-15,-24]],[[88630,41542],[-4,2]],[[88626,41544],[4,-2]],[[88704,41532],[0,9]],[[88644,41545],[-5,-1]],[[88639,41544],[5,1]],[[88166,41557],[-2,16]],[[88164,41573],[2,-16]],[[88465,41571],[-9,-9]],[[88161,41580],[-23,11]],[[88138,41591],[23,-11]],[[87724,41621],[-11,-6]],[[87713,41615],[11,6]],[[87931,41601],[-4,17]],[[87923,41603],[-5,18]],[[87918,41621],[5,-18]],[[88512,41597],[-19,-3]],[[87916,41625],[-2,2]],[[87914,41627],[2,-2]],[[87891,41637],[-4,0]],[[88062,41634],[-33,-15]],[[88029,41619],[33,15]],[[88567,41610],[-12,0]],[[88113,41631],[-5,3]],[[88058,41639],[-30,-14]],[[87882,41645],[-7,9]],[[87870,41659],[-7,4]],[[87818,41668],[-40,3]],[[87717,41624],[-24,-26],[-15,18],[9,-24],[-65,-16],[-34,3],[-39,19],[-15,18],[-10,46],[39,69],[12,48],[-7,15],[-52,14],[-90,-56],[-37,24],[33,-27],[94,57],[25,-18],[27,2],[-11,-67],[-37,-54],[11,-54],[20,-23],[20,-10],[33,-9],[63,7]],[[87667,41580],[5,-17]],[[87672,41563],[1,-45],[-62,-41]],[[87611,41477],[-262,-276],[-129,100],[-55,-60],[-42,4],[-60,122],[-81,58],[17,108],[-90,-3],[-42,70],[37,98],[-20,42],[-46,18],[-18,-62],[-44,-34],[-48,24],[11,105],[-79,79],[-11,78],[67,11],[210,-68],[52,69],[64,34]],[[89841,39357],[2,5]],[[89843,39362],[-2,-5]],[[90457,40887],[-21,-16],[-20,-58],[5,-129],[-79,-115],[-122,-35],[-33,-71],[-8,-46],[23,-35],[19,-11],[26,-3],[51,9],[19,-16],[-10,-86],[6,-18],[-15,43],[-20,-12],[-318,313],[19,-14],[-5,27],[1,-22],[-25,21],[115,24],[75,133],[68,40],[-8,68],[142,6],[40,86],[57,16],[23,19],[20,82],[47,3],[39,-145],[-37,-47],[-61,0],[-11,-9]],[[87667,41580],[30,11],[-25,-28]],[[87611,41477],[45,25]],[[87671,41514],[3,1]],[[87675,41517],[5,24]],[[87677,41553],[36,62]],[[87724,41621],[84,27],[106,-21]],[[87916,41625],[2,-4]],[[87923,41603],[-28,-11],[134,27]],[[88062,41634],[44,-4],[32,-39]],[[88161,41580],[3,-7]],[[88166,41557],[-49,-60],[48,36]],[[88163,41521],[1,-15]],[[88165,41494],[33,-97]],[[88202,41372],[5,-11]],[[88209,41360],[55,-26],[40,6],[87,64],[1,72]],[[88403,41485],[39,-8]],[[88444,41487],[12,64],[44,37],[66,16],[60,-60]],[[88630,41542],[9,2]],[[88644,41545],[31,26],[14,-56]],[[88664,41480],[-5,-12]],[[88663,41450],[2,-3]],[[88704,41414],[57,-83],[83,-50],[-8,-74],[25,-31]],[[88878,41174],[49,-4]],[[88955,41132],[1,-3]],[[88957,41102],[9,-23]],[[88978,41069],[83,-7]],[[89088,41076],[34,-4]],[[89141,41044],[2,-9]],[[89140,41004],[38,-74]],[[89181,40909],[2,-5]],[[89202,40869],[-51,-37],[53,34]],[[89222,40844],[11,-9]],[[89240,40832],[20,0]],[[89326,40863],[76,46],[48,-50],[11,-68]],[[89438,40753],[-2,-4]],[[89436,40724],[5,-10]],[[89448,40703],[33,-37],[-37,-56],[39,54],[20,-9],[20,9]],[[89547,40699],[25,-3]],[[89587,40672],[7,-50]],[[89608,40601],[1,-41],[-86,-2],[-61,-134],[-40,-25],[-339,-67],[338,63],[44,31],[60,131],[87,1],[-1,41],[42,2],[79,59],[58,-35],[69,30],[47,-11],[465,-451],[33,-119],[80,-66],[53,-11],[-10,-104],[81,-109],[44,-7],[118,39],[27,-84],[44,-23],[13,-15],[1,-30],[-1,-40],[-44,-48],[-26,-60]],[[90784,39516],[-3,-2]],[[90781,39514],[-43,-22],[14,-6],[5,-67],[-73,-36],[-35,-92],[-45,-2],[-52,80],[12,-28],[-51,10],[-3,-57],[-58,-26],[-22,-62],[-131,5],[-101,51],[-30,77],[-147,107],[-37,-27],[-26,47],[25,-48],[-80,6],[10,-15],[-11,-16],[-55,-13],[-20,-36],[3,-55],[-54,-46],[26,-55],[-35,-57],[-80,14],[-17,39],[-29,25],[-25,-18],[-47,71],[-27,12]],[[89542,39274],[-9,5]],[[89533,39279],[-27,9]],[[89506,39288],[-7,0]],[[89499,39288],[-76,-32],[-17,70],[-29,9],[42,-79],[38,-15],[-17,-50],[-35,18]],[[89405,39209],[-3,3]],[[89402,39212],[-8,11],[-29,-15]],[[89365,39208],[-6,-3]],[[89359,39205],[-35,-17],[-9,11],[-45,13],[-4,11],[-31,18],[1,17],[-25,-6],[11,21],[-3,6],[-142,60]],[[89077,39339],[-137,-108],[-50,-99],[-112,-31],[-66,30],[-36,57],[6,43],[-75,89],[-76,-5],[-60,-128],[196,-88],[15,-117],[-22,-43],[-79,20],[-139,-33],[-3,-35],[-49,0],[-76,-48],[-10,-74],[-172,-53],[-40,-51],[-37,6],[-65,-97],[43,-119],[-132,-64],[8,-69]],[[87909,38322],[-100,-36],[-45,-127],[-124,-93],[-134,64],[-46,0],[-25,-33],[-62,18],[-158,-170],[-72,-125],[-59,-13],[-55,-72],[-124,-9],[-23,-69],[-84,-19],[-59,-55],[-165,92],[-46,4],[-67,-47],[-46,35],[-57,-16],[-69,33],[-66,-9],[-44,46],[-99,38],[-142,2],[-70,62],[-314,16],[-96,92],[-107,-22],[-231,25]],[[64984,49792],[41,-149],[125,-23],[35,-102],[-25,-101],[150,-141],[179,-87],[18,-43],[105,-30],[23,-59],[70,-15]],[[65705,49042],[120,-173]],[[65825,48869],[-187,-64],[-92,-69],[27,-29],[-59,-27],[-25,-59],[-143,-33],[-66,-56],[-44,-285],[28,-113],[94,-85],[133,43],[45,-49],[131,-1],[47,-201],[-51,-250]],[[65289,47432],[-65,50],[6,146],[25,24],[-107,129],[22,21],[-73,38],[-53,67],[-40,20],[-54,-38],[-42,9],[-19,43],[-69,33],[-2,47],[-53,16],[-125,-28],[-39,-67],[-14,45],[-24,-28],[18,48],[-21,26],[-22,6],[2,-29],[-35,27],[-40,-13],[-94,108],[-55,-22]],[[69274,51172],[-4,39]],[[69045,54179],[-104,-172],[-91,-35],[2,-66],[30,-76],[-15,-92],[125,-135],[83,-46],[49,12],[-30,-49],[15,-64],[35,-75],[80,-82],[-4,-110],[-110,-53],[75,-56],[55,-69],[-63,65],[32,-68],[29,2],[-91,-46],[-41,-87],[-3,-82],[93,-39],[57,48],[72,-122],[63,-35],[-54,-117],[71,-94],[-86,-145],[54,-87],[91,-2],[-35,-60],[-3,-83],[15,-89],[45,-65],[-31,-163],[-55,-9],[-10,83],[-27,23],[-24,-10],[-8,-83],[-109,-134],[-27,-53],[18,29],[46,-92],[78,-69],[-83,-177],[13,-84],[18,-34],[-70,-13],[-2,-160],[-37,-15],[37,12],[11,-41],[-58,-222],[72,-142],[-26,-28],[28,-85],[-44,-53],[29,-60],[-33,-47]],[[69192,50278],[-77,36],[25,83],[-250,5],[-52,-53],[-43,68],[-49,12],[14,92],[-57,14],[54,59],[-79,19],[-74,-3],[-2,-51],[-36,3],[-46,-50],[-189,134],[-131,40],[-196,-82],[-289,-60],[19,173],[-50,20],[-41,72],[-110,59],[-321,5],[-149,176],[-40,200],[-212,-133],[-179,-171],[-271,-80]],[[66361,50865],[-72,-78],[-61,25],[-32,-18],[-14,-93],[-142,16],[-275,-102],[-151,-5],[-122,-39],[-64,24]],[[65514,52009],[64,115],[157,36],[22,21],[-27,44],[98,54],[163,172],[59,11],[-26,81],[-133,-27],[-49,100],[-2,77],[6,18],[113,-53],[93,23],[-19,123],[-51,-1],[4,75],[9,35],[31,-9],[96,74],[-22,90],[15,121],[-30,3],[105,128],[63,-16],[-3,152]],[[66250,53456],[68,-21],[84,193],[103,103],[69,-41],[-11,62],[62,18],[162,-39],[211,83],[18,-26],[-15,-62],[65,-10],[7,27],[70,0],[17,98],[147,62],[-24,29],[9,74],[124,366],[-23,56],[287,192],[156,273]],[[65389,45867],[-56,-30],[-2,-103],[-64,0],[-105,-49]],[[67207,47091],[-83,-80],[-85,86],[-68,-3],[-32,-32],[40,-368],[-75,-119],[-59,20],[-124,-35],[-48,65],[-52,19],[-83,-110],[-25,0]],[[65825,48869],[38,10],[20,-75],[162,9],[-7,-109],[97,-75],[74,-11],[-84,-197],[142,51],[173,-42],[53,46],[14,-61],[-59,-88],[114,-228],[60,-72],[82,-46],[13,-66],[19,15],[35,-86],[130,-60],[107,-107],[-5,-49],[-108,-25],[-99,-76],[13,-59],[53,-49],[72,1],[35,-35],[-44,-72],[10,-69],[34,9],[26,-53],[86,0],[41,-59],[70,6],[15,-56]],[[66361,50865],[68,-45],[7,-60],[-22,-138],[-58,-4],[-3,-156],[-80,-187],[-59,-65],[-165,-65],[-125,-190],[13,-48],[175,-139],[49,-83],[132,-60],[-145,-128],[-22,-50],[25,-258],[62,-82],[-48,-24],[-46,32],[-48,-15],[-94,49],[-125,-36],[-69,-63],[-78,-8]],[[68852,46714],[-141,112],[94,81],[90,187],[-46,32],[-17,190],[-58,42],[-9,50],[-30,18],[-21,-30],[-117,60],[-53,-45],[-84,69],[-35,-49],[-98,-25],[-40,74],[-112,80],[-113,206],[-2,86],[-108,-101],[-137,-228],[-123,-68],[-78,-85],[-84,-209],[-49,-58],[-274,-12]],[[69192,50278],[-3,-80],[-82,-15],[-19,-57],[18,-52],[-41,-30],[80,-43],[16,-38],[-14,48],[-72,33],[41,26],[-2,104],[91,21],[-5,67],[37,60],[-28,65],[38,45],[-27,85],[27,31],[-14,62],[13,-10],[-66,114],[45,139],[10,183]],[[66184,29114],[-21,6],[-8,74],[-88,-53],[-47,26],[-105,-17],[19,98],[-109,104],[-25,-4],[-2,62],[-175,-26],[-30,-205],[-34,-23],[-70,15],[-29,39],[-22,-36],[-18,65],[-96,-13],[1,52],[-30,28],[-56,37],[-74,-15],[-23,24],[-25,-31],[18,-50],[-21,-39],[-76,-64],[85,-127],[-33,-42],[-42,-1]],[[65048,28998],[-48,105],[-49,-16],[-43,48],[-74,-15],[-59,26],[-168,-231]],[[64607,28915],[-22,111]],[[64585,29026],[-11,26],[-86,-44],[-13,21],[-39,-12]],[[64436,29017],[-32,61],[2,203],[-103,97],[44,80],[-51,45],[62,8],[43,75],[-55,85],[-84,-14],[47,112],[-41,42],[38,143],[-19,96],[46,95],[82,-43],[14,24],[105,-12],[32,35],[91,-27],[24,41],[-69,80],[46,51],[34,-5],[62,47],[-21,97],[-83,98],[7,41],[64,43],[-13,46],[-83,28],[-26,61],[41,87],[1,73],[-66,46],[2,53],[-163,41],[-4,63],[-47,11],[3,92],[-86,23],[66,107],[-113,-14],[-9,59],[-137,50],[5,303],[-31,-15],[-36,97],[-52,28],[-20,58],[-64,15],[-106,-30],[-47,19],[-43,-30],[-24,-78],[-27,89],[-93,69],[-31,-5],[19,58],[-114,38],[-31,-61],[-115,-83],[-349,-72],[-72,139],[-143,87],[-41,104]],[[62672,32171],[15,138],[90,233],[119,568],[-40,190],[99,83],[-33,77],[78,83],[7,54],[-27,41],[68,-6],[25,118],[85,-65],[179,7],[-17,162],[-38,71],[44,47],[40,-14],[166,47],[48,-11],[138,-113],[17,-68],[126,-124],[20,-49],[67,30],[29,54],[146,24],[-65,151],[-45,21],[-4,73],[-175,-11],[-23,33],[69,142],[24,-13],[146,129],[153,-15],[-14,88],[82,60],[-22,125],[47,85],[37,4],[18,142]],[[65048,28998],[280,-215],[89,0],[191,-69],[7,-32],[70,5],[4,-47],[-54,-42],[-17,-68],[-57,24],[3,-309],[130,-6],[30,-41],[-128,-98],[54,-82],[-48,-105],[-93,-38],[-119,59],[-75,-76],[-101,166],[-66,49]],[[65148,28073],[-56,46],[-51,-4],[1,41],[-127,181],[-71,13],[-114,82],[-131,356],[8,127]],[[65275,25205],[-10,177],[45,77],[9,127],[88,158],[83,285],[-14,37],[-230,-180],[-29,36],[-316,29],[-130,-146],[-25,49],[-28,-4],[54,136],[118,170],[-8,30],[57,55],[-6,51],[-67,66],[61,49],[6,57],[75,-23],[46,89],[78,-7],[211,291],[-11,18],[-19,-22],[-89,0],[-269,129],[-151,-107],[-59,-3],[-21,62],[25,50],[30,-3],[41,121],[-46,119],[32,27],[105,39],[43,-1],[43,-43],[103,-3],[174,133],[43,184],[-77,168],[-57,282],[-47,45],[12,64]],[[61569,27452],[114,53],[62,-56],[196,127],[67,-66],[120,77],[68,99],[175,-16],[104,71],[69,-30],[27,-46],[64,2],[88,51],[89,-26],[8,-25],[78,6],[14,-61],[50,-10],[96,149],[29,0],[25,-54],[46,-21],[31,15],[2,178],[42,24],[76,-26],[73,13],[31,-70],[170,38],[139,-67],[101,6],[115,111],[90,158],[14,83],[-62,118],[77,136],[-25,42],[8,72],[24,17],[-19,0],[3,47],[32,10],[-17,30],[49,43],[-45,62],[4,64],[33,44],[101,29],[114,128],[117,36]],[[61415,32031],[242,-186],[228,-299],[136,136],[46,91],[-76,98],[173,-59],[151,60],[123,58],[-68,164],[136,71],[122,-69],[44,75]],[[58969,43895],[101,-89],[24,4],[59,-84],[102,-53],[-51,-65],[57,-53],[-27,-58],[6,-83],[-111,-105],[-13,-52],[-59,-58],[5,-98],[-22,-3],[-16,-69],[4,-33],[85,4],[75,-62],[16,26],[15,-21],[-129,-94],[-34,-92],[13,-30],[-150,-9],[19,-32],[-15,-65],[-48,-72],[-41,-6],[9,-110],[-33,21],[-10,-54],[32,-41],[-14,-61],[57,-78]],[[58875,42220],[-48,-9],[44,-121],[-48,-6],[-4,-164],[-17,15],[-14,-44],[-93,7],[-9,-25],[-92,10]],[[58594,41883],[25,49],[-81,25],[-5,118],[-100,242],[-73,4],[-52,50],[-145,-24],[-143,119],[24,63],[-48,104],[120,174],[87,53],[52,351],[-14,120]],[[58241,43331],[86,95],[19,164],[-32,80],[129,29],[61,44],[209,-31],[23,52],[128,63],[64,72],[41,-4]],[[61077,43267],[-56,-33],[-61,21],[-39,98],[-21,-10],[8,31],[-24,-21],[-69,17],[1,19],[-61,-28],[-86,12],[-147,178],[-22,-12],[10,-30],[-63,40],[-23,-69],[-54,-5],[-52,120],[-24,7],[-18,-30],[-111,77],[-84,-33],[-53,210],[-43,0],[69,119],[68,30],[29,62],[-71,149],[-218,44],[-22,-124],[-77,-81],[-54,33],[-34,81],[-230,157],[-65,-69],[-41,-6],[-84,68],[-129,32],[-41,55],[-181,28]],[[58904,44404],[-146,255],[132,122],[37,125],[-21,45],[43,49],[84,19],[-28,53],[58,36],[-38,71],[30,112],[-26,16],[10,53],[-135,-7],[-10,-29],[-72,29],[-69,69],[-15,156],[-83,122],[-55,30],[-121,-45],[-27,69],[-125,82],[38,64],[-213,139],[-51,-1],[9,27]],[[58110,46065],[65,9],[3,65],[72,38],[74,-9],[115,51],[28,53],[65,40],[73,28],[70,-17],[10,51],[46,43],[77,-64],[191,-77],[54,3],[66,145],[30,-10],[0,24],[117,-37],[55,99],[-122,84],[7,79],[-97,39],[22,53],[76,42],[63,-53],[57,51],[36,88],[95,-35],[4,18],[69,-10],[26,37],[41,-12],[13,43],[74,-2],[23,51],[-87,135],[4,75],[-99,45],[15,132],[24,18],[-80,133],[10,102],[58,-4],[12,27],[41,-24],[66,152],[70,61],[95,-58],[130,41],[82,-65],[61,17],[23,-20],[48,-89],[42,-15],[46,-127],[23,41],[-10,68],[87,63],[-56,26],[28,53],[-26,-5],[-23,44],[-11,104],[34,-14],[6,68],[80,47],[19,-17]],[[62085,42591],[-129,-125],[0,-80],[-99,-26],[-1,-48],[-258,-171]],[[61598,42141],[-347,-155],[-46,56],[-289,7],[10,-55],[-115,-47],[16,-94],[-28,-22],[40,-64],[46,-7],[125,-101],[86,-148],[93,25],[24,-175],[-57,-107],[-74,-41],[30,-77]],[[61112,41136],[-33,-4],[-6,-47],[-114,24],[-102,-16],[-86,19],[-1,64],[-28,12],[-228,-79],[-73,47],[-101,-65]],[[60340,41091],[-74,169],[-277,145],[-218,-94],[-174,-265]],[[59597,41046],[-174,216],[65,170],[-11,77],[-71,107],[-191,190],[96,120],[-115,102],[14,35],[69,26],[-36,63],[-96,-41],[-88,92],[-59,-80],[-44,0],[-81,97]],[[58969,43895],[-72,97],[60,140],[-47,6],[-6,30],[30,23],[-89,78],[48,33],[11,102]],[[56608,47017],[-49,-1],[-58,-70],[-65,-13],[-190,-168],[-19,26],[-60,1],[-16,-43],[-51,9],[-68,-184],[43,-153],[87,-107],[-8,-155],[-188,43],[-96,80],[-50,-28],[-35,36],[-51,-30],[-68,30],[-116,-64],[-128,-212],[-93,68],[-186,-86],[-32,-103],[0,-125],[33,-92]],[[56618,49057],[106,-158],[88,-59],[72,-175]],[[58594,41883],[-38,-55],[-40,25],[-73,-19],[-93,-59],[-86,-121],[-47,6],[-53,-57],[47,-73],[-152,67],[-29,-14]],[[58030,41583],[-12,26],[-105,-23],[-41,-39],[12,-91],[-120,-3],[-67,120],[-63,28],[-48,202],[-72,-7],[-38,50],[-157,-5],[-48,-118],[-140,-1],[12,-77],[-98,-51],[9,-32],[-59,12],[-10,-24],[40,-27],[-52,-33],[29,-44],[-14,-32],[-29,15],[-68,-81],[-57,24],[-5,38],[-80,-37],[49,-66],[14,-205],[-88,6],[-67,-36],[2,-23],[59,-20],[-36,2],[20,-77],[109,-23],[9,-47],[44,41],[7,-42],[20,6],[29,-113],[-35,-9],[12,-36],[36,7],[0,-152],[47,24],[45,-32],[5,30],[100,-33],[69,15],[37,58],[66,-67]],[[57302,40581],[-49,-90],[31,-71],[0,-135],[-146,-132],[56,-34],[15,-95],[-56,-47],[-124,8],[-119,-44],[-87,-50],[12,-54],[-45,-21],[61,-47],[-34,-87],[56,-21],[41,-121],[0,-92],[51,-95],[39,-18],[-60,-117],[-19,-138],[101,-369]],[[57026,38711],[10,-104],[-34,8]],[[57002,38615],[-160,36],[-61,-44],[-37,68],[-33,-9],[-85,42],[-66,82],[-270,36],[-113,-13],[-11,57],[-60,-32],[-87,73],[-58,4],[-10,45],[-69,34],[67,96]],[[55731,43398],[113,0],[30,40],[73,-2],[63,-41],[48,34],[10,-76],[64,-7],[34,-114],[62,11],[15,-36],[-38,-51],[13,-105],[100,-39],[125,145],[100,18],[26,104],[131,-13],[45,39],[82,-24],[10,30],[69,26],[5,110],[79,7],[48,-51],[35,38],[-15,167],[29,-1],[24,59],[-36,27],[32,59],[-4,126],[42,37],[8,58],[51,71],[55,3],[33,-119],[46,-1],[132,-106],[30,42],[73,-27],[34,51],[-2,174],[34,26],[1,-80],[153,-11],[103,-104],[-90,-98],[178,-24],[38,-58],[40,31],[23,-23],[156,-389]],[[57702,46915],[173,-82],[-5,-81],[79,-31],[19,-43],[130,-101],[-61,-182],[36,-13],[-4,-26],[-84,-81],[-63,-135],[81,-52],[107,-23]],[[61598,42141],[41,-141],[64,-70],[-83,-38],[38,-48],[-37,-95],[37,-90],[-52,-71],[71,-18],[-69,-245],[-99,-116],[-50,-18],[-43,18],[1,-51],[-178,16],[1,-60],[-26,-11],[-102,33]],[[86942,31601],[-35,-29],[44,45],[-9,-16]],[[86976,31623],[-10,-9]],[[86966,31614],[-4,-1]],[[86966,31614],[9,-16]],[[86975,31598],[-19,4],[8,23]],[[86964,31625],[12,-2]],[[86192,31678],[10,3]],[[86202,31681],[-32,-15],[22,12]],[[86318,32671],[-49,27]],[[86269,32698],[49,-27]],[[83223,34795],[61,-99],[103,-32],[177,-1],[57,22],[-1,38],[22,-32],[61,27],[112,-164],[108,45],[-13,-108],[182,45],[46,36],[79,-44],[94,68],[33,-57],[-29,-18],[46,-30],[26,-76],[-23,-12],[42,-104],[-27,-24],[17,-77],[-26,-53],[79,-110],[-27,-11],[8,-135],[69,-87],[60,-6],[61,37],[20,-83],[-40,-86],[59,18],[20,-26],[52,32],[62,-20],[97,39],[25,-77],[120,-99],[2,-50],[67,-104],[-18,-88],[86,-37],[49,3],[0,90],[44,53],[103,-175],[75,-20],[217,3],[125,95],[32,-10]],[[85817,33291],[112,-143],[0,-62],[-103,-59],[36,-74],[-62,-32],[49,-179],[86,13],[61,-83],[172,61]],[[86168,32733],[40,4],[117,-244],[135,-145],[185,-56],[74,-125],[133,4],[85,-44]],[[86937,32127],[57,-27],[-22,-21],[30,5]],[[87002,32084],[205,-49],[29,-64],[4,-117],[-6,52],[-25,-43],[23,-15]],[[87232,31848],[79,-228],[-35,-61],[-51,-29],[-137,89],[-101,3]],[[86987,31622],[-11,1]],[[86976,31623],[-12,2]],[[86964,31625],[-56,-17],[-23,-24],[19,-13],[-53,7],[17,-19],[-25,13],[4,-22],[-58,-41],[-64,45],[-224,-3],[-80,137],[-130,38],[19,35],[-16,15],[-40,-71],[-52,-24]],[[86202,31681],[-2,1]],[[86200,31682],[-8,-4]],[[86192,31678],[-8,10],[-16,-22],[24,0],[-68,-14],[-105,-72],[-16,-62],[-100,41],[-102,-37],[-56,28],[-7,-25],[5,23],[-133,53],[-83,-55],[-60,-1],[31,-17],[-20,-18],[-15,23],[-27,-83],[-59,104],[11,-54],[-57,12]],[[81839,33508],[-24,12],[10,71],[-13,86],[-39,44],[10,26],[-32,22],[-39,113],[-33,-1],[-12,69],[-40,8],[27,118],[-42,-8],[-21,33],[42,46],[-57,19],[0,30],[52,-6],[38,43],[7,67],[-40,70],[60,50],[-24,66],[34,92],[44,9],[-9,50],[159,8],[2,-67],[5,21],[99,24],[11,-27],[-22,-12],[68,-10],[37,49],[48,-25],[11,119],[-18,12],[57,57],[-36,80],[22,3],[-14,67],[35,19],[139,-58],[18,28],[-3,-62],[37,-19],[26,-133],[47,45],[41,-50],[1,44],[47,35],[33,-162],[96,11],[54,-38],[21,6],[32,242],[32,16],[68,-7],[5,30],[87,21],[240,-109]],[[86244,33560],[4,-28],[51,-16],[2,-97],[63,26],[162,-12],[-27,-47],[48,-33],[-11,-15],[49,-14],[87,-139],[-23,-219],[47,-15],[-64,-167],[191,-121],[-37,-98],[-39,41],[-48,-73],[-69,53],[-55,3],[-78,-37],[-30,37],[-38,-45]],[[86429,32544],[-80,134],[-31,-7]],[[86269,32698],[-23,77],[50,124],[-28,60],[-48,45],[-117,-1],[-57,60],[-7,50],[3,-50],[59,-63],[125,-2],[28,-30],[10,-80],[-24,-77],[-23,-54],[-49,-24]],[[85817,33291],[25,81],[-30,61],[28,66],[-26,12],[19,56],[24,12],[63,-41],[154,16],[10,79],[24,13],[63,-13],[73,-73]],[[83223,34795],[73,59],[18,77],[47,-7],[56,45],[-32,69],[48,129],[-24,7],[8,38],[-33,6],[-22,-29],[16,34],[-23,-22],[-25,40],[-62,-18],[-37,73],[-8,47],[75,316],[-24,83],[37,83],[25,1],[-90,36],[-30,70],[-59,6],[9,45],[-89,27],[5,76],[35,28],[-24,100],[87,36],[73,-41],[27,32],[45,0],[159,-101],[18,30],[-51,68],[21,26],[62,-49],[59,55],[-31,50],[8,81],[-95,116],[112,23],[-3,78],[121,31],[-20,66],[64,24],[26,-56],[26,3],[-3,-39],[68,-11],[-39,112],[152,-18],[26,74],[75,-26],[-62,53],[107,38],[24,19],[-9,29],[111,24],[-46,97],[-2,121],[50,46],[12,80],[45,-15],[152,52],[25,191],[-42,79],[123,146],[3,66]],[[87909,38322],[122,-14],[28,-75],[28,6],[36,-63],[30,0],[7,-77],[202,-236],[95,-161],[-103,-118],[-88,-19],[-67,-85],[-93,-35],[-107,-135],[42,-44],[-41,-184],[86,-65],[33,-64],[73,-6],[41,-39],[-29,-109],[30,-141],[154,-127],[-177,-89],[-46,-65],[-182,50],[1,-71],[-99,121],[25,170],[-173,77],[25,-113],[31,-47],[49,-8],[16,-45],[-21,-116],[-18,0],[25,-163],[-95,-7],[-104,-102],[-142,5],[-74,-63],[8,-109],[-61,-107],[-252,-154],[-92,-24],[-10,-29],[23,-15],[-47,-122],[42,-29],[-59,-56],[21,-22],[-18,-144],[130,-41],[-22,-155],[-88,-103],[-39,-164],[-166,-17],[-10,-36],[-51,-6],[13,-74],[-165,-99],[-1,-97],[-45,-130],[-130,-47],[-11,-66],[-52,-20],[6,-54],[48,24],[21,-19],[-2,-109],[-58,-51],[-5,-56],[-45,-5],[15,-203],[-83,-166]],[[73269,23070],[32,-53],[-17,-39],[25,17],[21,-38],[30,-118],[-11,-45],[-71,-33],[-27,-201],[-94,-173],[26,-67],[-28,-226]],[[73155,22094],[-192,-148],[-68,-112],[-33,2],[-30,44],[-52,-85],[-63,66],[-61,-60],[-83,48],[43,-68],[-24,-155]],[[72592,21626],[-93,-47],[-36,124],[-272,26],[-49,191],[2,100],[75,50],[-74,-9],[-50,27],[-2,35],[-95,-14]],[[71998,22109],[10,107],[-22,53],[-22,35],[-94,6],[-38,92]],[[71832,22402],[125,108],[-80,44],[5,70],[69,24],[-21,24],[39,54],[-18,56],[85,91]],[[72036,22873],[-14,13],[80,33],[-13,59],[61,-10],[19,43],[62,-89],[32,2],[189,303],[118,68],[122,-1]],[[72692,23294],[83,0],[130,51],[164,-133],[113,-172],[87,30]],[[74121,22106],[-117,-39],[-77,-89],[17,-64],[-27,-86],[29,-12],[-29,-18],[-27,-172],[-39,24],[-113,-1],[-69,-109]],[[73669,21540],[-148,463],[-73,44],[-77,139]],[[73371,22186],[18,122],[166,272],[-28,15],[209,202],[32,60],[141,8]],[[73909,22865],[-4,-199],[107,-14],[93,-134],[47,-207],[-110,-104],[79,-101]],[[72592,21626],[-23,-278],[42,-46],[-7,-61],[28,-15],[27,-99],[-25,-3],[-7,-35],[13,-98],[-46,-12],[-22,-260],[-122,-41],[-129,89],[-80,-18],[79,-145],[-43,-48],[-69,-262],[68,-26],[103,-94],[80,-137],[13,-257],[-90,-36]],[[72382,19744],[-81,38],[-15,-27],[-30,77],[-38,6],[-58,62],[-116,-132],[-17,46],[-47,-12],[-29,36],[-104,-32],[-32,23],[-48,-12],[-46,93],[-101,-10],[8,102],[-25,88],[39,47],[-33,24],[7,62],[-185,60],[-35,66],[-104,-21],[-44,-36],[-71,-155],[-58,36],[-102,-51],[-5,-80],[-28,-5],[4,-68],[-57,39],[-28,-19],[-61,27],[15,56],[63,56],[-67,63],[-190,78],[-63,-78],[-105,-6],[-48,-110],[78,-36],[-11,-132],[-150,-125],[-45,88],[25,22],[-56,64],[-59,194],[-66,-63],[-106,-21],[-47,-89],[-68,60],[-55,-3],[-37,154],[-220,-88],[-147,209],[18,87],[38,45],[-7,32],[-31,-4],[-18,28],[59,15],[-34,95]],[[69634,21359],[96,-15],[40,42],[104,29],[53,72],[-24,39],[6,97],[109,241],[141,55],[216,-83]],[[70375,21836],[-28,-50],[19,-63],[261,-328],[57,-7],[95,58],[165,-137],[198,-113],[12,26],[30,-5],[14,-39],[78,-42],[74,49],[-28,20],[13,47],[31,9],[-21,41],[-47,13],[-64,110],[37,46],[-11,104],[53,96],[90,-52],[36,31],[5,48],[25,-7],[14,32],[25,-23],[63,48],[0,47],[-24,5],[29,54],[60,-41],[2,-50],[21,-7],[79,65],[3,56],[31,24],[53,3],[4,-21],[55,22],[-28,92],[-35,-3],[-9,32],[-50,18],[-1,60],[48,28],[86,-68],[103,45]],[[73669,21540],[53,-207],[5,-259],[64,-56],[45,42],[50,-21],[60,23],[123,-71],[7,-32],[-49,-45],[46,-29],[-30,-24],[-9,-109],[-124,-57],[-52,-139],[33,-56],[35,21],[67,-36],[4,-117],[87,-35],[-75,-50],[25,-26],[-36,-18],[19,-27],[39,41],[17,-44],[28,-4],[-4,-118],[23,1],[21,88],[34,-36],[-11,-41],[28,-53],[-54,-36],[-73,10],[-11,-61],[-32,-13],[-19,17],[-22,-21],[-13,45],[-41,2],[-20,-43],[18,-58],[52,24],[23,-49],[50,-13],[45,-82],[33,22],[18,-35],[36,10],[37,-36],[104,33],[-15,100],[86,5],[28,-94],[86,-75],[1,-52]],[[74509,19646],[-75,-30],[-14,-47],[-80,9],[-72,-99],[-70,-3],[4,-77],[-23,-2],[1,-27],[-110,-3],[-21,-39],[-85,16],[-48,-34],[-21,22],[-17,-28],[-59,1],[5,-77]],[[73824,19228],[-52,-15],[-59,-78],[-71,-40],[-97,3],[-46,-54],[-77,-33],[-108,-11],[-121,27],[-158,-104],[-74,-9],[-46,41],[-82,-54],[-139,-6],[-13,-34],[-50,-1],[-11,27],[-72,-74],[-4,-48],[-167,-48]],[[72377,18717],[11,249],[42,69],[-28,92],[15,269],[-35,348]],[[73155,22094],[22,-38],[38,3],[156,127]],[[74687,21981],[-48,-29],[42,-94],[-10,-36],[35,-10],[-25,-55],[23,-4],[-28,-30],[21,-47],[86,-23],[17,21],[24,-24],[33,17],[113,-210]],[[74970,21457],[-59,-30],[-9,-239],[46,-110],[-44,-113],[-98,-13],[-24,-32],[26,-82],[-23,-128],[-24,-47],[-20,27],[-16,-15],[-25,-65],[90,-218],[-7,-83],[85,21],[-17,-243],[-50,-144],[28,-7],[-12,-17],[60,-126],[52,-26],[11,-148],[-4,-33],[-108,-42]],[[74828,19544],[-180,-3],[-139,105]],[[74121,22106],[59,7],[9,80],[105,65],[34,56],[86,-42],[118,-115],[11,-48],[86,4],[-10,-64],[68,-68]],[[71466,23698],[110,-91],[-20,-179],[87,-23],[-5,-77],[26,2],[4,48],[58,-33],[12,-187],[44,-61],[15,-126],[29,-5],[36,54],[67,-67],[1,-61],[72,3],[-9,-56],[43,34]],[[71832,22402],[-303,-159],[-46,92],[-20,-18],[-99,59],[-30,-20],[-94,25]],[[71240,22381],[-59,209],[-127,-24],[-38,159],[-180,86],[-32,148],[-180,92]],[[71580,24210],[9,-32],[94,-11],[37,-54],[147,-21],[31,-42],[132,-35]],[[72030,24015],[-25,-110],[35,1],[9,-164],[90,27],[-13,-76],[70,-6],[-2,-60],[92,-27],[92,54],[120,-149],[64,16],[60,-19]],[[72622,23502],[42,-33],[4,-88],[-37,0],[6,-54],[51,-9],[4,-24]],[[71240,22381],[-44,-44],[-170,-42],[-36,-91],[-46,3],[-67,51],[-161,-3],[-63,-57],[15,-56],[-110,39],[-8,-155],[30,-69],[-83,-83],[-122,-38]],[[76083,22095],[38,-202],[34,6],[-18,-83],[58,-284],[36,-1],[50,158],[71,80],[86,-93],[-2,-130]],[[76304,19239],[-230,-3],[-70,-30],[-1,22],[-28,-12],[-73,44],[-56,-39],[-151,15],[-127,-43],[-61,68],[-115,15],[-80,8],[-73,-66],[-207,48],[-122,-33],[-5,31],[-52,11]],[[74853,19275],[41,252],[-66,17]],[[74970,21457],[57,6],[27,80],[32,-3],[148,107],[-27,26],[54,6],[21,86],[61,51],[-26,80],[53,33],[-1,26],[70,21],[8,-35],[53,-4],[112,59],[30,41],[-21,111],[73,20],[36,72],[138,-9],[69,-125],[41,62],[81,-77],[24,4]],[[72377,18717],[-169,-111],[-36,3],[33,34],[-22,45],[-31,-56],[-106,15],[-155,-56],[-124,6],[-31,-43]],[[71736,18554],[-126,-92],[-148,49],[-32,-30],[4,35],[-75,26],[-10,-73],[31,-41],[-58,-61],[-153,39],[-17,-24],[-168,55],[-94,-37],[-51,-61],[-61,-9],[-175,129],[-76,12],[-73,-55],[-230,-54],[-45,-65],[-161,-29],[-82,-60],[-87,110],[-70,-21],[-67,30],[-6,-24],[-111,104],[-89,-3],[-69,30]],[[63225,40543],[-235,-169],[-92,31],[-40,-56],[-265,-67],[-62,20],[-20,-24],[-77,6],[-55,-42],[39,-73],[-38,-77],[27,-30],[-19,-35],[16,-60],[64,-80],[42,1],[-9,-31],[86,-73],[28,-81],[71,-38],[-18,-77],[78,-77],[-3,-104],[-268,-56],[131,-36],[-84,-81]],[[62522,39234],[-101,-118],[-86,-27],[-253,101],[-44,-18],[-5,-73]],[[62033,39099],[-26,-24],[-108,65],[-30,66],[-91,8],[-21,-20],[19,-78],[-74,-74],[-74,-133],[-117,-38],[-65,53],[-38,-133],[-93,14],[-276,424],[-55,214],[-134,154],[-115,266],[-91,98]],[[60644,39961],[-32,72],[29,52],[71,-17],[148,66],[-24,49],[-72,21],[4,42],[-86,-7],[-15,73],[22,4],[-6,72],[23,6],[-63,54],[-25,160],[-78,12],[-14,74],[-64,46],[93,95],[-30,4],[-24,57],[-73,4],[-13,52],[-77,89],[2,50]],[[63600,40285],[-47,-43],[10,-62],[-65,-171],[42,-27],[85,35],[61,-21],[18,-34],[-18,-141],[42,-44],[-79,-184],[61,-83],[-2,-101],[-31,-40],[-16,-108],[-96,-52],[-60,59],[-83,14],[-189,-193]],[[63233,39089],[-43,46],[-79,-28],[-168,33],[-20,-89],[-94,-39],[-130,50],[19,51],[-106,4],[-90,117]],[[65221,36042],[-106,-5],[-127,52],[-104,75],[-46,57],[26,25],[-125,102],[-48,-123],[-55,-17],[-84,-103],[-58,144],[-51,-5],[-221,162],[-124,54],[12,29],[-27,7],[-19,70],[-218,194],[-145,47],[-119,-3]],[[63582,36804],[-5,128],[31,20],[33,-27],[21,45],[32,8],[-3,58],[-81,44],[-17,64],[-83,-8],[-74,39],[-52,77],[-20,113],[-34,-6],[39,74],[-111,20],[-3,38],[74,66],[-27,50],[-120,16],[39,76],[-40,60],[40,50],[-32,44]],[[63189,37853],[32,22],[-24,74],[160,101],[108,130],[15,80],[-62,144],[124,348],[-200,147],[27,72],[-148,94],[12,24]],[[60448,37471],[72,-293],[-13,-140],[73,-136],[-8,-35],[191,-95],[54,-123],[88,75],[101,-133],[108,24],[128,-128],[54,59],[109,-24],[-71,-165],[8,-65],[-20,3],[5,-70],[58,-112],[78,-35],[127,39],[21,-25],[-21,-18],[88,-123],[83,-4],[45,-38],[-54,-33],[24,-59],[62,-23],[71,29],[28,-23],[-23,-105],[-50,0],[-98,-61],[2,-55],[39,-34],[6,-101],[163,175],[77,-27],[67,14],[55,-95],[49,-26],[11,24],[37,-4],[72,209],[51,-10],[-6,-41],[135,2],[101,-47],[57,77],[48,158],[29,21],[95,-10],[18,-59],[197,364],[71,46],[35,-16],[59,99],[49,25],[160,13],[1,55],[-41,36],[5,45],[-24,5],[-58,181],[209,3],[26,55],[-42,43],[63,45]],[[60519,33919],[91,49],[-109,-9],[-96,73],[-91,1],[-42,64],[90,116],[-201,118],[-130,-53],[-41,72],[40,71],[-72,-3],[4,39],[-76,67],[-107,-71],[7,-23],[36,11],[10,-68],[-74,-63],[-112,92],[27,36],[-26,90],[-204,47],[-45,-84],[9,-34],[69,5],[11,-23],[-69,-128],[-91,-78],[-16,140],[-104,60],[-44,95],[-160,0],[-37,35],[90,152],[-13,64],[-70,19],[-32,-45],[-117,12],[-2,80],[100,-15],[68,67],[60,233],[-15,148],[55,80],[89,35],[24,131],[-58,320],[-94,178]],[[59051,36022],[5,121],[-22,6],[19,63],[-38,89],[12,85],[143,6],[45,-23],[112,71],[20,56],[48,-10],[80,61],[-1,62],[100,203],[-51,99]],[[59523,36911],[93,26],[17,33],[8,249],[23,27],[-31,-1],[-38,60],[-29,131],[-114,233],[114,37],[36,61]],[[59602,37767],[256,-38],[68,33],[95,-25],[144,15],[73,-121],[122,-72],[11,-56],[77,-32]],[[61984,38094],[222,-71],[-8,-27],[63,2],[16,28],[45,-119],[67,-38],[-29,-86],[22,-13],[-15,-32],[45,-27],[27,36],[65,5],[-33,40],[90,126],[24,-21],[71,48],[96,-157],[81,133],[196,-11],[16,-42],[122,44],[22,-59]],[[60448,37471],[36,56],[-28,42],[27,21],[-56,8],[-13,119],[35,24],[114,-26],[27,-25],[1,-62],[120,-53],[39,35],[55,194],[67,-3],[64,41],[23,-72],[-28,-130],[21,-51],[1,43],[71,-55],[107,10],[37,-71],[79,76],[8,110],[101,-3],[102,39],[84,-140],[26,4],[32,77],[73,52],[115,6],[21,34],[-49,20],[25,39],[42,-18],[7,86],[24,-27],[67,27],[8,71],[-30,23],[25,31],[20,-10],[36,81]],[[73609,14577],[15,-7],[-35,0],[20,7]],[[74164,14528],[-187,16],[-68,-7],[-14,-38],[7,45],[66,27],[-79,3],[-7,-24],[-14,21],[-74,18],[-186,8],[-75,127],[3,84],[-42,29],[16,44],[-44,46],[23,67],[-31,32],[-47,6],[15,55]],[[73426,15087],[79,-30],[26,23],[276,-29],[-21,134],[32,7],[55,-16],[5,-98],[31,-4]],[[72857,15235],[183,-175],[396,52]],[[73436,15112],[-24,-29],[-6,-47],[8,-12],[44,-3],[27,-26],[-26,-66],[43,-50],[-35,-26],[60,-51],[-11,-90],[34,-56]],[[73550,14656],[-1,-21]],[[73549,14635],[49,-50],[-55,-17],[24,-18],[149,29],[136,-11],[28,-81],[-246,28],[-497,-141]],[[73137,14374],[-52,71],[-106,12],[-42,63],[20,29],[-45,24],[-1,194],[-74,83],[-6,174]],[[72831,15024],[-33,169],[59,42]],[[69468,13456],[-11,11]],[[69457,13467],[26,12],[-15,-23]],[[69362,13685],[-6,11]],[[69356,13696],[6,-11]],[[71437,15122],[-46,-38],[-71,21],[29,26],[3,73],[-10,19],[40,-4],[55,-97]],[[71140,15457],[-1,-3]],[[71139,15454],[1,3]],[[71239,15513],[46,53]],[[71285,15566],[-7,-97],[-27,0],[-12,44]],[[72831,15024],[-121,41],[-61,-56],[-132,-45],[-53,-64],[-119,119],[5,-294],[-209,-12],[24,-41],[-28,-13],[25,-48],[-1,-176],[68,-277]],[[72229,14158],[-930,-26],[-24,97],[-72,57],[-59,11],[-22,99],[-36,6],[-45,-43],[-23,49],[12,52],[-29,54],[80,36],[-35,83],[65,48],[-18,89],[41,115],[78,36],[43,-39],[52,33],[18,38],[-2,36],[-17,15],[-39,8],[-8,9],[19,88],[102,-34],[63,44],[-51,98],[-82,18],[12,95],[-16,17],[-13,0],[-13,-8]],[[71280,15339],[-30,46],[80,27],[48,-76],[70,28],[49,102],[38,-13],[132,166],[60,-221],[20,0],[-19,107],[90,101],[27,-42],[-20,-28],[59,-2],[-12,-139],[103,-16],[66,176],[18,18],[34,-21],[17,-201],[14,-37],[69,-32],[79,229],[36,5],[19,-103],[116,3],[-13,-104],[39,5],[24,65],[117,137],[35,-15],[19,-76],[9,22],[48,-47],[142,44],[-24,-96],[18,-116]],[[71196,15646],[26,-44],[23,8]],[[71245,15610],[6,1]],[[71251,15611],[9,0],[22,-30],[-47,-68],[-88,-44],[-20,-33],[52,-91],[58,-27],[32,8],[25,18],[22,-11],[-19,-62],[10,-39],[40,-24],[-2,-72],[-73,-24],[-20,-93],[7,-7],[49,-14],[13,-22],[-20,-62],[-40,-24],[-52,36],[-82,-44],[-38,-107],[17,-92],[-68,-53],[39,-74],[-57,-12],[-22,-23],[-9,-25],[34,-35],[-12,-44],[15,-54],[23,-14],[64,46],[19,-94],[125,-78],[40,-109],[-162,-7],[-344,-129],[-427,-63],[-68,-39],[-408,-106],[-230,-95],[-134,-106],[-60,-84],[-34,6]],[[69430,13491],[11,24]],[[69441,13515],[23,0],[0,29]],[[69464,13544],[0,3]],[[69464,13547],[-55,72],[12,70],[-68,13]],[[69353,13702],[-5,73],[41,-13],[-7,55],[33,50],[57,-28],[-13,47],[-35,18],[-1,67],[128,10],[52,35],[-42,51],[48,77],[-6,109],[94,-23],[40,-40],[7,31],[77,12],[79,80],[96,-9],[33,151],[-57,198],[-13,134],[4,26],[24,-3],[-9,51],[96,205],[270,55],[-32,187],[37,98],[-74,25],[4,225],[25,50],[56,-4],[-6,-82],[107,27],[30,46],[143,12],[109,-62],[99,19],[124,-52],[175,16],[36,35],[19,-15]],[[69393,13507],[29,-30],[-37,2],[-14,21],[22,7]],[[69430,13491],[11,24]],[[69464,13544],[0,3]],[[69444,13550],[6,-23],[-21,9],[15,14]],[[69362,13685],[-6,11]],[[68275,14285],[-20,-5],[43,18],[-23,-13]],[[71279,15827],[-10,4]],[[71269,15831],[10,-4]],[[71294,15822],[43,38]],[[71337,15860],[10,-38],[-53,0]],[[71416,16701],[-5,-16]],[[71411,16685],[5,16]],[[71413,16752],[10,-5]],[[71423,16747],[-10,5]],[[71407,16800],[-2,-7]],[[71405,16793],[2,7]],[[71462,16859],[-16,-24]],[[71446,16835],[-32,-21]],[[71414,16814],[-4,0],[-4,-9],[-2,-15],[6,-37],[22,-16],[-15,-11],[-23,-93],[36,-49],[-75,-101],[-3,-33],[14,-15],[17,-3],[-2,-8],[-28,2],[27,-3]],[[71380,16423],[-45,-76],[-56,-3],[-24,99],[-112,-46],[-81,-139],[3,-122],[95,-77],[13,-84],[95,-47]],[[71268,15928],[71,-59]],[[71339,15869],[-1,-1]],[[71338,15868],[-47,-43],[-27,11],[-35,-3]],[[71229,15833],[-8,-6]],[[71221,15827],[-12,-14],[-11,-62],[-25,-51],[23,-54]],[[69353,13702],[-34,-1],[10,-35]],[[69329,13666],[20,-42],[-56,19],[-60,-31],[-39,25],[24,-19]],[[69218,13618],[-16,-2],[42,-18],[-43,-9],[-57,-83],[87,42],[-19,-10],[19,-5],[20,26],[27,-2],[-25,-4]],[[69253,13553],[-20,-21],[23,12],[63,-47],[45,-122],[18,30],[-16,12],[29,-8],[62,58]],[[69468,13456],[-89,-93],[-24,-106],[-207,-317],[-118,62],[-166,186],[-24,66],[87,-47],[39,20],[3,75],[-19,15],[6,-48],[-40,-35],[-42,18],[-10,98],[-43,28],[17,19],[-20,-7],[63,93],[-38,-12],[-27,98],[-8,-68],[-28,18],[34,-24],[18,-65]],[[68832,13430],[-10,-12],[-33,6],[-3,22],[3,-28],[19,-4],[-7,-9]],[[68801,13405],[-11,-30],[18,9],[-7,10]],[[68801,13394],[0,11]],[[68801,13405],[3,3]],[[68804,13408],[-3,-14]],[[68801,13394],[7,-3],[1,-13],[-19,-8],[-8,14],[4,-8],[-21,-13],[15,-5],[-28,5],[12,0],[-21,7],[1,21],[-20,-28],[84,-8],[8,-48],[10,16],[14,-21],[-46,-7],[29,-26],[17,30],[-18,-36],[-356,276],[-377,184],[-87,101],[11,120],[26,13],[40,-42],[-65,-95],[89,21],[34,118],[40,13],[-36,-28]],[[68141,13944],[56,19],[49,183],[44,21],[-28,-35],[81,95],[83,9],[70,-81],[53,-2],[87,-53],[84,82],[45,-21],[39,16],[7,88],[91,62],[-22,77],[52,74],[1,81],[28,12],[-26,23],[-7,-23],[-5,52],[-45,-65],[-4,-73]],[[68874,14485],[-22,0],[24,-6],[-36,-62],[14,-51],[-93,-89]],[[68761,14277],[-47,-18],[-61,-79],[-125,43],[11,43],[67,7],[-41,27],[-46,-27],[-90,33],[-15,72],[61,88],[43,1],[21,47],[39,14],[-24,25],[-64,-19],[25,176],[-29,-27],[-44,9],[-11,39],[-17,-15],[11,-89],[-49,-24],[55,-24],[22,-58],[-53,-49],[-46,-187],[-88,45],[-48,59],[3,75],[-44,83],[19,9],[-16,36],[31,14],[-6,74],[-29,18],[-7,-21],[-97,4],[-36,34],[-40,-52],[87,-218],[-19,-13],[19,-67],[-32,-156],[31,-41],[-34,-9],[19,-4],[-1,-47],[18,38],[6,-46],[-24,-7],[-159,195],[-133,55],[36,37],[-27,49],[2,96],[86,199],[-13,34],[29,-16],[-22,59]],[[71736,18554],[49,-367],[71,-54],[-9,-46],[-24,14],[-20,-30],[3,-82],[19,-16],[37,28],[18,-21],[-39,-124],[9,-51],[-42,-57],[24,-44],[45,11],[25,-74],[-25,-21],[1,-175],[-94,-64],[27,-77],[-23,-22],[-96,15],[-54,-32],[-17,-45],[-47,28],[-4,-60],[-58,-80],[21,-38],[56,0],[12,-86],[-121,-1],[-33,-52],[15,-72]],[[74853,19275],[-34,-214],[39,-227],[-72,-157],[-76,-92],[-131,-90],[-195,-42],[-48,-44],[-138,27]],[[74198,18436],[2,81],[-51,-1],[-15,116],[-115,-33],[7,158],[-46,25],[25,54],[99,27],[31,210],[48,16],[119,139],[-144,44],[-207,17],[-127,-61]],[[71251,15611],[-6,-1]],[[71229,15833],[-8,-6]],[[71339,15869],[-1,-1]],[[71380,16423],[34,-21],[81,66],[61,-32],[62,-4],[28,-32],[-4,-83],[-33,-42],[-64,-20],[10,-96],[-88,-3],[-24,44],[-32,1],[-45,-27],[-5,-53],[-111,-54],[-10,-64],[28,-75]],[[71641,16429],[-122,32],[106,3],[16,-35]],[[71446,16835],[-32,-21]],[[74198,18436],[2,-337],[-52,-9],[-44,-52],[30,-127],[-65,-154],[45,-8],[22,-48],[-44,0],[-21,-50],[-23,50],[-158,-68],[-17,-128],[110,-59],[-71,-80],[-4,-51],[115,-23],[-33,-77],[-5,-195],[-50,-31],[2,-59],[95,36],[11,-24],[-93,-210],[-5,-314],[19,-43],[122,-25],[4,-83],[-28,-7],[-39,-100],[23,-36],[-19,-68],[20,-154],[29,-30],[-7,-60],[27,-14],[-86,-7],[-24,-47],[-70,-12],[23,-79],[-20,-10],[0,-251],[-43,-178],[39,-62],[45,-16]],[[73426,15087],[13,12],[2,40],[-47,62],[4,116],[-57,133],[53,104],[0,56],[94,-2],[10,78],[-5,56],[-59,61],[-9,90],[-61,67],[-6,28],[-19,30],[2,70],[59,60],[19,35],[-1,20],[16,16],[10,48],[44,17],[-7,2],[5,45],[24,24],[44,8],[53,18],[37,28],[4,8]],[[73648,16417],[-3,38],[-1,-44],[-38,-29],[-96,-26],[-14,-7],[-14,-23],[-6,-43],[-33,-14],[-11,-50],[-17,-16],[1,-20],[-47,53],[-25,90],[-34,17],[-55,-15],[-15,12],[-1,6],[15,17],[-15,-19],[0,-6],[15,-12],[14,-4],[75,4],[24,-90],[45,-53],[-70,-88],[-8,-58],[4,-20],[19,-30],[6,-29],[59,-65],[10,-92],[59,-62],[-4,-129],[-95,1],[0,-56],[-52,-104],[55,-136],[-3,-116],[44,-59],[0,-28]],[[71280,15339],[-44,-18],[-56,27],[-41,106]],[[71140,15457],[99,56]],[[71285,15566],[-1,27],[-19,20],[-13,3],[-29,-10],[-46,91],[28,57],[11,67],[53,10]],[[71279,15827],[15,-5]],[[71337,15860],[12,15],[-76,50],[-24,56],[2,81],[112,56],[10,48],[37,31],[55,-44],[85,-5],[19,21],[-21,83],[64,20],[31,38],[19,86]],[[71662,16396],[11,15]],[[71673,16411],[44,-8]],[[71717,16403],[15,2]],[[71732,16405],[31,13]],[[71763,16418],[13,-7]],[[71776,16411],[-13,7]],[[71763,16418],[-31,-13]],[[71717,16403],[-44,8]],[[71673,16411],[-11,-15]],[[71662,16396],[-38,72],[-37,6],[-97,-4],[-79,-56],[-24,12],[-3,10],[-17,3],[-9,16],[1,28],[66,64],[6,42],[-33,44],[13,52]],[[71416,16701],[2,24],[14,10],[0,18],[-9,-6]],[[71413,16752],[-8,41]],[[71407,16800],[3,12],[9,2],[29,21],[14,24]],[[73137,14374],[-349,-133],[-559,-83]],[[58327,38749],[13,-62],[25,18],[26,-49],[44,28],[24,-111],[43,-55],[53,-30],[44,20],[-103,-106],[-57,20],[-34,-37],[-10,28],[-73,-73],[-88,38],[-53,-88],[104,-33],[32,-78],[34,-11],[25,-121],[25,13],[93,-90],[79,23],[47,71],[71,-3],[45,39],[36,-3],[13,41],[53,-60],[46,78],[170,-93],[87,143],[51,23],[43,140],[80,-67],[165,25],[28,-74],[37,1],[5,38],[49,-3],[-1,38],[32,0]],[[59630,38327],[205,-65],[-18,-76],[-122,-175],[-18,-117],[-75,-127]],[[59523,36911],[-96,159],[-149,-14],[-5,45],[-112,-15],[-97,26],[-54,-6],[-33,-44],[-105,2],[-50,-96],[-78,5],[7,-30],[-46,-70],[-38,22],[-32,-23],[48,-70],[-45,-66],[-30,12],[7,-121],[-37,-33],[-22,32],[-97,-59],[35,-68],[-40,-60]],[[58454,36439],[-59,-23],[-95,23],[-29,-23],[-13,35],[-195,113],[-122,-56],[-139,74],[-133,-7],[61,126],[-49,120],[46,129],[-87,-1],[9,30],[-55,-30],[-209,16],[74,115],[-24,9],[20,67],[-21,75],[9,48],[37,29],[-33,72],[-67,-25],[14,38],[-74,64],[37,74],[-50,-60],[-37,30]],[[57270,37501],[56,119],[57,21],[45,-21],[-34,228],[-83,199],[23,40],[-69,77],[22,71],[28,-6],[51,76],[-68,106],[-92,17],[-11,-27],[-111,-5],[-17,109],[-21,-14],[-44,124]],[[57026,38711],[161,-57],[93,-1],[33,54],[26,0],[-3,35],[107,25],[108,156],[58,16],[47,0],[-8,-22],[35,-18],[48,-159],[60,27],[32,-18],[54,38],[6,-39],[45,-2],[-38,-42],[37,-35],[31,51],[-6,130],[34,29],[58,-24],[99,28],[-17,-60],[25,-152],[64,-3],[53,80],[-10,34],[69,-33]],[[56134,37103],[8,-64],[-83,-161],[0,-242],[39,-149],[-39,-169],[76,-53],[124,-18],[125,-148],[51,-104],[-31,-130],[27,-68],[-81,-75],[9,-101],[-22,-53]],[[56337,35568],[-2,-66],[76,-91],[-65,-38],[-30,35],[-28,-10],[15,-132],[-37,-80],[-80,-4],[0,-64],[27,0],[-42,-40],[3,-114],[81,23],[-4,-42],[31,-5],[47,-134],[-27,-24],[128,-2],[35,-31],[11,-61],[30,29],[-29,18],[22,24],[33,-4],[41,-97],[48,14],[-5,25],[72,47]],[[56688,34744],[54,-74],[3,-99],[64,-148],[201,-6],[-10,-21],[26,-22],[-60,-36],[-9,-81],[-114,-71],[-56,-2],[-38,-81],[110,-73],[-17,-34],[81,-106],[64,-36],[59,16],[95,-28],[27,-64],[-26,-149],[-31,0],[-27,-134],[22,-121],[53,4],[-2,-21],[-71,-214],[-152,-38],[17,-51],[33,3],[-15,-119]],[[54830,37776],[-14,-55],[39,-102],[-90,-133],[12,-101],[-37,-85],[34,-54],[-106,-48],[-30,-89],[21,-21],[162,-2],[20,45],[88,-22],[3,41],[73,-73],[46,-10],[173,84],[-29,-107],[17,-36],[47,9],[23,-46],[156,85],[119,-18],[68,59],[-2,53],[42,72],[-42,33],[6,24],[113,80],[50,-42],[4,-30],[-33,-8],[29,-3],[7,-89],[46,-102],[41,-8],[37,18],[-9,24],[154,64],[66,-80]],[[59051,36022],[-101,-12],[-110,-169],[-56,0],[-23,-45],[-130,26],[-34,-17],[-68,35],[-6,-70],[-194,30],[-19,64],[68,318],[-38,112],[85,9],[23,45],[-33,27],[39,22],[0,42]],[[56337,35568],[68,3],[18,70],[46,-28],[59,98],[109,-99],[132,-20],[328,-157],[-124,-430],[-105,-25],[-40,-71],[-10,-109],[-100,-23],[-30,-33]],[[56134,37103],[52,71],[-100,65],[44,15],[-21,40],[45,-6],[30,38],[-12,36],[71,5],[39,69],[-19,3],[52,107],[-22,38],[23,83],[178,-7],[134,-83],[43,-65],[2,-77],[115,-121],[13,-131],[172,42],[-37,-136],[5,-92],[68,26],[-7,93],[102,100],[63,229],[23,-16],[80,72]],[[73658,29736],[74,-25],[191,-316],[-22,-86],[-278,-141],[55,-102],[-54,-195],[14,-89],[34,-47],[27,11],[90,-145],[-24,-26],[50,-77],[-2,-62],[24,-24],[66,62],[29,-103],[7,-39],[-44,-63],[19,-95],[-52,10],[11,-24],[-53,-22]],[[74544,30056],[56,-109],[-4,-79],[-28,-77],[-75,32],[27,-38],[48,0],[-37,-28],[51,-85],[-38,-105],[-95,-138],[84,-75],[123,-47],[-12,-29],[100,-49],[-2,-41],[20,-2],[-71,0],[-15,-40],[-79,-56],[37,-79],[186,-206],[-18,-3],[-3,-242],[49,-90],[-2,-215],[89,29],[-1,33],[204,3],[35,53],[80,-29],[-58,-110]],[[75133,27570],[-384,-96],[-124,39]],[[74537,30338],[221,-91],[14,20],[-24,69],[-58,36],[43,118],[-34,26],[-53,-32],[33,26],[39,185],[-63,32],[6,41],[35,-2],[-22,32],[13,157],[-50,62]],[[87837,32813],[-2,-23],[-8,4],[-8,2],[-3,-2],[-1,3],[-7,-3],[5,3],[-5,7],[7,4],[-5,3],[26,27],[1,-25]],[[87891,32822],[-9,-8]],[[87882,32814],[-23,21],[16,14],[-11,15],[-2,-6],[-5,7],[0,8],[3,0],[-9,17],[8,-5],[0,9],[9,-6],[5,-29],[9,17],[28,-20],[4,-37],[-23,3]],[[89031,33043],[-9,11],[17,6],[26,41],[27,12],[23,24],[10,-5],[-94,-89]],[[89492,33434],[97,-22],[-3,-23],[-202,-148],[-131,-33],[39,14],[-45,1],[32,45],[44,-33],[55,26],[114,173]],[[89895,34524],[-39,-15],[7,54],[32,-39]],[[89349,34661],[2,-36],[-20,48],[18,-12]],[[89298,34687],[41,-80],[-7,-65],[6,63],[-40,82]],[[89509,34690],[4,-3]],[[89513,34687],[-4,3]],[[90278,37045],[-49,-30],[-2,23],[51,7]],[[90443,37231],[8,-12],[12,4],[10,-16],[-13,-5],[-2,-33],[-31,17],[-28,-26],[30,33],[29,-15],[-5,20],[13,16],[-5,6],[-9,-3],[-16,13],[-9,-14],[9,18],[7,-3]],[[89365,39208],[-6,-3]],[[89405,39209],[-3,3]],[[89542,39274],[-9,5]],[[89506,39288],[-7,0]],[[90860,39406],[-5,-22],[8,20],[6,-26],[5,19],[42,-31],[-62,12],[6,28]],[[90784,39516],[-3,-2]],[[91365,40249],[207,-762],[-35,-116],[-27,-29],[35,61],[-26,13],[-30,-62],[-100,6],[-186,67],[-58,-46],[-37,5],[0,-21],[52,-9],[56,60],[1,-23],[139,-40],[0,-27],[51,27],[99,-18],[-59,-23],[-135,-332],[-33,-167],[26,-38],[-2,-109],[-48,-409],[-333,-816],[-36,-227],[-95,-262],[-61,44],[-48,57],[-25,69],[-70,0],[-59,64],[-37,9],[-18,22],[-11,8],[-11,-5],[-5,11],[-9,6],[-12,-18],[-63,50],[40,-52],[-161,-60],[7,-45],[-26,-58],[5,-9],[37,6],[-38,-6],[-14,14],[-27,115],[-34,22],[-49,-27],[13,-65],[-102,-59],[-45,23],[-13,39],[-56,71],[-39,26],[-99,33],[136,-57],[57,-74],[7,-39],[62,-32],[98,69],[77,-122],[8,41],[3,-36],[75,9],[111,95]],[[90395,37091],[2,-11]],[[90397,37080],[-2,-1]],[[90395,37079],[2,1]],[[90397,37080],[-2,11]],[[90395,37091],[1,54],[34,35],[32,-17],[7,36],[54,-19],[53,-64],[69,-10],[31,-58],[58,-64],[-24,-40],[28,31],[31,-16],[-248,-283],[-115,-362],[-75,-1005],[5,-245],[-145,-409],[-213,-1065],[-36,-73],[-118,-92],[-653,-333],[-220,-172],[221,211],[249,107],[199,148]],[[89620,33386],[29,27]],[[89649,33413],[152,101],[43,79],[30,7],[40,-15],[46,12],[0,-19],[-55,-20],[53,-3],[12,26],[-9,18],[-18,-3],[7,12],[-60,-6],[53,27],[-94,-29],[-28,-22],[-22,-58],[-146,-92],[-16,20],[14,-20],[-32,-13],[-9,154],[126,7],[121,122],[19,76],[-19,102],[113,89],[64,97]],[[90034,34062],[91,326],[-51,29],[-36,-27]],[[90038,34390],[-80,-13]],[[89958,34377],[-78,76],[79,75],[-38,76],[-80,36],[-99,-26],[-18,37],[37,19],[-51,65],[8,-23],[-184,-16]],[[89534,34696],[-26,15],[5,-24]],[[89509,34690],[-10,-38],[-40,24],[22,-25],[-66,-58],[-13,24],[10,-22],[-49,-6],[26,1],[-28,-10],[-2,-38],[-10,119]],[[89349,34661],[-15,36],[-127,15],[78,-28],[-39,9],[5,-20]],[[89251,34673],[23,-6],[-20,-33],[37,-23],[-4,-72],[44,-23],[2,24],[13,-42],[34,-9],[83,8]],[[89463,34497],[0,74],[28,12]],[[89491,34583],[117,10],[22,-56],[92,-51],[24,47],[25,-23],[77,65],[13,-146],[46,-64]],[[89907,34365],[75,-37],[111,28],[-55,-119],[-6,24],[5,-62],[-64,-172],[-138,-120],[-1,-174],[-119,-124],[-125,-22],[-20,-46],[16,-98],[-114,11],[-109,-171],[-74,11]],[[89289,33294],[5,4]],[[89294,33298],[-1,2]],[[89293,33300],[1,-2]],[[89294,33298],[-5,-4]],[[89289,33294],[-82,14],[-30,31],[29,-33],[-25,9],[-10,38]],[[89171,33353],[9,62]],[[89180,33415],[65,107],[-46,223],[-54,24],[53,-43],[-67,-10],[16,68],[-9,-19],[-4,28],[-29,-7],[33,29],[-9,99]],[[89129,33914],[4,23]],[[89133,33937],[-6,1]],[[89127,33938],[6,-1]],[[89133,33937],[-4,-23]],[[89129,33914],[-9,-13]],[[89120,33901],[-8,3]],[[89112,33904],[8,-3]],[[89120,33901],[12,-26],[-32,-44],[27,-19],[-23,-8]],[[89104,33804],[-7,-39],[32,-14],[-21,-39],[62,-21]],[[89170,33691],[6,0]],[[89176,33691],[17,4],[32,-155],[-32,-69],[-4,18]],[[89189,33489],[-28,-32],[27,30],[-28,-63],[3,-103]],[[89163,33321],[54,-32]],[[89217,33289],[48,-3],[-28,-3],[-24,-93],[-141,-71]],[[89072,33119],[19,-5],[-27,-12],[-27,-40],[-22,-11],[16,-8]],[[89031,33043],[-115,-98],[-15,-31]],[[88901,32914],[-19,-17],[-1,-24],[-58,14],[6,-13]],[[88829,32874],[11,3],[7,-9],[10,9],[17,-7],[20,3],[-8,15],[18,20],[4,-17],[22,57],[-65,-221],[-88,-94],[-129,-326],[-144,-160],[-185,-131],[-10,148],[20,-34],[7,67],[-21,-11]],[[88315,32186],[-10,-18],[-30,42],[58,0],[-44,13]],[[88289,32223],[-16,12]],[[88273,32235],[16,-12]],[[88289,32223],[-158,81],[10,5],[-26,33],[17,-29],[-18,5]],[[88114,32318],[-48,42]],[[88066,32360],[11,166],[-98,112]],[[87979,32638],[-95,66],[75,106],[-8,96],[-96,113],[33,70],[-8,98],[-128,71],[-2,62],[-31,42],[-7,-23],[-50,95],[1,98],[59,32],[15,57],[39,20],[-2,59],[43,15],[13,14],[-22,10],[21,14],[46,1],[-51,2],[-38,-18],[36,18],[102,13],[2,24]],[[87926,33793],[36,73],[-8,33],[21,11],[-21,7],[-4,-18],[11,-30],[-44,-89],[-74,-17],[-22,21],[-55,-40],[-72,-133],[21,-27],[-24,24],[17,-21],[-28,0],[31,-12],[-53,9],[-11,-94],[-48,-54],[15,-42],[-166,-2],[0,-30],[141,24],[58,-18],[62,-127],[-50,-35],[65,-46],[-17,68],[22,-88],[59,-33],[-17,-56],[20,-101],[68,-54],[-17,12],[16,-20],[-7,6],[-1,-6],[8,-29],[6,-9],[-7,-16],[9,-9],[-3,-17],[6,9],[-6,-12],[23,-11],[-30,2],[5,12],[-7,6],[11,9],[-9,11],[6,16],[-8,15],[-8,34],[-18,9],[8,-68],[-34,-33],[6,-8],[0,-5],[2,-1],[16,1],[2,-3],[-11,-3],[10,-4]],[[87827,32784],[-14,-38]],[[87813,32746],[-19,-6],[33,-30]],[[87827,32710],[-2,33],[18,57],[-9,-30],[11,0],[6,24],[13,-21]],[[87864,32773],[-12,-15]],[[87852,32758],[-8,5]],[[87844,32763],[-14,-67],[35,-61]],[[87865,32635],[-31,-5],[-11,-42],[71,27],[96,-60],[27,-62],[-1,-52],[-12,-31],[-8,10],[5,-12],[-14,0],[-2,14],[18,6],[-2,31],[11,0],[-22,5],[8,-29],[-17,-7],[1,31],[-9,-34],[9,0],[5,-20],[18,0],[0,-9],[7,15],[16,-96],[156,-102],[31,-31],[-35,-18],[42,-40]],[[88222,32124],[-14,47]],[[88208,32171],[60,-107],[-30,11],[-16,49]],[[88222,32124],[9,-63],[68,-1],[-29,-165],[-70,-62],[-93,-152],[-221,-112],[-223,-370],[1,163],[-21,-7],[-38,119],[27,12]],[[87632,31486],[-291,222],[-14,225],[57,4],[-32,56],[-24,-51],[20,128],[-27,45],[-102,28],[70,-19],[-74,49],[1,-27],[-35,10],[-11,38],[-45,21],[5,50],[-29,-55],[14,-43],[-236,149],[-128,2],[-45,75],[-111,59],[-86,-3],[-80,95]],[[89077,39339],[72,-50],[20,5],[50,-18],[-9,-26],[25,6],[-5,-15],[18,-17],[17,-4],[3,-11],[46,-12],[9,-10],[58,24],[63,-24],[22,84],[44,15],[39,-19],[-21,-6],[0,-29],[20,-9],[-19,17],[21,25],[52,-69],[21,-11],[19,18],[29,-25],[10,-33],[96,-25],[31,62],[-9,55],[39,-16],[-39,23],[36,47],[6,66]],[[89843,39362],[11,18],[54,10],[14,20],[56,2],[46,25],[142,-102],[25,-76],[89,-48],[158,-8],[13,58],[57,24],[34,54],[64,-59],[44,5],[44,99],[62,19],[8,28],[-5,61],[44,34],[8,41],[38,36],[-2,-226],[65,-21],[18,-39],[-11,49],[128,-36]],[[91047,39330],[20,0],[-9,39],[39,5],[14,53],[-95,-55],[-33,31],[-44,-23]],[[90939,39380],[-85,38],[14,274],[-24,21],[-41,20],[-19,83],[-54,15],[-78,-48],[-44,9],[-76,106],[19,70],[27,3],[-18,16],[-9,-16],[-17,34],[-127,72],[-20,82]],[[55143,56830],[1,-58],[-40,-23],[62,-51],[-29,-20],[30,-50],[68,-30],[49,-78],[-47,-215],[-77,-48],[22,-36],[-17,-128],[36,-124],[-14,-35],[115,-48],[44,-121],[-20,-107],[-35,44],[-39,-43],[-61,9],[282,-120],[29,-186]],[[55502,55362],[-67,59],[-69,-36],[2,-74],[23,-8],[-31,-53],[-273,80],[-126,106],[-328,57],[-66,-172],[-31,-42],[-26,8]],[[54510,55287],[-491,154],[-29,-71],[-47,25],[-2,-98],[-105,-56],[-11,-37],[-42,-2],[-24,73],[-77,84],[-146,83],[21,110],[-86,20],[72,87],[11,35],[-32,59],[33,24],[-78,54],[24,82],[-111,110],[7,54],[-163,118],[-88,-7],[-104,42],[-84,-26],[14,65]],[[56086,56583],[88,-119],[95,9],[48,-122],[-88,-31],[-32,-74],[-95,-3],[-1,-42],[-57,35],[-12,-83],[-39,10],[0,-39],[77,-72],[40,15],[32,80],[55,-5],[140,-205],[-20,-47],[20,-12],[-42,-69],[102,-61],[-46,-30],[38,-53],[28,-155],[-27,-68]],[[56390,55442],[-127,86],[-63,-21],[-85,-92],[39,-187],[154,68],[-20,-67],[-26,15],[-15,-22],[-31,-97]],[[56216,55125],[-128,-6],[-169,-83],[-32,52],[-69,25],[-5,73],[-67,80],[-123,1],[-121,95]],[[56390,55442],[163,76],[102,-86],[23,-86],[163,-52]],[[56841,55294],[139,-21],[-3,-56],[50,-57],[49,29],[39,-62],[-49,-74],[-115,-12],[-46,-98],[28,-47],[40,6],[-15,-11],[95,-62],[-10,-83]],[[57043,54746],[-59,-90],[14,-101],[57,-79],[50,6],[46,-36],[33,-81],[-51,-65],[33,-39],[-11,-41],[-73,-45]],[[57082,54175],[-24,-47],[-41,27],[-13,-63],[-48,-22],[-34,-226],[-103,56],[12,-23],[-38,-1],[-15,-112],[-53,-10],[-65,-121],[-60,-2],[-19,-120],[26,-59],[-61,-29],[-28,-59],[-135,-6],[-77,-71],[26,-86],[-21,-39],[32,-2],[10,-193],[40,-71],[-34,-160]],[[55715,52703],[136,52],[113,232],[-125,122],[-3,119],[-173,293],[195,-48],[11,53],[67,52],[97,2],[37,106],[-88,37],[-48,106],[-95,21],[-3,44],[52,-3],[-9,41],[48,37],[-28,47],[61,71],[129,24],[156,139],[0,42],[-37,-4],[-90,110],[25,45]],[[56143,54443],[23,61],[153,150],[-72,103],[-17,85],[35,72],[38,-23],[12,62],[-40,23],[45,63],[-44,62],[-60,24]],[[58393,56618],[17,-65],[102,-112],[156,-276],[280,-231],[32,-149],[205,-162],[57,11],[29,-199]],[[58798,55003],[-207,104],[-88,82],[-107,-46],[-85,35],[6,51],[-76,70],[-82,15],[-21,-21],[-145,36],[-21,-32],[36,-37],[-8,-68],[-344,-26],[-59,-134],[-173,-91],[-9,-66],[-94,-46],[-42,-96],[-42,-12],[-53,41],[-63,-16],[-32,25],[-46,-25]],[[56841,55294],[146,258],[-23,181],[74,77],[111,58],[-13,179],[-37,50],[175,12],[96,51],[65,92],[50,4],[19,104],[113,-55],[62,20],[59,-45],[124,9],[22,-40],[65,2],[43,32],[-16,42],[185,83],[80,321]],[[58241,56729],[33,-126],[119,15]],[[57190,57605],[35,-64],[23,73],[49,43],[56,-61],[21,-103],[64,-54],[185,21],[36,-36],[57,12],[29,107],[87,-9],[101,80],[93,13],[20,-53],[-40,-34],[-8,-74],[19,-55],[133,-107],[12,-71],[-42,-101],[-10,-126],[42,-65],[60,-31],[-7,-105],[36,-76]],[[56143,54443],[-140,-118],[-376,234],[-335,-131],[-314,-214],[-85,-132],[-104,-289],[-265,-207]],[[54170,54256],[485,71],[-35,258],[25,94],[-25,61],[61,85],[-13,45],[25,12],[-1,44],[87,32],[-16,34],[31,20],[-7,27],[37,-3],[7,44],[-111,101],[-237,69],[27,37]],[[57082,54175],[86,-126],[52,-30],[10,-95],[53,15],[10,-29],[49,32],[54,-26],[1,50],[29,-33],[-8,-38],[48,35],[-11,30],[116,-122],[54,15],[-9,50],[78,6],[44,-48],[-19,-65],[28,-45],[72,-13],[167,88],[146,-69],[113,40]],[[53405,54042],[-58,44],[2,66],[-49,42],[-73,9],[-20,65],[-87,-1],[-55,40],[8,101],[58,6],[-35,64],[-2,26],[26,-10],[-36,32],[10,44],[-294,-12],[-76,93],[-22,91],[-55,4],[-30,105],[-100,-14],[-51,32],[-136,16],[-16,40],[-49,15],[-32,135],[-48,-58],[-34,16],[-38,-22],[-59,155]],[[51222,54632],[72,-110],[-17,-166],[126,4],[-23,-172],[105,-190],[-15,-39],[-69,9],[-3,-38],[72,-41],[-8,-33],[32,2],[6,-44],[151,-65],[-56,-112],[38,-45],[-66,-20],[14,-119],[-23,-89],[179,-16],[186,30]],[[51276,52561],[-190,-10],[-115,244],[10,132],[-34,99],[104,50],[197,-21],[-102,124],[11,72],[-44,94],[-166,-74],[-125,65],[-20,36],[-24,-11],[-55,106],[-77,-17],[-17,74],[73,77],[113,-68],[47,89],[-37,104],[34,43],[-63,128],[48,193],[-284,300],[-50,15],[9,-75],[-83,-3],[-73,151]],[[50363,54478],[51,65],[-24,42],[64,23],[62,126],[50,-4],[28,75],[-12,71],[86,36]],[[51208,52315],[-87,-71],[-163,8],[-204,101],[-235,174],[-154,175],[-451,315],[-112,151],[-135,334],[-62,424]],[[49605,53926],[299,73],[-13,31],[42,105],[-20,159],[57,75],[71,-1],[26,80],[80,-14],[216,44]],[[50124,57737],[-24,6],[20,2]],[[50118,57748],[-51,14],[-10,-25],[-46,59],[60,15],[18,-34],[-3,27]],[[50084,57808],[-30,18],[23,-6]],[[50074,57823],[-25,20],[19,-8]],[[50015,57748],[1,-38],[5,39],[25,-13],[-12,-35],[23,23],[-29,-65],[51,90],[27,-16],[-13,-39]],[[50093,57694],[-8,0]],[[50093,57694],[11,31],[7,-57],[-40,-24]],[[50071,57644],[28,-62],[68,-29],[-78,52],[40,87],[-18,36],[27,-21],[-19,27],[6,3]],[[49605,53926],[-73,169],[-213,239],[32,43],[-160,332],[-68,229],[-14,159],[19,36],[-26,60],[26,21],[9,79],[-19,36],[6,-113],[-44,-2],[2,-59],[-161,92],[-129,157],[-27,261],[77,305],[324,713],[110,138],[139,252],[111,109],[107,159],[19,108],[-67,-72],[-39,87],[13,94],[104,-32],[22,15],[-20,12],[40,0],[84,88],[25,-44],[17,12],[-22,2],[5,52],[-28,0],[1,31],[47,18],[46,-55],[-39,56],[41,9],[-19,2],[35,105],[90,17],[4,-47],[-20,-1],[22,-23],[-61,-18],[59,12],[23,-21]],[[48654,51727],[3,4]],[[48600,51676],[-23,16],[0,8],[8,-5],[6,9]],[[48591,51704],[16,-3]],[[48607,51701],[6,9],[-27,-3],[-7,-7],[10,16],[39,-1],[-35,15],[49,-15]],[[48643,51716],[-21,32],[31,-21]],[[48660,51733],[-24,32],[43,-12]],[[47879,52922],[7,-26],[-24,34],[17,-8]],[[48723,51793],[-1,0]],[[48722,51793],[15,21]],[[48737,51814],[-15,-21]],[[48722,51793],[-1,-1]],[[48687,51760],[8,30]],[[48695,51790],[16,20],[-28,-17]],[[48683,51793],[-33,5]],[[48650,51798],[-57,-20],[74,51],[-25,16]],[[48642,51845],[-6,-32],[-37,-2]],[[48599,51811],[-9,-27],[-3,23]],[[48587,51807],[-10,-38]],[[48577,51769],[-38,-15],[-13,45],[-57,2],[-2,59],[16,-8],[-38,77],[47,8],[0,-46],[17,65],[18,-28],[-19,-29]],[[48508,51899],[23,18],[-35,-56],[17,-28],[8,37]],[[48521,51870],[15,24],[8,-57]],[[48544,51837],[49,3],[-29,0],[-16,17],[-14,90],[34,-98]],[[48568,51849],[-17,82],[8,-12]],[[48559,51919],[10,-7]],[[48569,51912],[11,-30]],[[48580,51882],[37,-15]],[[48617,51867],[-25,17],[73,4],[5,21],[54,-40]],[[48724,51869],[-29,24],[18,7],[-28,-1],[44,20],[-37,7]],[[48692,51926],[-27,-12],[33,27],[-30,-1],[-18,-41],[-45,-2],[20,20],[-20,-17],[-26,20],[32,14]],[[48611,51934],[-35,-8],[52,18],[-60,-12],[-13,38],[51,-2]],[[48606,51968],[-51,6],[83,9],[-9,17],[64,-26],[-64,40],[11,37]],[[48640,52051],[-10,-22],[-60,13],[44,15]],[[48614,52057],[-42,-9],[64,34],[-90,-28],[58,46],[-66,-47],[-15,30]],[[48523,52083],[49,27],[-44,-12],[15,15]],[[48543,52113],[-53,-38],[32,40],[-32,-23],[30,29],[-23,-8],[23,32],[-40,86],[12,48],[103,-77],[2,-44],[3,37],[12,-41],[-6,38],[36,-21],[128,-182],[-103,162],[-287,317],[-126,99],[-127,197],[-82,45],[-141,188],[-4,121],[220,224],[310,187],[366,142],[241,209],[282,113],[80,-89],[-20,-10],[16,-80],[140,-293],[5,-102],[44,-93],[-19,-12],[25,-3],[22,-55],[11,-174],[66,-103],[-28,-15],[23,2],[-14,-15],[120,-190],[34,15],[52,-73],[233,-490],[200,-251]],[[64203,56112],[61,-164],[132,-215],[200,-51],[58,-51],[78,-115],[14,-92],[-60,-29],[53,-55],[22,12],[11,-35],[71,-3],[1,-35],[-49,12],[-42,-31],[85,-94],[-42,-62],[-44,-29],[-20,19],[-209,-31]],[[64523,55063],[-120,-22],[-38,36],[-262,-26],[-77,33],[-90,-10],[-151,-139],[-108,-30],[-32,-62],[12,-35],[-50,-37],[12,-29],[-80,-44],[-33,-56],[-113,79],[-100,-94],[16,-113],[-56,-57],[14,-27]],[[63267,54430],[-70,89],[-128,33],[-86,92],[-63,4],[-5,-89],[-112,-208],[-60,-44],[-30,-98],[44,-87],[-45,-32],[-71,-154],[-57,-12],[-40,39],[-77,15],[-44,64],[33,57],[-45,44],[10,41],[98,10],[11,83],[-80,145],[40,21],[-54,88],[-68,27],[-17,50],[-57,36],[-93,3],[-265,101],[-25,-18],[-45,23],[-3,-40],[-167,27],[-310,126],[-173,-24],[-108,60],[-87,-27],[-80,-136],[-105,-21],[-57,-208],[-41,33],[-200,25],[-156,58],[-156,-58]],[[60040,55174],[157,239],[61,-46],[77,25],[148,-25],[265,108],[152,168],[-18,35],[28,81],[168,5],[45,-97],[259,-9],[67,7],[-17,58],[26,32],[112,39],[286,12],[52,136],[22,-8],[97,83],[-36,5],[20,36],[-38,50],[5,72],[121,86],[25,106],[-53,95],[41,6]],[[62112,56473],[27,-24],[101,45],[51,-29],[50,14],[116,-67],[96,-141],[49,-11],[21,59],[85,41],[51,-41],[102,42],[42,-36],[13,87],[31,-6],[-5,-87],[62,0],[19,-29],[79,95],[162,95],[70,76],[84,-91],[45,33],[36,-58],[119,-26],[133,-69],[206,117],[114,-71],[67,-96],[20,-181],[22,-35],[23,33]],[[66250,53456],[-18,55],[-135,-34],[-23,34],[-87,21],[18,86],[69,98],[-87,27],[-129,-29],[-83,163],[-139,-21],[0,23],[-82,27],[-19,-83],[-85,1],[-84,50],[-190,-33],[-19,26],[24,101],[-127,4],[1,109],[-56,103],[54,-14],[-59,74],[-4,69],[82,192],[-38,63],[-137,73],[-97,-112],[-6,18],[-149,-60],[22,75],[-48,43],[72,36],[5,59],[31,19],[-184,104],[-30,77],[10,163]],[[64203,56112],[21,11],[116,-70],[97,5],[126,-65],[172,80],[87,72],[14,68],[75,-7],[90,37],[-1,44],[46,33],[-39,15],[14,16],[-18,-12],[1,24],[92,12],[-44,96],[64,17],[-29,124],[179,13],[-43,58]],[[67349,57286],[-4,-155],[60,-198],[24,-216],[-43,-95],[-78,-74],[-295,-120],[-35,-37],[-162,-1],[-176,-106],[-35,18],[-102,-16],[-34,-40],[-1,-21],[72,-110],[13,-190],[-11,-57],[-76,-53],[-13,-151],[24,68],[-9,81],[77,55],[13,81],[-16,166],[-73,121],[33,44],[142,0],[172,107],[159,0],[332,155],[82,79],[37,72],[5,39],[-22,206],[-58,188],[7,128]],[[64414,52272],[-11,188],[-54,168],[-50,16],[-22,76],[-103,121],[-80,1],[-46,91],[-119,128],[-99,33],[25,62],[107,81],[-27,61],[16,36],[-39,27],[-2,62],[-76,122],[11,82],[-36,21],[99,15],[17,48],[-149,9],[-98,-68],[-85,145],[-195,215],[-44,218],[-87,200]],[[61660,78469],[-16,-19],[66,-232],[-53,-36],[-2,-64],[108,-3],[29,-36],[56,35],[211,-36],[45,-198],[-59,-30],[-44,-94],[-10,-117],[108,-19],[77,19],[19,-68],[40,22],[5,-43],[119,24],[-40,-199],[58,16],[36,-56],[39,44],[18,-54],[48,13],[3,-99],[56,36],[24,-23]],[[62601,77252],[-35,-84],[-23,-213],[-145,-68],[-116,77],[-119,15],[-106,154],[39,-86],[-74,6],[-239,-149],[-88,-15],[-440,87],[-227,130],[-25,-8],[88,-40],[-73,-56],[-81,9],[-46,35],[-6,72],[-217,119],[-167,-27]],[[63209,78612],[52,-62],[38,-1],[-30,-89],[27,-132],[90,-161],[116,-104],[-36,-53],[35,-20],[12,-101],[64,-51],[-7,-52],[47,-18],[-5,-24],[105,-31],[-118,30],[-2,-40],[-106,-12],[-26,-64],[-87,-40],[-26,-71],[-18,12],[11,-67],[-39,-25],[29,-7],[-11,-42],[-69,-68],[-134,9],[13,27],[-38,-14],[12,-16],[-77,-12],[-174,4],[-26,61],[-115,57],[115,-60],[20,-58],[-150,-10],[-88,-47],[-15,22],[3,-30]],[[64069,76647],[-91,-9],[-12,-99],[-156,40],[-81,-13],[-125,-71],[-22,-62],[-62,20],[-47,-22],[-9,46],[-143,19],[-104,-31],[2,-28],[-180,-6],[-22,-21],[-45,33],[-198,17]],[[62774,76460],[-60,231],[24,155],[-32,31],[-5,-26],[-98,6],[12,81],[-43,25]],[[62572,76963],[21,191],[64,97],[119,31],[340,0],[-3,-34],[28,-47],[-58,-30],[-39,-59],[37,56],[53,19],[102,-10],[19,-27],[-17,27],[-96,12],[3,13],[-25,47],[0,32],[67,-32],[135,40],[70,116],[-24,-12],[42,167],[133,53],[-7,-30],[53,-44],[154,122],[-116,-92],[29,-95],[62,-81],[84,-40],[8,-39],[43,9],[68,-48],[0,-82],[86,-90],[81,-36],[46,-100],[29,-116],[-33,-63],[7,-46],[-68,-95]],[[62704,75618],[56,72],[58,-1],[48,93],[176,130],[75,119],[47,-1],[25,-66],[29,-8],[22,80],[57,65],[147,57],[30,36],[131,34],[81,-52],[108,56],[29,-77],[40,-27],[135,-1],[49,60],[39,-18],[-21,53],[22,18],[21,-47],[18,-2],[19,14],[22,65],[-10,-51],[-15,-19],[-24,-15],[-3,-7],[71,-107],[-42,-6],[28,-6],[-82,-104],[31,-216],[35,-59],[-17,-60],[71,-171],[-5,-63]],[[64069,76647],[-31,-107],[4,-128],[33,-85],[41,2],[-43,-3],[6,-62],[24,0],[-51,-20],[-14,36],[-31,-122],[-140,-18],[-78,112],[-89,-56],[-70,48],[-120,9],[-214,-137],[-68,-82],[-18,-73],[-44,77],[-60,-2],[-68,-116],[-177,-131],[-46,-94],[-44,8],[-59,-40],[-14,-43]],[[62350,75710],[30,42],[-23,24],[4,246],[-40,37],[50,62],[-104,232],[107,81],[30,-34],[55,43],[162,38],[101,-35],[52,14]],[[60644,39961],[-132,18],[-223,-81],[-4,-34],[-45,-25],[18,-34],[366,-48],[-70,-187],[41,-57],[-1,-120],[30,-52],[-26,-71],[-44,-17],[77,-148],[-41,-66],[-171,-26],[-108,42],[-79,80],[-50,-63],[-1,-65],[-88,-181],[-10,-81],[-71,-47],[-81,-180],[-79,-104],[-125,-32],[-78,40],[-19,-95]],[[58327,38749],[-4,160],[52,183],[-15,102]],[[58360,39194],[136,14],[181,65],[101,90],[-29,52],[46,80],[114,16],[10,59],[58,66],[-23,26],[12,38],[55,41],[-153,48],[-66,50],[8,75],[21,-3],[-22,94],[37,62],[-37,120],[17,52],[78,-25],[43,61],[150,-38],[0,174],[-33,45],[132,22]],[[59196,40478],[56,70],[105,47],[72,113],[116,107],[52,231]],[[61984,38094],[-18,17],[28,38],[-39,134],[27,42],[-40,41],[22,7],[-11,123],[21,3],[-78,93],[40,47],[-70,39],[27,62],[43,-17],[3,29],[-31,11],[1,66],[34,32],[80,-26],[13,23],[21,83],[-24,158]],[[57826,40518],[14,-142],[-31,-97],[-30,20],[19,-41],[-22,-130],[72,-34],[63,-112],[61,-32],[-44,-69],[-3,-118],[-44,-25],[-19,-58],[2,-54],[47,-54],[-38,-17],[-41,-131],[-43,7],[-48,-48],[-94,-17],[-25,-78],[70,-8],[79,-72],[36,18],[35,-54],[115,19],[70,27],[83,148],[36,2],[131,104],[73,-157],[10,-121]],[[57302,40581],[45,-4],[7,66],[54,-21],[61,-144],[21,11],[35,-62],[27,29],[69,3],[63,44],[10,39],[61,16],[19,68],[52,-108]],[[57826,40518],[31,4],[12,-42],[50,23],[16,-31],[95,55],[-2,33]],[[58028,40560],[22,-15],[69,36],[27,56],[107,68],[-14,35],[89,67],[44,-19],[7,19],[193,-92],[120,-111],[8,51],[66,8],[2,46],[24,9],[107,-25],[7,-71],[78,60],[73,-12],[7,-93],[72,-26],[60,-73]],[[58028,40560],[-97,83],[58,42],[-22,49],[38,30],[32,89],[-63,25],[4,56],[-186,130],[61,125],[20,-19],[22,19],[-4,50],[76,5],[29,42],[58,229],[-41,20],[17,48]],[[60875,61045],[-43,-214],[130,-56],[-83,-62],[12,-38],[-84,20],[-66,-32],[-122,-3],[-97,83],[-54,-18],[-53,33],[25,41],[-95,45],[-66,-34],[-48,-130],[50,-83],[90,0],[51,-29],[4,-101],[79,-71],[44,-3],[29,-48],[65,56],[81,-29],[-18,-33],[159,36],[84,-25],[31,31],[44,-41],[16,13],[29,-61],[27,3],[0,-41],[61,-4],[18,-68],[-93,-161],[0,-148],[-26,-59],[14,-82],[-29,-197],[15,-91],[47,-27],[-86,-162],[34,-54],[-42,-74],[261,50],[71,-97],[277,3],[21,-28],[-6,-74],[-95,-97],[-98,-3],[-164,-155]],[[61276,58726],[-205,125],[-37,-35],[-46,0],[-99,-95],[-72,-140],[-120,-3],[14,-184],[-132,1],[-81,-125]],[[60498,58270],[-32,-29],[-51,79],[-3,124],[-142,141],[23,32],[-11,57],[-57,28],[-9,66],[-64,77],[-162,-11],[-56,-66],[-24,6],[-29,-62],[-109,-44],[-25,-66],[-1,38],[-53,25],[-29,-18],[-39,61],[-29,-6],[29,72],[-36,285],[-362,46],[-109,89],[-177,-11],[-110,-38],[-186,32],[-53,148],[-201,164],[-193,31],[-46,83],[-214,166]],[[60498,58270],[145,-6],[-16,-78],[92,-37],[8,-40],[25,19],[47,-56],[-26,-15],[26,-46],[-33,-70],[23,-33],[-22,-42],[55,-71],[-20,-77],[29,-77],[44,-27],[-37,-37],[-81,102],[-9,64],[-53,47],[-107,-27],[-17,-47],[-160,-90],[-283,-91],[-119,-110],[-86,-20],[-60,44],[-99,9],[88,-96],[-37,-25],[-29,19],[-204,-111],[-162,-149],[-17,-47],[-93,-6],[-255,50],[-63,-113],[-192,-122],[-84,-105],[-60,-40],[-124,12],[-95,-23],[3,-44],[-47,-40]],[[61276,58726],[50,-67],[154,-99],[180,33],[53,-285],[79,-116],[-4,-40],[157,41],[137,-48],[55,-27],[45,-97],[66,-51]],[[62248,57970],[-240,-100],[-36,-115],[89,-9],[4,-34],[-61,-85],[-30,5],[-24,-70],[-90,-27],[10,-57],[53,-21],[12,-50],[33,1],[103,-95],[3,-36],[-299,-104],[50,-110],[-35,-124],[33,15],[64,-96],[-31,-14],[47,-57],[-30,-52],[55,-75],[137,-74],[47,-113]],[[64614,58502],[-54,-39],[-48,29],[-84,-94],[-47,28],[-102,-4],[-144,-73],[-173,-31],[-161,-86],[-40,-66],[-116,56],[-60,-15],[-34,22],[-48,-33],[-130,103],[-397,-6],[-9,-71],[-56,-12],[-77,40],[22,13],[-36,18],[4,31],[-43,9],[-207,-221],[-115,-74],[-108,-168],[-103,112]],[[60368,77254],[109,-58],[227,10],[160,-93],[14,-80],[70,-43],[80,-9],[35,54],[38,8],[190,-102],[-61,-67],[16,-35],[-60,-17],[-41,-45],[-25,-60],[25,57],[40,42],[70,26],[-20,29],[88,76],[342,-93],[-8,-26],[12,-10],[17,0],[-2,-27],[4,-8],[14,-3],[-21,-2],[-3,-13],[70,-62],[-68,62],[1,10],[20,-4],[2,10],[-14,5],[-4,9],[5,21],[-4,5],[-13,-2],[-10,6],[-1,17],[159,54],[189,133],[88,-3],[68,-76],[106,-4],[140,-89],[140,50],[20,56]],[[75147,24803],[-5,1]],[[75142,24804],[5,-1]],[[75314,24981],[59,18]],[[75373,24999],[-8,-39],[58,-132],[-45,-1],[-14,-35]],[[75364,24792],[-138,42],[-143,3]],[[75083,24837],[-1,68]],[[75082,24905],[-20,45],[75,5]],[[75137,24955],[67,32],[8,39],[93,-68],[9,23]],[[76708,25118],[-47,103],[4,123]],[[76665,25344],[7,-3]],[[76672,25341],[-1,-81],[58,-136],[-21,-6]],[[77459,24860],[-282,110],[-157,-81],[-86,10],[-30,32],[1,47],[-26,37],[-5,62],[-56,-10],[-83,57],[-61,139],[2,77]],[[76676,25340],[73,0],[128,83],[8,-56],[162,103],[25,39],[-13,30],[50,2],[1,86],[90,51],[20,80],[-21,68],[39,56],[-51,24],[-12,77],[40,12],[-12,37],[163,136]],[[77366,26168],[-5,-33],[31,-20],[-1,-176],[-31,-45],[-4,-77],[23,-91],[-26,-13],[40,-11],[94,-98],[101,53],[104,6],[-22,-65],[66,-128],[-227,-388],[-50,-222]],[[74463,27220],[-35,-89],[275,-110],[42,-101],[-15,-53],[198,-196],[-56,-159],[-80,-95],[51,-80]],[[74843,26337],[-41,-21],[12,-77],[-22,-54],[-59,-39],[-44,119],[-49,-119],[28,-83],[-14,-61],[28,-27],[-76,-45],[-48,-163]],[[74558,25767],[-29,-47],[-32,18],[-101,-80],[-13,-53],[-50,-15],[-23,-68],[-57,-13],[-37,22],[-30,-24]],[[74186,25507],[-175,254],[-111,3],[-23,-56],[-34,45],[-16,154],[54,39],[-167,243]],[[73714,26189],[-329,477],[1,65]],[[77840,24357],[-9,-3]],[[77831,24354],[-8,-6]],[[77823,24348],[0,8]],[[77823,24356],[10,20],[7,-19]],[[77823,24356],[0,-8]],[[77823,24348],[8,6]],[[77840,24357],[2,25],[83,31],[52,-34],[-83,-145],[24,-37],[-7,-89],[-113,-74],[50,7]],[[77372,23292],[-181,100],[-133,-32],[-49,18],[-110,91],[-104,147],[-69,32]],[[76726,23648],[-3,59],[83,92],[-13,21],[39,-1],[-15,199],[-62,42],[37,8],[-5,102],[140,135],[33,-15],[54,24],[34,-46],[57,88],[50,-32],[-35,522]],[[77120,24846],[77,28],[181,-111],[132,-21],[62,-102],[8,-135],[45,-84],[113,-64],[71,11],[-10,-20],[28,26],[-4,-18]],[[74186,25507],[193,-285]],[[74379,25222],[-44,-131],[-57,80],[-108,-23],[-6,-53]],[[74164,25095],[-109,37]],[[74055,25132],[-53,34],[-105,2]],[[73897,25168],[-100,41],[-96,-85],[-104,-23],[-79,52],[92,22],[10,29],[-41,53],[-178,-100],[-42,17],[25,102],[-34,50],[13,32],[-94,95],[-157,75]],[[73112,25528],[65,89],[-14,70],[68,39],[-40,134],[193,129],[195,-30],[-15,81],[-55,45],[205,104]],[[76083,22095],[9,47],[-76,308],[-160,192],[-29,212],[-26,-31],[-62,-5],[3,172],[-149,98],[27,47],[-22,51],[-67,-34],[-71,71],[-37,71],[1,63],[-71,50],[19,59]],[[75372,23466],[3,10]],[[75375,23476],[38,85]],[[75413,23561],[243,-58],[142,49],[80,-70],[-10,-65],[104,-46],[33,36],[14,-21],[38,19],[21,41],[16,-18],[93,133],[100,42],[94,-100],[26,35],[-12,130],[-58,-18],[-22,65],[-29,-11],[-5,38],[35,9],[6,44]],[[76322,23795],[9,39],[82,-50],[193,-261],[120,125]],[[74811,25717],[26,-164],[108,-162],[40,-252],[59,-15],[20,-78],[58,-37],[15,-54]],[[75082,24905],[-152,-28],[-17,55],[-143,120],[-50,188],[-107,-25],[-40,42],[-36,-15],[-3,28],[-39,5],[-91,-80],[-25,27]],[[74558,25767],[94,6],[159,-56]],[[74687,21981],[96,30],[12,36],[-44,44],[45,29],[-30,122],[35,25],[-9,25],[106,33],[37,48],[12,-39],[89,13],[-40,180],[-29,11],[24,10],[9,63],[-28,32],[17,6],[-23,119],[-27,15],[18,14],[-40,100],[13,51],[-48,78]],[[74882,23026],[90,103],[-72,139],[40,83]],[[74940,23351],[133,164],[175,-9],[56,-49],[68,9]],[[73897,25168],[8,-26],[-62,-90],[65,-275],[-5,-33],[-83,-5],[18,-44]],[[73838,24695],[-21,-96],[-108,-17],[-115,135],[-43,-31],[-72,12],[-60,-34],[28,-67],[-74,20],[5,-26],[-58,-37],[-34,58],[-30,-25],[-37,25],[-166,2],[-73,47],[-110,-49],[-77,-81],[-53,92],[-76,-29],[-179,76]],[[72485,24670],[35,59],[83,51],[39,116],[114,154],[-3,60],[-311,79],[-49,38],[-18,57],[212,33],[-30,80],[34,-4],[150,111]],[[72741,25504],[17,-28],[249,99],[105,-47]],[[75955,26881],[-40,-192],[-162,-309],[12,-53],[-66,-59]],[[75699,26268],[-115,50],[-554,-11],[-156,45],[-31,-15]],[[75913,24379],[-52,-11],[-30,27],[15,61]],[[75846,24456],[52,-31],[15,-46]],[[76322,23795],[-70,15],[5,93],[-61,17],[39,25],[-85,120],[-7,95],[37,13],[-6,46],[33,-12],[-12,61],[26,11],[-166,-30],[-115,13],[-10,-71],[-66,112]],[[75864,24303],[67,95],[-25,23],[93,9],[76,60],[9,79],[-40,102],[26,71],[38,-1],[77,-112],[72,-47],[160,23],[154,-21],[162,27],[54,47],[85,152],[248,36]],[[75525,25848],[123,-228],[165,-25],[87,-88],[12,-54]],[[75912,25453],[6,-125]],[[75918,25328],[-110,-15],[-37,36],[-104,-134],[-52,10],[-69,-36],[-32,21],[2,-33],[-36,-32],[-73,-19],[-24,-40],[11,-74],[-21,-13]],[[75314,24981],[2,89],[-92,45],[-14,57],[92,65],[24,141],[66,9],[-27,67],[-97,38],[-11,91],[-61,9],[-51,60]],[[75145,25652],[74,89],[-14,44],[320,63]],[[74055,25132],[1,-139],[79,-174],[30,-6],[-19,-47],[41,-89],[259,-344]],[[74446,24333],[1,0]],[[74446,24333],[12,-4],[28,7],[-61,-167],[-145,-18],[-123,65],[-42,58],[-63,231],[-52,24],[-87,-25]],[[73913,24504],[1,139],[-42,-15],[-34,67]],[[75699,26268],[-79,-134],[-16,-136],[-85,-116],[6,-34]],[[75145,25652],[-133,162],[-102,-29],[-99,-68]],[[72741,25504],[-121,402],[-4,101],[-73,137],[-32,239]],[[77916,24526],[-202,-34],[-81,262],[-119,95],[-55,11]],[[77366,26168],[-6,199],[-82,171]],[[72485,24670],[-24,3],[-64,-263],[10,-130],[41,-60],[-198,-124],[-12,-72],[-56,-2],[-22,-52],[-130,45]],[[73217,24148],[-6,-8]],[[73211,24140],[3,6]],[[73214,24146],[3,2]],[[73913,24504],[-46,-45],[-26,-160],[-48,-52],[-96,29],[-67,146],[-92,70],[-168,-77],[54,-2],[-98,-130]],[[73326,24283],[-23,-13]],[[73303,24270],[-76,-38],[6,-80],[-15,-1],[-4,-5]],[[73214,24146],[-11,-18],[0,-1]],[[73203,24127],[-4,-10]],[[73199,24117],[-6,-33]],[[73193,24084],[0,-3]],[[73193,24081],[-5,-56],[-30,14],[-58,-50],[-28,70],[-74,-37],[-64,25],[-151,-14],[-95,-121],[-35,-1],[84,-104],[45,18],[56,-32],[-97,-72],[15,-20],[-102,-100],[20,-125],[-65,42],[13,-16]],[[74164,25095],[88,-30],[38,-48],[9,-30],[-27,-2],[39,-92],[36,8],[27,-77],[37,4],[74,-187],[124,14],[60,53],[24,-191],[51,-61]],[[74744,24456],[-227,-59],[-31,-55],[-39,-9]],[[73955,23004],[9,-48],[-49,-46],[-6,-45]],[[73269,23070],[80,130],[24,287],[-75,104],[33,60],[33,-30],[47,18],[60,-75],[37,39],[35,-133],[54,26],[84,116],[148,116]],[[73829,23728],[26,-71]],[[73855,23657],[-27,-50],[78,-335],[-18,-143],[50,-56],[17,-69]],[[75105,24801],[27,-97],[-49,-83],[72,-78],[-46,-83],[40,-74],[-37,-9],[72,-51],[-6,-38],[41,-68],[26,32],[26,-94],[-100,-205],[56,-103],[60,-243],[42,-95],[46,-36]],[[74940,23351],[-51,9],[-5,-29],[-123,29],[67,97]],[[74828,23457],[23,27],[-5,142],[27,-3],[-40,99],[35,77],[-68,-3],[-17,63],[29,76],[-48,20],[-31,205],[146,111],[63,132],[10,37],[-19,8]],[[74933,24448],[56,104],[35,210],[81,39]],[[75778,24570],[68,-114]],[[75913,24379],[-49,-76]],[[75413,23561],[9,89],[54,27],[30,56],[-15,54],[29,100],[37,37],[32,-24],[69,18],[39,77],[-39,29],[1,107],[-56,79],[-15,282],[66,42],[37,-9],[16,41],[71,4]],[[74882,23026],[-273,-42],[-83,82],[-120,-121],[-47,38],[-57,-46],[-84,52],[-73,-123],[-137,112],[-8,45],[-45,-19]],[[73855,23657],[175,85],[164,-6],[198,56],[-10,-121],[12,-32],[36,27],[34,-128],[148,-69],[30,-3],[15,40],[135,-72],[36,23]],[[76708,25118],[104,-57],[61,0],[-12,-26],[33,-54],[3,-58],[18,-18],[-58,-7],[-61,-50],[-85,-168],[-119,-30],[-356,18],[-88,109],[1,36],[-28,12],[5,67],[-18,-3],[-22,-49],[16,56],[-11,17],[-50,40],[-23,-24],[-31,47],[19,86],[39,20],[24,19],[4,43],[-30,-59],[-13,-3],[-1,19],[-9,-28],[-27,12],[1,-64]],[[75994,25021],[-7,70],[-74,56],[-37,86],[42,95]],[[75912,25453],[56,15],[19,-41],[105,34],[22,-22],[33,8],[14,48],[30,9],[22,-27],[39,26],[-9,18]],[[76243,25521],[26,10],[18,-42],[183,12],[-38,101],[73,38],[61,-90],[26,-25],[30,14],[27,-39],[16,-156]],[[76676,25340],[-15,154],[-18,37],[-75,61],[74,-61],[15,-31],[15,-159]],[[76243,25521],[-50,50],[-2,93],[38,11],[2,54],[-62,344],[8,97],[73,199],[-44,69],[-66,34],[51,-3],[64,149]],[[73204,23841],[-26,-12],[63,32],[-37,-20]],[[73199,24117],[4,10]],[[74099,24244],[-82,15],[-5,-128],[-174,18],[-25,-32],[-28,-122],[103,-87],[51,-92],[-110,-88]],[[73193,24081],[0,3]],[[73193,24084],[18,56]],[[73217,24148],[17,4],[125,-124],[32,-58],[-44,-70],[-144,-33],[-56,-78],[39,-135],[76,-50],[-74,65],[-28,124],[74,57],[140,49],[28,54],[-47,100],[-104,89],[10,83],[104,71],[101,149],[96,17],[57,-58],[65,-142],[58,-37],[47,3],[63,48],[27,154],[64,68],[70,4],[45,-53],[41,-205]],[[75147,24803],[203,-40],[90,-49],[-23,-32],[23,26],[119,-20],[114,92],[66,1],[40,-42],[-1,-169]],[[75105,24801],[37,3]],[[75994,25021],[-12,-46],[28,-53],[30,21],[47,-35],[8,-15],[-16,-54],[9,-8],[34,53],[-10,-59],[30,-18],[-2,-21],[-92,1],[-61,-93],[47,-136],[-11,-63],[-104,-30],[-65,42],[-36,87],[-6,166]],[[75812,24760],[-26,32],[14,17],[-107,13],[-154,-105],[-49,13]],[[75490,24730],[-126,62]],[[74099,24244],[93,-90],[152,-40],[19,-46],[-13,46],[99,40],[105,223],[200,50],[105,-18],[74,39]],[[75083,24837],[-71,-25],[-25,-46],[-53,-270],[-85,-51],[-105,11]],[[24461,72796],[-241,-223],[-40,-216],[-112,-178]],[[24068,72179],[-23,-36],[-193,231],[-116,61],[-31,-89],[57,-66],[-9,-36],[-195,-106],[-115,134],[-21,79],[-1,-50],[-103,-152],[-222,-261],[21,-257],[-176,18],[-39,-105]],[[22902,71544],[-176,122],[-29,72],[-82,14],[-25,48],[-58,23],[-120,-42],[-111,9],[-79,-70],[-95,3],[-36,18],[7,26],[-31,-29],[-67,30],[-10,-89],[33,-57],[-88,-9],[-55,-72],[-93,-37],[-121,9],[-53,-22],[2,-30],[-43,19],[-29,-31],[-53,16],[-33,-32],[-67,52],[-109,-79],[5,-95],[-67,-39],[-147,24],[-93,128],[-266,-19],[117,-252],[-206,-107]],[[20624,71046],[-168,277],[-899,-348]],[[19557,70975],[166,1216],[-546,549],[-235,430],[88,346],[252,380],[-30,77],[-60,-38],[-91,127],[-22,47],[28,75]],[[19107,74184],[134,52],[134,7],[36,40],[64,-19],[15,49],[69,-80],[47,28],[140,-68],[41,11],[47,-41],[81,-6],[42,55],[142,84],[41,128],[112,64],[52,-24],[29,28],[60,-36],[-17,-21],[102,-103],[24,58],[85,-67],[55,44],[4,50],[121,-100],[70,32],[38,-23],[114,8],[-47,77],[7,45],[165,-81],[91,-14],[35,-66],[65,4],[37,30],[90,-1],[-16,47],[41,-5],[97,72],[5,127],[197,24],[34,59],[163,-31],[85,30],[33,-20],[-33,-36],[36,-27],[97,1],[83,39],[104,-46],[41,-201],[139,23],[123,-37],[-7,37],[-53,33],[113,13],[159,-81],[-10,68],[-36,30],[389,27],[-20,-178],[129,-63],[94,-153],[103,89],[10,50],[88,-74],[-32,-53],[44,-18],[123,100],[71,-106],[77,24],[85,-37],[187,120],[118,-119],[-163,-99],[80,-105],[-91,-61],[17,-65],[77,-26],[37,-53],[-162,-431],[16,-52],[78,-31],[-8,-41],[106,30],[-7,-222],[33,-38],[35,34],[120,-100]],[[23140,67991],[-89,-95],[19,-28],[-49,-79],[-82,-42],[-9,-101],[-159,-166],[-28,-147],[-57,-27],[-75,45],[-174,-22],[-3,-70],[-49,-52],[131,-159],[69,-130],[84,-78],[107,-42],[-18,-70],[27,-89],[-81,9],[-38,-28],[86,-124],[-93,-30],[-22,-89],[59,-20],[210,33],[55,-19],[-66,-215],[9,-40],[-34,-2],[-11,-33],[-97,124],[-76,34],[-77,-22],[-10,-101],[-169,22],[-60,-65],[-7,-49],[-108,52],[-7,34],[-19,-50],[-128,9],[-15,-100],[-44,-51],[-47,-6],[-29,-113],[-73,-95],[-76,169],[-56,-3],[-33,-47],[-17,157],[-70,4],[66,101],[-109,85],[-110,23],[-52,110],[-146,-15],[-111,92],[-110,-89],[-188,113],[-33,98],[-62,-14],[-20,-89],[-55,18],[-20,-18],[-48,35],[-25,-36],[-73,45],[-154,-71],[-161,157],[-42,9],[-16,-32],[-91,-37],[10,-58],[-23,-7],[-46,1],[-6,32],[-93,68],[-162,13],[-147,-83],[-176,-1],[-162,-229],[-40,-3],[-38,46],[-93,-111],[-35,-89],[-38,0],[2,-64],[-42,-71],[-73,3],[-49,-110],[-122,110],[-35,0],[-31,62],[-141,-75],[-81,-80],[-42,53],[-145,-92],[-16,-86],[-100,-76],[-24,83],[-106,-1],[-12,-58],[-95,-39],[11,-92],[-42,-66],[0,-56],[-187,-109],[-3,-72],[-59,-46],[-1,-52]],[[17639,65114],[-44,-3],[-84,78],[-56,125],[-75,-13],[-43,51],[-39,-36],[-43,24],[-37,81],[-30,-19],[-93,18],[-37,-32],[-35,-51],[10,-48],[-70,-64],[0,-78],[-57,6],[-67,51],[-31,-65],[-27,11],[-125,253],[-91,-7],[-22,31],[-61,-25],[-76,107],[-93,45],[-16,56],[-38,8],[5,119],[-72,54],[-67,-26],[-25,234],[-88,136],[12,210],[-50,15],[-53,80],[-15,-30],[-26,16],[-68,-27],[-6,61],[-114,10],[-1,74],[-109,67],[30,45],[-29,45],[25,35],[48,4],[13,-83],[58,-15],[26,23],[-16,101],[82,41],[-15,128],[-56,51],[25,147],[-63,25],[-4,224]],[[15706,67382],[87,-11],[21,42],[69,8],[60,47],[50,178],[-12,60],[51,125],[39,23],[9,-21],[8,63],[58,30],[10,88],[34,14],[-30,6],[4,22],[62,73],[-23,137],[27,24],[-35,15],[40,36],[-25,12],[-8,68],[60,53],[-16,39],[49,53],[30,98],[199,-16],[87,-106],[45,2],[61,55],[35,-30],[79,8],[58,-50],[-12,-47],[22,-18],[159,33],[50,59],[-13,91],[46,40],[-33,68],[15,112],[79,18],[1,62],[-38,56],[8,72],[47,37],[49,-2],[51,75],[51,16],[58,187],[67,22],[87,79],[12,57],[-31,74],[32,48],[-15,79],[96,59],[17,99],[37,14],[36,86],[35,10],[35,-28],[101,71],[55,-9],[19,-55],[90,8],[20,54],[100,68],[-6,92],[327,367],[1014,394]],[[20624,71046],[121,-174],[116,-60],[31,-240],[-31,-50],[33,-44],[-14,-19],[40,-3],[17,-44],[-20,-76],[-28,-12],[11,-83],[168,-169],[-50,-18],[18,-32],[146,-66],[21,-142],[-92,6],[14,-54],[-49,-3],[-43,-127],[138,-63],[0,-110],[30,-23],[-29,-24],[163,-162],[-5,-21],[67,-7],[-1,-44],[70,-66],[-43,-64],[31,-122],[70,20],[22,67],[129,-7],[23,36],[98,42],[130,15],[21,-42],[-58,-62],[16,-46],[96,28],[125,-6],[100,-65],[96,-113],[150,-80],[71,-127],[131,8],[155,-121],[-7,-33],[-90,-27],[6,-174],[85,-21],[37,41],[18,-30],[98,-33],[-60,-53],[23,-32],[27,-24],[155,6],[-14,-65],[33,-41]],[[24068,72179],[509,-216]],[[24577,71963],[14,-83],[-44,-69],[68,-43],[36,9],[-9,-28],[43,-33],[119,-8],[-13,-93],[190,73]],[[24981,71688],[13,-92],[-73,-158],[26,-9],[-58,-60],[25,-68],[-59,9],[-25,-32],[31,-100],[-92,-68],[-62,22],[-123,-85],[-23,-71],[-284,-98],[-123,15],[-28,18],[9,24],[-60,17],[22,-81],[-190,-224],[15,-19],[-32,-76],[-72,53],[-35,-82],[-96,-43],[-27,50],[-118,-120],[-31,-1],[-15,69],[-53,-3],[-55,107],[-42,9],[-41,-33],[-7,73],[-141,81],[-94,-77],[-88,41],[-35,-24],[-55,66],[-107,59],[51,89],[113,47],[-34,53],[32,49],[-38,261],[53,80],[-53,188]],[[19153,81281],[31,0],[30,-60],[24,11],[5,-76],[33,-1],[26,-56],[120,12],[34,-42],[19,33],[15,-24],[59,10],[15,-28]],[[19564,81060],[35,30],[3,-18]],[[19602,81072],[42,0],[31,-68],[135,7],[73,37],[73,102],[60,-6],[51,56],[-10,-26],[23,17],[51,-59],[85,21],[55,-56],[108,9],[44,-65],[117,-75],[95,-9]],[[20635,80957],[67,27],[36,-33],[20,14],[-12,-50]],[[20746,80915],[62,-55],[102,-31],[117,-132],[89,-6],[52,-49],[42,0],[-18,-43],[12,17],[13,-63],[11,-3],[-11,27],[72,1],[90,47],[54,-5],[85,65],[118,-4],[100,36],[166,186],[117,28],[106,-60],[156,-219],[130,-10],[240,-163],[67,-17],[38,30],[-16,-133],[97,-113],[35,-130],[139,-69],[63,-166],[4,-279],[-123,-107],[-22,-65],[1,-56],[33,12],[24,-39],[-5,-299],[-106,-175],[-4,-50],[-60,-53],[8,-43],[-38,-11],[61,6],[-10,-17]],[[22837,78705],[-17,-161],[18,-62],[-22,8],[-60,-92],[38,49],[59,-98],[76,-58],[163,63],[104,-8],[101,38],[209,-44]],[[23506,78340],[-164,-196],[-109,-16],[-54,-102],[-18,-6],[-9,49],[-67,-20],[-72,-154],[-293,-276],[-88,-121],[9,-71],[-200,-178],[-296,64],[-74,86],[-55,196],[-54,0],[-15,71],[-36,10],[18,109],[-84,174],[-132,51],[-39,-125],[-169,52],[-195,-184],[-363,-107],[-100,-83],[-52,-6],[-138,88],[-122,-58],[-52,67],[-28,-9],[3,-47],[51,-57],[-40,-49],[22,-72],[-46,-121],[36,-89],[-19,-35],[-97,115],[-101,20],[-1,-70],[-110,-21],[10,-100],[-142,-10],[-46,68],[-39,19],[-49,-19],[-19,35],[-41,-85],[8,-83],[-32,-4],[-30,-53],[-161,18],[-34,78],[-30,-134],[-64,1],[-51,35],[-72,-28],[72,-139],[116,-100],[37,21],[40,-77],[62,-12],[29,-57],[-51,-47],[-131,-12],[56,-299],[-46,-10],[-206,122],[-116,-32],[-34,42],[-71,-58],[-20,19],[-63,-39],[-44,35],[-84,-49]],[[18907,76265],[-134,242],[-23,90],[-175,169],[-37,-215],[44,-64],[-45,-12],[-39,62],[-78,5],[-20,-89],[-73,16],[-72,-66],[-51,33],[-46,-100],[-23,56],[-110,86],[-65,-13],[-39,36],[-26,-9],[-22,66],[-229,-13],[-9,-92],[-109,-133],[-97,24],[4,-50],[-33,-27],[-72,16],[-98,-55],[-59,37],[-90,197],[-269,-46],[4,-53],[-169,-54],[-166,-121],[14,-42],[-27,-24],[40,-54],[33,-20],[75,26],[26,-47],[-102,-287],[7,-163],[-146,-48],[22,-119],[-87,-80],[-91,-154],[-135,-17],[-141,64],[-149,18],[-56,101],[-258,-70],[-3,-319],[-48,-25],[-58,-96],[-115,-52]],[[15282,74780],[-64,11],[-103,80],[-34,65],[-99,45],[-60,-47],[-104,6],[-61,-42],[-137,73],[-77,-111],[-95,-72],[-73,217],[-207,154],[52,175],[-18,107],[-38,49],[48,39],[-20,53],[71,139],[76,65],[-134,21],[-7,246],[-72,140],[-156,50],[21,78],[-94,3],[-76,59],[-82,12],[36,148],[-68,149],[13,156],[-35,26],[42,173],[68,107],[2,122],[-60,29],[-60,-32],[-116,58],[-166,-62],[-28,92],[12,104],[-42,103],[-12,-17],[-50,62],[-48,169],[-177,222],[80,22],[87,169]],[[13217,78195],[142,-70],[184,7],[125,21],[37,33],[44,-21],[56,33],[52,-16],[129,27],[66,39]],[[14052,78248],[29,47],[-12,54],[34,-48],[-20,8],[0,-38],[32,-9],[27,30],[-34,75],[38,-37],[-29,39],[158,133],[107,136],[5,55],[-91,165],[36,146],[84,94],[120,-9],[43,31],[-17,25],[35,-2],[-27,73],[41,31],[119,317],[106,411],[21,265],[-22,94],[-38,42],[21,3],[-13,48],[128,-28],[262,-237],[271,-103],[516,-56],[243,35],[200,-8],[74,19],[13,39],[34,-71],[387,90],[-9,112],[54,50],[-23,87],[74,-18],[48,74],[39,-21],[87,70],[40,-22],[81,58],[173,-9],[47,74],[-34,31],[28,8],[-21,29],[-17,-35],[-27,105],[34,-27],[17,29],[66,-116],[182,51],[204,-39],[209,59],[44,56],[85,24]],[[18314,80737],[-6,18],[97,15],[36,42],[46,-63],[34,21],[-10,42],[77,-9],[74,104],[-1,33],[-40,23],[19,48]],[[18640,81011],[57,14],[1,26],[36,-13]],[[18734,81038],[21,8],[-9,60],[42,-21],[11,49],[52,-16],[30,108],[51,-20],[9,35],[74,0],[35,53],[103,-13]],[[21427,82107],[103,-3],[27,22],[77,-43],[127,-12],[48,-29],[8,-48]],[[21817,81994],[-72,-172],[16,-56],[-49,-50],[-1,-107],[21,-17],[-40,-18],[17,-53],[-76,-129],[-87,129],[-9,126],[41,101],[65,43],[-60,96],[25,0],[-10,22]],[[21598,81909],[-34,2],[8,-27],[-17,31],[-254,44],[-291,-95],[-44,47],[-93,-21],[-92,43],[36,27],[26,96],[36,0],[49,67],[25,-21],[62,14],[38,69],[84,-25],[16,45],[18,-17],[19,25],[128,-77],[109,-29]],[[12326,78170],[32,13],[-41,8],[31,26],[12,-32],[1,47],[2,-49]],[[12363,78183],[99,35],[-13,83],[75,109],[95,-32],[7,-29],[271,61],[244,-30],[67,-25],[9,-160]],[[15282,74780],[3,-105],[-93,-165],[145,-170],[32,-71],[-10,-50],[-61,-81],[-104,-71],[-157,7]],[[15037,74074],[-234,-19],[-120,123],[-221,-9],[-233,-139],[-19,17],[-251,-83],[-159,-7],[-205,-165],[-65,-15],[-52,-68],[-152,38],[-138,-32],[-358,14],[-145,43],[-168,-24],[-96,-37],[-137,-121],[-70,-159],[-48,17],[-42,-20],[4,95],[-114,53],[-199,-34],[-106,-58],[-19,-38],[49,-36],[-32,-77],[-6,-169],[-143,0],[-113,-86],[-71,-16],[28,-82],[-211,-47],[-126,-74],[-41,-137],[-45,-26],[-123,-206],[-88,-20],[-119,-158],[-34,-103],[21,-44],[-73,-45],[8,-47],[-93,5],[-17,51],[-162,50],[-11,77],[-36,16],[-92,-73],[-139,67],[-48,-80],[-132,-54],[-19,-48],[-154,-47],[-22,29],[24,101],[-100,3],[-114,-109],[-10,-104],[25,-56],[-63,56],[-141,23],[-60,-29],[-108,0],[-29,-47],[13,-71],[-86,41],[-58,2],[-57,-37],[-80,37],[-75,-19],[-58,-76],[-91,-20],[-33,-77],[-70,-20],[-84,-89],[-68,8]],[[8323,71583],[76,62],[12,98],[-114,7],[27,118],[-44,113],[-71,-90],[-188,-92],[-6,-59],[-27,-15],[-16,36],[-96,-27],[-31,98],[-129,-53],[-98,178],[-163,6],[-54,89],[-50,27],[6,38],[-131,-164],[-125,15],[-79,-50],[-29,21],[35,62],[-56,42],[28,56],[-23,118],[-182,78],[-141,12],[-146,177],[-32,122],[132,131],[5,46],[-11,42],[-75,-24],[-44,77],[-66,16],[19,110],[64,-25],[34,39],[103,-48],[43,45],[95,-11],[215,366],[162,143],[104,-6],[63,-33],[8,-71],[106,-157],[141,13],[87,-55],[23,-55],[-17,-28],[164,-58],[50,14],[-27,-30],[93,-17],[96,189],[73,27],[136,111],[128,-34],[-4,37],[86,56],[90,14],[79,98],[280,213],[167,-122],[147,39],[108,-35],[18,94],[84,6],[-12,-129],[181,53],[76,-72],[98,102],[34,-4],[-117,125],[-6,263],[44,148],[-13,63],[-41,41],[90,172],[101,31],[-6,73],[95,7],[146,142],[150,97],[22,104],[91,60],[9,73],[78,152],[-4,54],[48,7],[7,95],[95,138],[21,153],[-92,287],[64,190],[-17,365],[195,121],[173,-16],[116,49],[-43,10],[-83,121],[38,83],[-47,62],[47,56],[15,72],[-58,163],[47,39],[18,79],[68,59],[4,47],[-22,25],[-38,-10],[-64,68],[61,87],[63,199],[131,97],[180,258],[101,45],[-14,26],[112,-5],[133,-77],[166,166],[91,-131],[104,104],[40,139],[67,47],[81,6],[-6,-53],[20,-53],[-10,51],[15,-15],[11,29],[4,-32],[10,32],[-41,17],[88,-29],[-80,-174],[4,-87],[21,-30],[31,12]],[[15037,74074],[35,-111],[-42,-212],[-238,-119],[-200,-47],[-141,-149],[34,-116],[-73,-85],[15,-45],[57,-14],[76,-125],[-56,-84],[60,-92],[-35,-103],[-55,-62],[43,-74],[-36,-42],[5,-60],[122,-52],[35,-45],[135,-21],[-46,-77],[-73,-27],[-49,-74],[81,-70],[37,-123],[-18,-56],[31,-12],[9,-52],[39,-19],[73,-119],[-23,-55],[23,-22],[-13,-70],[117,-65],[-167,-164],[35,-130],[-58,-24],[0,-110],[-167,28],[71,-49],[-13,-49],[80,-19],[27,-46],[4,-49],[-70,-44],[-74,-122],[65,-86],[61,-28],[-27,-78],[-140,-125],[-35,16],[-126,-179],[-67,12],[-48,-27],[-64,33],[-89,-119],[0,-186],[-109,14],[0,-76],[-124,76],[-63,-56],[6,77],[-42,-52],[-65,9],[-132,-72],[-74,-130],[-9,-93],[-26,-17],[-86,36],[-20,-31],[69,-68],[-46,-73],[-73,14],[-50,77],[-57,-45],[-69,-3],[-45,-76],[-49,-10],[-59,58],[-51,-39],[-75,23],[-55,-42],[-70,70],[-65,11],[45,-91],[-7,-86],[-100,31],[-22,-29],[-37,14],[8,-31],[-64,-4],[-49,-101],[-45,13],[-18,-69],[-49,23],[-102,-76],[-173,142],[18,-101],[-25,10],[-31,-60],[-93,5],[18,-62],[-55,-9],[-16,-32],[-190,-24],[-42,39],[-46,-18],[-84,18],[-284,-112],[81,-234],[-39,-36],[106,-53],[48,-114],[115,-53],[-11,-44],[34,-69],[-76,-77],[19,-74],[-48,-44],[84,-90],[4,-70],[-30,-35],[114,-48],[91,41],[28,-47],[45,-10],[132,67],[64,-4],[37,-121],[44,-38],[-23,-55],[28,-55],[-11,-146],[95,-56],[-15,-56],[145,-146],[44,15],[38,-42],[87,27],[38,102],[193,55],[-1,66],[58,3],[49,-66]],[[12849,67495],[72,-86],[13,-335],[-111,33],[-54,-12],[-5,-38],[-121,-136],[46,-78],[69,-9],[116,-94],[44,5],[-7,-23],[78,-4],[14,-38],[-20,-62],[-53,-42],[2,-62],[24,-32],[28,33],[113,14],[30,-44],[-18,-24],[59,-36],[-10,-53],[29,-74],[72,-41],[-3,-60],[-76,-32],[-69,-87],[114,-59],[-34,-124],[29,-24],[-7,-62],[21,-18],[-54,-18],[-19,-39],[-156,-50],[-49,9],[-24,38],[-48,-9],[5,63],[-36,9],[-92,-140],[-91,-42],[-104,45],[-103,-74],[8,-80],[-63,18],[-80,-36],[-10,-98],[58,40],[84,-42],[-27,-66],[-72,-12],[-58,22],[-72,-28],[27,-30],[-31,-93],[27,-34],[-15,-67],[46,-6],[14,-65],[66,0],[31,-45],[-156,-78],[-4,-55],[49,-33],[4,-45],[-60,-59],[22,-54],[-62,-44],[8,-119],[-129,-118],[-3,-95],[-123,-63],[-103,57],[5,56],[-51,83],[90,25],[53,-48],[63,89],[11,50],[-150,65],[21,78],[79,-1],[54,71],[-18,59],[53,147],[-101,65],[-80,-87],[-87,18],[-141,-240],[-116,-69],[7,-40],[79,-48],[18,-86],[48,41],[31,-9],[0,-46],[59,-40],[-36,-73],[95,-53],[-21,-89],[-99,-63],[-47,68],[9,69],[-34,34],[-62,-62],[-10,-52],[-47,12],[-32,-28],[-27,21],[8,77],[-150,134],[-58,-9],[-86,-98],[-106,-62],[-20,38],[14,63],[174,190],[-24,37],[-71,-9],[-69,-68],[-102,62],[-153,-61],[-40,64],[113,111],[22,116],[-151,-22],[-39,-39],[-97,27],[-100,-139],[-131,-59],[13,-98],[-42,-15],[0,-101],[-66,-67],[-110,14],[-32,44],[-62,3],[-60,56],[-91,-3],[-74,92],[-80,-76],[-3,-53],[-80,29],[18,-42],[-24,-65],[-98,86],[-63,-18],[-31,95],[-52,12],[4,118],[-74,15],[-79,-40],[-161,59],[-9,52],[-122,92],[0,182],[-25,52],[-154,108],[-92,147],[-74,34],[-66,-98],[-40,8],[-26,158],[-51,15],[9,65],[-37,21],[27,130],[-59,-59],[-87,59],[-75,-71],[-182,26],[-70,-20],[-47,14],[-34,75],[-178,-30],[6,30],[-22,-31],[-88,21],[-204,-26],[-69,-92],[-428,252],[42,77],[-41,104],[-4,463],[-39,0],[-69,89],[18,172],[-21,22],[22,138],[53,9],[24,71],[-112,17],[-57,-39],[-62,128],[-117,14],[-38,-73],[-45,-9],[-36,17],[-31,90],[-243,20],[-136,121],[-15,120],[-78,157],[-91,82],[-35,120],[-114,46],[-16,51],[34,77],[-26,36],[-64,47],[-82,-65],[-77,45],[-49,-48],[-72,89],[-66,2],[-44,57],[-47,-12],[12,44],[-33,63],[-40,11],[-31,108],[-143,252],[-684,673],[50,41],[52,-12],[66,103],[-217,129],[-23,80],[-65,3],[112,65],[440,0],[28,18],[-34,40],[19,52],[195,-1],[-28,48],[-26,-1],[15,37],[-27,35],[84,44],[408,9],[36,234],[-29,50],[216,384],[38,19],[-11,39],[72,152],[128,-42],[186,63],[12,-48],[169,-158],[48,36],[58,-44],[264,68],[114,-39],[42,27],[180,-33],[113,28],[53,-52],[56,66],[125,51],[53,55],[-82,119],[134,167],[56,12],[26,38],[27,-9],[79,83],[-26,75],[49,76],[61,-21],[179,90],[39,-4],[30,25],[-37,38],[24,62],[78,69],[92,10],[113,70],[217,67]],[[24981,71688],[200,62],[49,-98],[85,3],[31,-145],[-52,-146],[58,-35],[44,-96],[37,-8],[2,-51],[-60,-14],[-52,-77],[-21,21],[-65,-10],[-79,-77],[-12,-32],[27,-27],[-69,-35],[-35,-63],[30,-139],[42,-19],[-18,-67],[-95,-22],[-55,-105],[-67,-19],[22,-64],[-105,-104],[-30,-72],[31,-86],[-28,-36],[16,-71],[-40,-40],[25,-25],[-27,-26],[31,-36],[22,12],[32,-65]],[[24855,69876],[-67,-93],[-92,49],[-34,-16],[-18,-106],[-43,44],[-30,-6],[-36,-89],[13,-29],[-91,20],[-25,-20],[-41,-92],[-2,-87],[-226,-76],[-15,-53],[36,-60],[-60,-77],[-78,6],[-37,-161],[43,-91],[-130,-45],[46,-97],[-118,-119],[-66,-26],[12,-149],[-60,-11],[55,-83],[47,-1],[17,-97],[-33,-51],[22,-66],[-102,-67],[-178,74],[-190,-155],[-234,-55]],[[25914,73821],[-46,-71],[-16,-94],[-143,-119],[-59,3],[-111,-161],[12,-32],[-26,23],[1,-26],[-72,-2],[-18,-13],[25,-41],[-22,20],[-69,-47],[-7,50],[-20,-5],[15,-38],[-19,41],[-41,9],[-151,-39],[-135,-100],[-10,-60],[-156,2],[-143,-79],[-45,-97],[-32,8],[-4,-42],[-161,-115]],[[19107,74184],[-7,201],[61,276],[105,65],[-10,68],[25,50],[-74,133],[-9,86],[-42,33],[2,184],[-38,125],[-59,189],[-39,27],[-26,145],[-71,60],[-75,281],[8,53],[56,60],[-7,45]],[[23506,78340],[96,-59],[24,-123],[-78,-199],[4,-132],[-65,-160],[16,-65],[-89,-105],[-2,-104],[-45,-56],[27,-86],[77,-82],[94,37],[45,-28],[83,-151],[91,23],[77,-14],[154,-122],[172,-288],[187,-530],[178,-134],[120,32],[59,-298],[37,-46],[102,-37],[212,-353],[135,-10],[22,108],[62,-83],[59,-13],[39,29],[-19,57],[17,20],[348,-198],[271,-552],[18,-102],[-47,-434],[59,-107],[-132,-154]],[[15706,67382],[-22,27],[-18,-15],[-63,116],[-3,121],[-81,12],[-10,-21],[-11,43],[-49,35],[-61,-24],[-56,12],[7,145],[24,12],[-39,6],[-30,65],[36,59],[-50,37],[12,40],[-56,52],[-41,11],[-36,-42],[-37,-2],[-21,30],[-4,32],[37,0],[2,27],[43,18],[-85,26],[-40,-23],[-66,62],[13,59],[-43,-13],[-94,30],[4,86],[-70,53],[-68,-22],[-31,29],[16,61],[-39,25],[20,15],[-92,11],[12,-30],[-70,-29],[-55,47],[8,33],[22,-6],[-17,44],[-107,27],[-6,30],[-28,-45],[-26,59],[-82,51],[-215,-134],[-14,-35],[-21,13],[8,-52],[-120,-183],[-21,-106],[-100,-102],[-6,-45],[-190,-160],[-32,4],[71,-115],[-15,-70],[-179,-80],[-37,-77],[-82,-22],[-34,-69],[-42,2],[-58,-67],[-256,68],[-63,-33]],[[22649,63117],[-1,-1]],[[22648,63116],[-1,1]],[[22647,63117],[2,0]],[[22647,63117],[-33,62]],[[22614,63179],[-159,174],[-73,-28],[-183,71],[-77,-13],[-40,-52],[-99,62],[-82,-12],[-149,127],[-60,4],[-61,176],[-5,129],[-65,65],[-124,-3],[-29,38],[-140,-9],[-27,21],[-173,-74],[-14,65],[-26,-23],[-85,46],[-115,137],[-83,21],[-45,-53],[-115,-38],[-9,-92],[-81,-144],[-151,55],[17,157],[-47,103],[-43,-5],[-38,35],[-50,-51],[-73,50],[-29,-3],[-18,-41],[16,-133],[39,-71],[-35,-53],[34,-220],[-11,-101],[-33,-36],[-136,-26],[-77,-146],[-33,40],[-147,25],[-54,-11],[-29,-45],[-51,24],[-22,-39],[-33,40],[-35,-54],[-53,-15],[-43,65],[-15,108],[-52,68],[-53,-28],[-139,98],[-35,-68],[92,-95],[-114,6],[-107,-112],[-62,9],[-56,-36],[13,-62],[-18,-10],[-46,-3],[-144,108],[-117,-124],[-35,-16],[-25,21],[-50,-38],[-102,24],[2,40],[-52,-8],[-101,70],[-80,-85],[24,-86],[-17,-26],[-84,6],[-19,-80],[-83,44],[-12,-54],[-53,-2],[-3,-36],[-55,103],[-50,7],[-45,68],[10,26],[-45,45],[-44,128],[-99,22],[-69,152],[68,10],[27,38],[-5,119],[26,47],[-27,6],[-28,77],[28,52],[60,-47],[61,43],[-3,71],[-135,254],[-5,78],[8,23],[46,-3],[56,-38],[-8,120],[88,34],[-8,157],[22,3],[13,61],[44,12],[17,98],[-43,120],[-9,139],[-61,74],[-13,64]],[[24855,69876],[80,-90],[25,-102],[27,-4],[7,-98],[59,-47],[45,5],[41,-144],[61,5],[56,48],[21,-54],[53,-17],[43,41],[76,-77],[99,66],[76,-7],[33,-26],[-4,-122],[86,-97],[187,-19],[22,63],[54,-12],[11,77],[31,14],[60,-35],[31,72],[56,-9],[36,50],[145,-2],[109,-51],[52,100],[39,13],[126,-16],[265,-218],[-104,-642],[97,-230],[318,-270],[134,-483],[151,-264]],[[27559,67294],[-138,-128],[78,-15],[-27,-68],[-27,-11],[-89,47],[-29,-74],[-33,9],[-39,-30],[-86,-300],[-96,-107],[-10,-53],[-28,1],[-1,-37],[-93,-44],[-53,-112]],[[26888,66372],[-43,-36],[-70,80],[-25,-11],[16,-87],[36,15],[-20,-39],[19,-21],[-63,-117]],[[26738,66156],[-21,-16]],[[26717,66140],[-57,-24],[-7,116],[-29,22],[-53,-1],[-3,-68],[-51,24],[42,27],[0,61],[-29,25],[-33,-12],[4,64],[-31,-5],[26,-6],[-7,-23],[-68,-77],[53,-61],[26,9],[-30,-46],[29,-113],[-15,-31],[-16,28],[-20,-13],[-50,-145],[-26,-3]],[[26372,65888],[-1,-26],[-96,-54],[-39,142],[-25,1],[-14,-38],[-27,34],[29,54],[-33,-3],[16,29],[-40,95],[-162,74],[-73,-23],[-40,21],[-51,-35],[-48,24],[-14,-33],[-45,70],[-157,-14],[-81,-32],[-20,-58],[-27,22],[-171,-51],[-28,24],[-284,-56],[-79,17],[-98,207],[106,-6],[51,37],[-38,199],[37,112],[-6,68],[21,-5],[4,41],[-6,-39],[-17,9],[-54,-50],[-29,-57],[-36,-6],[22,-27],[14,31],[-25,-114],[-74,-74]],[[24734,66398],[-30,-119],[-79,-38],[-7,-79],[88,14],[30,38],[73,-74],[-9,-89],[-426,-355],[-106,-119],[-24,-77],[45,-103],[23,-22],[11,22],[73,-178],[34,-290],[-37,-212],[-116,-284],[26,-201],[-53,-53],[0,-96],[-43,-44],[25,-12],[-23,-47],[-55,-78],[-410,-310],[-70,-101],[4,-51],[-48,-45],[-2,-49],[-223,-70],[-69,49],[70,-55],[-28,10],[-75,-50],[-74,-80],[-46,-117],[-296,-177],[-108,-97],[-35,-12],[-4,59],[-45,38],[-110,1],[-65,105],[-162,57],[67,53],[11,72],[53,14],[68,-32]],[[22557,63114],[25,2],[-4,-37],[47,37]],[[22625,63116],[10,15],[4,-32]],[[22639,63099],[9,17]],[[22648,63116],[12,-23]],[[22660,63093],[-11,24]],[[27401,72686],[38,-53],[73,-26],[9,-75],[-37,-36],[-56,10],[-46,68],[-82,-19],[28,45],[-17,38],[90,48]],[[26498,72615],[-6,21],[37,14]],[[26529,72650],[46,13],[28,-34],[34,28],[-12,-37],[51,3],[23,-35],[66,3],[39,35],[8,-20],[31,36],[53,-65],[65,50],[20,-38],[46,-1],[11,-76],[50,-43],[-12,-21],[25,4],[-1,-38],[134,-122],[100,-15],[14,-131],[40,-46],[46,34],[19,-132]],[[27453,72002],[-32,-30],[12,-87],[-34,-82],[43,-50],[-27,-39],[48,-136],[23,-1],[15,-131],[38,-70],[107,-59],[44,-175],[59,-41],[44,17],[107,-205],[-2,-77],[-74,-187],[25,-47],[30,7],[-37,-63],[18,-89],[105,-124],[-17,-129],[33,-50],[42,-240],[156,-121],[42,-9],[1,27],[55,-31],[-1,-58]],[[28276,69722],[-67,-145],[4,-40],[52,-37],[-38,-167],[33,-32],[-31,-13],[37,10],[-134,-93],[-40,-174],[-64,-4],[-94,-56],[-57,-92],[6,-71],[57,-14],[5,-72],[33,-5],[36,-60],[13,-130],[-21,-100],[28,-81],[34,-15],[-37,-145],[-71,-30],[-28,53],[-72,-14],[-70,-115],[41,-39],[-65,-63],[-5,-65],[39,-30],[43,33],[26,-104],[-25,-47],[-55,36],[-26,-95],[-48,-1],[12,-34]],[[27727,67671],[15,-30],[-36,-60],[24,-20],[-26,-13],[-1,-46],[33,-40],[-9,-32],[-47,-11],[-121,-125]],[[24577,71963],[70,97],[151,74],[66,99],[150,112],[279,106],[287,175],[21,-55],[42,-31],[29,10],[87,-84],[200,21],[61,-53],[27,47],[71,12],[38,-47],[36,9],[-29,-11],[16,-39],[31,8],[-15,35],[29,-4],[-41,26],[71,-16],[73,72],[44,-82],[84,11],[57,51],[-14,109]],[[27491,72929],[12,-54],[-31,-22],[-20,58],[39,18]],[[27545,72903],[35,47],[-1,-45],[-50,-9],[16,7]],[[42496,94122],[-47,0],[24,109],[84,-10],[-24,-77],[-37,-22]],[[42408,94256],[-51,-35],[17,80],[34,-45]],[[44158,94585],[-1,-24],[-78,-23],[-118,-7],[-33,-65],[-83,-29],[59,-62],[250,-128],[-54,-24],[-107,12],[-57,-32],[-27,32],[-116,-41],[-25,14],[-16,-115],[-45,29],[-308,36],[-60,-252],[-16,24],[-99,-62],[-17,-31],[6,-29],[-25,-44]],[[43188,93764],[15,33],[-16,-25],[-74,25],[-11,-16],[-114,59],[-138,148],[41,-2],[12,57],[40,20],[4,9],[-44,47],[-42,-2],[-23,35],[8,45],[39,12],[-36,-7],[-16,-24],[4,-26],[22,-36],[42,1],[10,-31],[34,-15],[-50,-28],[-6,-52],[-216,235],[-62,21],[-138,9],[-58,-115],[-31,-1],[-28,44],[56,47],[4,57],[-78,77],[-148,48],[60,51],[-106,-75],[-6,-118],[-75,-63],[-36,39],[67,53],[-5,77],[-41,36],[-74,-17],[-65,138]],[[41909,94534],[23,-5],[30,88],[180,6],[-27,22],[29,16],[-27,54],[-92,101],[-62,29],[208,43],[-35,175],[124,268],[14,128],[88,1],[28,86]],[[42390,95546],[407,242],[19,71],[225,-104],[27,24],[98,-216],[-2,-83],[42,-45],[90,62],[73,-25],[35,28],[28,-19],[214,56],[172,-110],[139,217],[115,-92],[165,130],[144,-15],[61,-80],[183,-47],[33,-48],[-119,-20],[23,-108],[-49,-11],[-2,-39],[-87,0],[7,-56],[51,-50],[-16,-16],[-215,-71],[-72,22],[-65,-89],[-92,-24],[-36,-39],[98,-127],[-70,-71],[48,-90],[-49,-45],[44,-61],[101,-12]],[[40139,73999],[24,-20],[-30,-54],[-22,26],[28,48]],[[45221,83712],[49,-63],[99,33],[16,-93],[91,54],[55,-59],[202,92],[77,-16],[93,28],[18,52],[64,28],[44,-36],[89,-12],[35,-71],[106,68],[103,-18],[135,84],[39,-69],[31,2],[62,182],[75,6],[-1,85],[38,40],[26,118],[181,56],[44,-143],[111,-67],[121,67],[191,-80],[110,-8],[16,-27],[-113,-153],[-52,-22],[-30,-54],[-113,-35],[-59,-101],[-50,-15],[-104,-132],[-78,-214],[69,-161],[-103,-35],[-5,-60],[34,-32],[-9,-85],[-62,-83],[146,-105],[133,15],[66,93],[147,101],[-26,32],[16,47],[107,26],[55,66],[107,-18],[30,69],[59,23],[-6,41],[71,13],[114,-148],[69,8],[65,-65],[87,-30],[-23,-59],[65,-148],[153,62],[48,60],[215,73],[88,-59],[40,16],[26,-134],[68,55],[32,-120],[-23,-40],[16,-141],[113,-57],[40,-186],[108,17],[15,-74],[57,-73],[-18,-27],[147,-146],[-64,-95],[-7,-128],[103,-139],[203,114],[59,-51],[26,-125],[126,26],[61,134],[188,96],[-2,38],[50,51],[175,-43],[221,-151],[18,65],[71,57],[74,-30],[48,-54],[16,-90],[48,-46],[-18,-44],[26,-80],[-55,0],[-122,-83],[-144,-309],[54,-34],[159,23],[48,-38],[156,50],[89,-6],[-16,-137],[33,-61],[-231,-232],[19,-80],[-93,-136],[12,-62],[-84,-238],[47,-59],[-8,-219],[30,-130],[58,-13],[0,-71],[128,11],[38,-67],[56,-32],[58,-407]],[[49204,77379],[-29,-14]],[[49175,77340],[1,-20],[11,-15],[0,-10],[-71,-13],[-91,-73],[-57,34],[-4,29],[26,1],[-34,26],[32,-26],[-25,0],[1,-28],[58,-47],[-96,-17],[-44,-31],[15,22],[-17,-18],[1,-35],[-81,49],[-70,1],[-110,-43],[-79,-82],[-174,-100],[-130,82],[-374,104],[20,35],[-23,-36],[-262,-71],[-34,-50],[-60,78],[-100,-9],[-48,-53],[-32,14],[-36,42],[58,-34],[-87,134],[42,19],[-5,67],[57,38],[-23,54],[62,77],[-19,39],[16,-38],[-68,-83],[25,-49],[-58,-35],[-57,-100],[61,-125],[68,-48],[-32,-24],[-231,55],[-133,91],[-245,83],[69,-32],[-88,-69],[-134,1],[-143,-54],[-325,56],[-10,21],[3,-20],[-35,50],[24,6],[-70,9],[-13,38],[29,-17],[-63,44],[-8,56],[-51,21],[-38,62],[18,-5],[4,35],[-7,-31],[-9,6],[-39,-2],[-47,-14],[-59,14],[-35,-36],[-15,30],[11,-32],[-62,-36],[24,5],[13,-44],[-34,9],[48,-35],[-49,-38],[-13,11],[6,17],[-30,28],[-31,3],[9,43],[-31,9],[-28,-15],[-4,-5],[4,-20],[-4,-36],[-19,-24],[-12,0],[-26,38],[-57,-20],[-58,113],[-24,-16],[-31,40],[-51,-34],[-9,41],[-21,-35],[-8,19]],[[45190,77356],[7,-21],[22,35],[8,-41],[52,33],[29,-40],[26,16],[58,-113],[59,20],[17,-55],[0,25],[9,-8],[9,2],[21,21],[6,39],[-5,20],[17,0],[13,18],[20,-6],[0,-47],[44,-12],[7,-33],[-13,0],[41,-14],[47,41],[-22,68],[82,45],[19,-9],[-36,-27],[38,28],[28,-19],[43,18],[-2,-27],[-16,-11],[-4,14],[-13,-37],[-6,0],[-2,19],[6,6],[-5,1],[-60,-12]],[[45734,77293],[-4,-1]],[[45734,77293],[45,2],[18,9],[-11,-14],[2,-6],[-7,-11],[5,-12],[-11,11],[8,12],[-11,8],[-22,-34]],[[45750,77258],[-22,-16]],[[45728,77242],[22,16]],[[45750,77258],[22,32],[10,-6],[-9,-11],[9,-18],[5,5],[2,6],[-6,6],[8,12],[-2,6],[4,2],[0,-16],[15,2],[-33,-54],[-47,3],[28,-20],[-17,-12]],[[45739,77195],[-26,-62],[-53,-14],[-69,-72],[-36,29],[14,-43],[-23,-21],[-51,-22],[-30,30],[24,-29],[-111,-22],[-6,28],[-29,2]],[[45343,76999],[23,-23],[-90,-9],[-22,20],[31,36],[-53,-45],[-38,33],[5,-48],[-51,30],[-62,-24],[-38,27],[28,18],[-24,-6],[-7,28],[-64,-7],[-142,110]],[[44839,77139],[-38,8],[-39,62],[-7,-20],[-26,104],[-87,148],[-8,184]],[[44634,77625],[-124,275],[-85,25],[72,-27],[31,-72],[-43,69],[15,-35],[-79,64],[-49,68],[-13,206],[-54,80],[74,97],[-106,143],[98,-151],[-61,-54],[-12,-26],[1,-24],[-16,29],[20,-45],[36,-49],[14,-184],[-32,-13],[-10,6],[-5,12],[15,4],[8,11],[-14,0]],[[44315,78034],[-22,5]],[[44293,78039],[8,25],[-11,2],[-13,-12],[0,7],[-3,5],[-5,-2],[-1,-1],[0,-8]],[[44268,78055],[1,8],[4,3],[4,-6],[-2,-5],[4,-3],[21,12],[-7,-25]],[[44293,78039],[22,-5]],[[44315,78034],[13,0],[-22,-14],[-2,-3],[4,-9],[14,-9],[32,6],[39,-75],[-32,-17],[17,-12],[-1,-12],[13,0],[0,-9],[-16,-1],[-11,16],[-6,-12]],[[44357,77883],[12,-4]],[[44369,77879],[-23,-25]],[[44346,77854],[-1,-22]],[[44345,77832],[1,22]],[[44346,77854],[23,25]],[[44357,77883],[6,11],[11,-17],[17,2],[1,9],[-5,4],[-9,-1],[1,12],[-16,10],[38,8]],[[44401,77921],[8,-15]],[[44409,77906],[0,-23],[60,-23],[-17,-18]],[[44452,77842],[-10,-6]],[[44452,77842],[22,12],[9,-39]],[[44483,77815],[-2,-9]],[[44481,77806],[2,9]],[[44483,77815],[28,-39]],[[44511,77776],[18,3],[4,-9],[-6,-5],[7,3],[6,-18],[-2,-7],[-17,4],[11,-7],[7,3],[2,4],[9,-34],[-20,22]],[[44530,77735],[-9,-25]],[[44521,77710],[16,16],[0,-19],[19,1],[3,18],[25,-68],[-32,14]],[[44552,77672],[-30,-71],[25,-6],[-62,-128],[112,-213],[16,-82],[-78,-48],[-11,18],[-16,9],[-12,-1],[-7,-14],[-26,18],[-33,44],[39,-56],[-28,-1],[12,-52],[-19,0],[-6,-9],[-24,29],[-18,-5],[-7,-7],[-8,19],[-21,-12],[14,-6],[7,17],[1,-11],[7,-9],[25,12],[24,-28],[9,0],[-1,7],[20,0],[-5,-9],[4,-10],[-2,13],[7,3],[-8,18],[5,15],[-10,25],[17,-15],[10,19],[16,-15],[8,17],[22,-8],[11,-24],[16,-6],[13,-124],[40,-65],[-91,-285],[2,-287]],[[44511,76348],[14,-12]],[[44525,76336],[-9,-19]],[[44516,76317],[14,-3]],[[44530,76314],[-14,3]],[[44516,76317],[9,19]],[[44525,76336],[-14,12]],[[44511,76348],[26,55],[112,-65],[78,-270],[-63,-70],[-43,-129],[-132,-82],[-48,-62],[8,-152],[-101,-12],[-32,40],[-140,31]],[[44176,75632],[-197,42],[-453,22],[20,35],[19,-18],[-9,33],[26,-19],[-4,22],[52,-1],[-62,4],[16,43],[25,-26],[10,1],[6,23],[21,-18],[-9,11],[23,12],[0,13],[-32,2],[22,28],[20,-36],[5,2],[5,7]],[[43680,75814],[14,32],[-16,10]],[[43678,75856],[9,13],[19,-20],[9,1],[-12,-15],[6,-3]],[[43709,75832],[30,18]],[[43739,75850],[1,2],[3,36],[-3,-35],[-5,5],[-4,-5],[0,9],[-14,5],[13,-6],[-1,-9],[6,4],[4,-6]],[[43739,75850],[-30,-18]],[[43709,75832],[-5,3],[5,2],[7,13],[-2,2],[-28,18],[-8,-14]],[[43678,75856],[14,-12],[-19,-36],[-24,35],[-24,-32],[33,-12],[-36,-3],[-8,-24],[0,42],[-232,-136],[-97,3],[-21,-52],[30,-8],[-117,-104],[-24,-80],[-93,-27],[-73,-77],[-218,-59],[-24,29]],[[42745,75303],[7,54],[-50,89],[-50,1],[-110,102],[-28,157],[-25,19],[8,112],[31,53],[-22,13],[31,6],[-40,2],[13,-20],[13,2],[-14,-28],[-67,-3],[-13,-39],[-107,61],[-12,60],[30,-5],[6,41],[43,39],[75,0],[11,74],[-38,74],[25,74]],[[42462,76241],[17,15],[-57,89],[-15,9],[6,31],[13,-19],[19,14],[-11,12],[12,15],[-2,12],[-23,3],[21,-3],[3,-9],[-13,-16],[9,-15],[-30,9],[-5,-34],[13,-7],[-34,9],[-19,-15],[-27,4],[-51,70],[44,-70],[29,-10],[31,16],[28,-10],[56,-82],[-14,-18]],[[42462,76241],[-29,-72],[38,-77],[-13,-70],[-31,6]],[[42427,76028],[-44,-6],[-44,-40],[-2,-34],[-33,0],[-5,-31],[41,-67],[60,-19],[0,-35],[42,-27],[31,12],[-32,-88],[54,-126],[-30,7],[-22,65],[-53,-36],[51,-110],[-23,-92],[86,-59],[22,-76],[43,11],[17,-116],[-55,-27],[-85,48],[-27,78],[-89,108],[-9,84],[-50,5],[7,34],[-21,-50],[-30,16],[-26,-28],[-56,38],[-24,-23]],[[42121,75444],[14,22]],[[42135,75466],[-1,7]],[[42134,75473],[1,-7]],[[42135,75466],[-14,-22]],[[42121,75444],[25,22],[53,-40],[22,-77],[76,-71],[-57,37],[-16,-20],[114,-128],[-74,24],[-7,-18],[-76,68],[-93,-76],[38,-66],[162,-112],[42,-105],[74,3],[29,-55],[-106,-111],[-59,-20],[-121,20],[-91,-49],[-10,-102],[-51,-43],[-34,8],[-75,-59],[-154,-45],[-67,-71],[-128,-50],[-122,-9],[-30,-57],[-99,-74],[-28,7],[-13,-92],[-34,-34],[-184,-52],[-94,20],[-7,30],[-89,42],[-8,-43],[-43,-23],[-54,24],[-55,-15],[-40,36],[-96,-59],[-45,9],[-30,55],[-66,19],[6,25],[-91,73],[8,162],[142,244],[23,111],[-20,-13],[-2,93],[-61,72],[-49,-104],[-91,-88],[-10,73],[29,68],[79,77],[-16,158],[107,11],[65,125],[-55,57],[-4,47],[127,86],[-71,-24],[-44,24],[-26,74],[24,29],[-25,9],[-3,-264],[48,-44],[-52,-110],[-64,45],[-39,-35],[-161,-315],[-87,-68],[27,-95],[-41,-319],[26,-76],[-105,-14],[-38,-39],[48,-37],[56,14],[35,-27],[-42,-145],[-124,48],[-21,133],[-39,-20],[-76,25],[49,122],[-21,30],[-29,5],[-60,-138],[-63,-48],[-120,27],[-27,51],[-37,-12],[-37,121],[-52,-23],[-83,79],[-58,175],[47,75],[-39,-28],[-19,30],[-37,-8],[5,26],[-32,-26],[-64,70],[-66,12],[18,107],[-65,15],[-45,56],[29,66],[-41,-9],[70,116],[-54,-1],[30,41],[-42,-20],[-4,26],[-32,-3],[50,68],[-38,72],[68,63],[219,351],[34,9],[-31,25],[55,-9],[-21,44],[13,63],[-7,17],[-61,26],[62,-34],[-10,-71],[10,-25],[-48,-5],[-11,-56],[-90,-113],[-122,-50],[-92,13],[-52,-183],[-58,-9],[-49,-80],[-83,-38],[-30,-54],[4,-60],[-78,-29],[-134,98],[-195,23],[-63,60],[-182,71],[-274,167],[-100,215],[-81,4],[29,30],[-15,118],[-44,119],[-44,44],[35,-24],[-2,32],[22,-25],[17,5],[16,47],[-26,-43],[-37,32],[-7,33],[8,-62],[-38,11],[-54,59],[41,4],[-46,6],[-3,29],[22,-6]],[[37393,76054],[-21,14],[41,93],[-33,116],[5,-34],[-69,42],[-95,8],[-41,102],[43,67],[-16,40],[37,-34],[38,21],[12,40],[-22,8],[-9,-14],[-14,5],[17,23],[-13,37],[18,-19],[35,-9],[23,12]],[[37329,76572],[-22,-11],[-38,11],[-17,21],[29,7],[-31,52],[12,6],[26,-8],[8,3],[17,141],[-29,63],[27,-62],[-17,-112],[-14,-16],[-14,21],[12,-26],[13,-10],[-31,9],[-13,-9],[19,-40],[-14,-9],[-5,-31],[15,-23],[-17,-20],[13,-10],[29,12],[-7,-39],[-35,-20],[-44,36],[15,-45],[-68,36],[-91,3],[-26,58]],[[37031,76560],[24,-56],[-80,-30],[-50,74],[40,-25],[34,31],[-14,96],[-25,11],[-41,-15],[-37,36],[-25,-38],[15,-33],[-52,-23],[-22,27],[46,14],[-15,51],[-105,-1],[-5,62],[1,-65],[106,0],[13,-45],[-46,-16],[27,-33],[59,27],[0,61],[28,-35],[66,15],[15,-90],[-84,6],[-24,-61],[52,-12],[49,-80],[-2,32],[69,32],[108,-6],[-11,-89],[34,-92],[200,-90],[3,-67],[-66,-103],[15,-66],[-94,-88],[-20,15],[17,-16],[-70,-73],[-7,3],[10,18],[0,3],[-8,9],[6,6],[-18,-13],[-24,18],[-11,-5],[-20,43]],[[37092,75884],[7,13]],[[37099,75897],[0,6]],[[37099,75903],[-12,0]],[[37087,75903],[-12,-7]],[[37075,75896],[1,15]],[[37076,75911],[14,1]],[[37090,75912],[-4,15]],[[37086,75927],[-11,8]],[[37075,75935],[-4,21]],[[37071,75956],[4,-21]],[[37086,75927],[4,-15]],[[37090,75912],[-14,-1]],[[37076,75911],[-1,-15]],[[37075,75896],[12,7]],[[37099,75903],[0,-6]],[[37092,75884],[20,-44],[11,4],[22,-18],[12,6],[8,-6],[-52,-57],[35,38],[14,-8],[60,42],[38,55],[14,-15],[-11,16],[62,59],[33,2],[59,-68],[-64,65],[-20,-8],[47,-32],[-45,5],[68,-23],[-39,6],[41,-15],[-31,-21]],[[37374,75867],[-17,-33],[-57,-6]],[[37300,75828],[1,22]],[[37301,75850],[-1,-22]],[[37300,75828],[-26,-20],[31,79],[-46,-43]],[[37259,75844],[1,6]],[[37260,75850],[0,3]],[[37260,75853],[0,-3]],[[37260,75850],[-1,-6]],[[37259,75844],[-4,-1]],[[37255,75843],[8,-26]],[[37263,75817],[-23,-4],[19,-21],[-34,12]],[[37225,75804],[-2,-22]],[[37223,75782],[-32,-7]],[[37191,75775],[-12,-17]],[[37179,75758],[-2,6]],[[37177,75764],[1,0]],[[37177,75764],[2,-6]],[[37179,75758],[-28,-1],[31,-11],[-18,-4]],[[37164,75742],[-7,-29],[-34,29],[27,-91],[-48,8],[11,-39],[-22,-4],[22,2],[8,36],[31,-9],[3,-22],[-12,7],[-41,-33],[44,29],[-11,-34],[-23,-9],[53,5],[-49,-21],[51,15],[19,-24],[-42,-5],[31,-12],[-23,-29],[-43,12],[39,-18],[-49,-18],[67,24],[-71,-72],[-33,68],[33,-70],[-32,-39],[30,-27],[-29,-24],[-30,7],[-32,-34],[-34,24],[-29,-36],[-99,37],[-73,-24],[-68,23],[-43,72],[42,-75],[68,-24],[69,21],[96,-39],[44,39],[26,-24],[69,28],[58,-30],[-12,-15],[-15,2],[-6,-12],[1,-5],[17,-18],[-21,13]],[[37092,75278],[-4,-18]],[[37088,75260],[4,18]],[[37092,75278],[33,-76],[-36,-20]],[[37089,75182],[37,20],[-13,66],[-17,18],[5,12],[16,-1],[12,18],[-55,31],[27,34],[-28,21],[39,40],[41,9],[-19,-12],[30,-22],[17,16],[-2,-84],[29,-20],[-20,-72]],[[37188,75256],[15,-32],[-30,-18],[31,17],[3,-23],[-32,-18],[26,9],[-15,-38],[20,5],[-12,-41],[25,-30]],[[37219,75087],[-12,4]],[[37207,75091],[12,-4]],[[37219,75087],[14,-23],[-25,-21],[31,9]],[[37239,75052],[9,-157],[45,-47],[98,-13],[69,-50],[31,15],[89,-26],[69,-70],[123,-29],[96,-136],[20,-80],[-46,-128],[-60,1],[-77,77],[-64,-44],[6,-93],[54,27],[-11,-21],[36,-21],[-28,-41],[24,-81],[-89,-41],[-7,-44],[70,-48],[63,0],[10,-26],[-25,-81],[20,-56],[-38,-59],[19,-32],[-82,-154],[41,-69],[-42,-115],[27,-62],[-28,-43],[44,-80],[97,1],[12,-131],[-32,-83],[-75,-35],[30,-77],[-64,71],[5,-142],[-112,-89],[-30,-60],[-112,-59],[-13,21],[-111,-7],[-418,268],[-250,58],[-284,187],[-118,152],[-121,15],[32,58],[-45,92],[-105,52],[-129,23],[-51,196],[-67,95],[-2,118],[-135,175],[-53,0],[-11,44],[-154,44],[-207,158],[-195,100],[-330,363],[-377,89],[-100,-40],[-164,81],[-43,48],[-47,160],[-90,47],[-55,169],[-46,27],[21,27],[-25,-13],[-10,35],[-19,12]],[[33702,75475],[15,-20],[-35,-44],[-128,18],[-112,86],[-81,18],[-39,-24],[-6,-33],[-111,-26],[-34,37],[25,21],[-31,19],[-9,-24]],[[33156,75503],[-31,-37],[-34,25],[14,-31]],[[33105,75460],[1,-16],[37,28],[13,31]],[[33156,75503],[38,5],[-25,-23],[33,-38],[66,0],[48,17],[27,39],[62,-51],[6,-92],[-398,-190],[-236,-178],[-64,-15],[35,22],[-27,0]],[[32721,74999],[-90,-60],[-14,-80],[-166,-260],[-9,-86],[96,-98],[31,-169],[65,-125],[-12,-178],[69,-42],[42,-190],[88,-95],[-26,-90],[55,-40],[-17,-82],[42,-44],[55,-221],[-5,-159],[55,-30],[35,-103],[81,-3],[34,-92],[137,-62],[-136,-196],[17,-28],[-29,-203],[48,-81],[9,-136],[214,-26],[-25,-55],[-101,13],[-69,-21],[-86,62],[13,36],[-80,-21],[-6,24],[-87,5],[-51,51],[-89,-20],[-173,135],[-124,119],[-9,41],[-98,31],[-26,133],[44,54],[-53,22],[-48,96],[15,85],[218,161],[-82,68],[-79,189],[-1,0]],[[32393,73228],[22,68],[69,27],[-15,75],[-214,73]],[[32255,73471],[-46,-21],[-48,42],[19,102],[1,0]],[[32181,73594],[32,123],[-19,30],[-33,-15],[0,30],[-88,16],[-5,79],[-32,0],[5,50],[44,-6],[22,39],[-22,125],[-100,110],[18,47],[-78,-21],[-105,125],[-97,29],[25,106],[-108,98],[-15,63],[-204,83],[-63,106],[5,37],[-75,59],[-100,6],[-43,46],[7,30],[-85,68],[1,45],[-74,24],[-38,51],[8,70],[-69,-20],[-36,54],[3,49],[-31,-8],[-11,71],[-33,18],[38,64],[-5,72],[-193,412],[-58,56],[-12,68],[-32,4],[-32,52],[-45,324],[20,72],[-18,219],[83,237],[-10,94],[-66,22],[9,50],[62,59],[-8,57],[75,99],[-20,49],[39,34],[13,60],[55,36],[5,51],[72,20],[124,-26],[40,49],[89,16],[14,42],[82,50],[146,-3],[88,-203],[-12,-50],[98,-65],[8,-70],[41,-40],[-15,-107],[95,-210],[-65,-8],[-56,-54],[0,-66],[55,-88],[-26,-45],[11,-219],[85,-186],[121,-90],[102,-138],[54,-18],[-8,-18],[67,3],[-33,62],[73,-75],[214,140],[29,57],[-15,115]],[[32165,76377],[-34,152],[-52,102],[-43,21],[4,149],[-41,88],[-51,39],[23,15],[-27,4],[-15,96],[-109,67],[10,82],[-80,92],[31,-14],[-34,188]],[[31747,77458],[90,72],[123,48],[252,79],[73,-26],[47,33],[-70,97],[27,63],[35,21],[109,-42],[35,103],[68,59],[59,184],[109,117],[8,120],[-30,77],[91,27],[89,3],[36,-67],[69,35],[55,-51],[-13,-110],[70,-20],[49,-77],[-17,-125],[103,-8],[68,42],[67,-7],[55,45],[63,-7],[26,22],[30,-13],[35,-124],[28,-15],[32,18],[7,74],[209,56],[34,-6],[-3,-37],[62,-54],[-20,-74],[43,-30],[116,161],[131,-57],[172,140],[55,-87],[94,57],[82,-117],[189,78],[7,27],[108,-3],[30,71],[144,68],[37,-15],[88,59],[8,-115],[97,33],[21,106],[22,42],[25,-3],[-19,52],[35,66],[-47,48],[9,79],[-150,19],[-29,107],[-108,68],[51,74],[-31,89],[10,95],[-43,112],[35,27],[12,59],[70,20],[50,71],[-9,28],[167,100],[2,75],[28,21],[40,13],[20,-28],[56,32],[80,-54],[61,59],[19,-28],[38,50],[31,-25],[59,78],[-11,29],[35,9],[-8,50],[92,75],[289,5],[163,-100],[308,18],[131,139],[17,122]],[[36829,80059],[54,17],[44,-50],[70,6],[-37,-57],[-6,-77],[45,-80],[28,-246],[6,39],[27,-33],[131,81],[97,119],[26,111],[-55,138],[31,168],[62,113],[43,-4],[32,211],[45,36],[99,-20],[-24,49],[23,15],[-36,24],[55,190],[86,143],[90,352],[-43,80],[34,17],[20,81],[52,-3],[16,-32],[13,130],[78,56],[-27,39],[64,-10],[166,228],[21,143],[56,57],[32,89],[129,-46],[144,52],[100,-48],[3,-39],[79,21],[81,222],[59,21],[33,-14],[20,-57],[82,-3],[12,-32],[62,38],[54,-2],[71,-49],[146,-183],[58,-128],[229,-159],[55,12],[77,172],[57,5],[92,91],[10,46],[-88,126],[30,129],[98,121],[74,184],[122,133],[-117,100],[-32,119],[-43,48],[91,249],[-16,151],[72,250],[40,-9],[138,53],[170,130],[71,-21],[94,32],[262,184],[-21,98],[-106,62],[105,114],[83,23],[34,66],[42,6],[8,47]],[[41011,84494],[89,-48],[55,-98],[165,124],[25,-41],[63,-23],[121,21],[26,-53],[254,53],[56,-51],[173,9],[75,-74],[311,-116],[0,-77],[66,-92],[14,-89],[53,4],[24,-66],[101,-62],[34,-56],[0,-74],[118,-27],[15,-68],[110,-47],[-6,-111],[31,-27],[27,-175],[51,-40],[-7,-42],[167,-151],[124,5],[85,-30],[-81,-197],[85,-92],[-33,-60],[35,-65],[-8,-190],[103,-79],[6,-66],[45,-42],[134,-29],[44,-53],[29,-140],[57,-65],[135,12],[51,-25],[74,58],[135,14],[19,149],[-44,165],[60,36],[68,104],[63,15],[116,-57],[111,81],[-125,269],[93,44],[48,119],[-48,47],[56,120],[-59,58],[36,59],[-53,81],[13,58],[178,46],[35,135],[39,30],[99,-42],[63,3],[10,45],[81,47],[0,55],[120,92]],[[38718,87737],[3,-72],[260,-408],[14,-53],[-54,-129],[173,-124],[-30,-181],[147,-70],[60,-75],[60,-8],[-19,-28],[-89,1],[-66,-34],[-70,-138],[-20,-83],[22,-47],[-57,-27],[-14,-56],[-98,-52],[-75,-109],[-109,-71],[127,-30],[-1,-119],[32,-26],[207,89],[180,146],[115,-10],[175,110],[15,-41],[173,-65],[143,6],[151,61],[9,-23],[90,-15],[142,122],[-7,62],[153,73],[72,66],[9,51],[49,-62],[3,-63],[237,-130],[-26,-84],[112,-97],[47,14],[71,-26],[63,30],[35,-125],[100,12],[36,-21],[-33,-168],[18,-58],[-59,-88],[-65,-10],[-14,-59],[-117,-61],[-5,-99],[-53,-98],[-113,-115],[-47,-11],[-62,-96],[11,-39],[-66,-53],[125,-150],[-46,-145],[77,-24],[67,-116],[125,6]],[[36829,80059],[-55,169],[14,162],[-89,101],[39,-15],[63,128],[39,41],[47,-20],[30,54],[-21,24],[25,132],[-16,59],[47,90],[-21,89],[34,30],[10,79],[128,102],[-17,23],[30,17],[-3,24],[-81,7],[14,31],[-36,15],[23,46],[-27,82],[27,60],[-176,206],[74,76],[-20,103],[21,56],[107,54],[-1,52],[-165,111],[-80,0],[6,30],[-79,121],[-105,-36],[-84,20],[18,63],[-191,124],[-90,95],[-29,104],[-164,87],[-150,31],[66,90],[73,-3],[100,86],[-3,57],[158,163],[-76,126],[-41,7],[-26,44],[-74,12],[-57,-45],[-47,9],[-63,-110],[-88,110],[-24,-29],[-37,36],[6,-28],[-52,-11],[3,67],[-35,13],[-127,-81],[2,55],[85,74],[127,-3],[72,70],[74,194],[-67,71],[40,22],[7,42],[99,10],[15,-56],[58,-39],[32,50],[59,-3],[109,-196],[-45,-26],[57,-25],[41,22],[126,-93],[4,-55],[315,67],[15,59],[73,16],[50,53],[-8,87],[-33,26],[29,133],[-23,38],[-149,-27],[-88,45],[33,48],[-35,-7],[-14,30],[-25,-15],[-64,42],[-3,60],[32,20],[38,-20],[28,64],[66,24],[-16,98],[-39,18],[2,29],[-110,-9],[45,60],[-37,36],[-8,98],[97,32],[-27,84],[104,32],[-14,41],[39,54],[104,-41],[163,154],[-5,50],[63,41],[-67,42],[17,27],[98,11],[77,-60],[49,0],[10,45],[-50,38],[82,55],[84,2],[-35,109],[17,90],[-47,3],[9,73],[-61,131],[40,108],[-28,49],[19,83],[-71,62],[-67,-20],[-33,83],[-18,-23],[-45,14],[-8,106],[-38,-65],[-69,22],[-46,-46],[-70,48],[-73,-32],[-4,29],[-99,-14],[-41,26],[-112,-45],[-117,96],[0,-45],[-44,-12],[11,90],[-62,-7],[-52,50],[-35,-17],[-43,30],[37,21],[-28,49],[-16,-23],[-15,23],[-30,104],[77,75],[-62,35],[-54,-36],[-177,24],[8,133],[-71,-56],[-139,-5]],[[35682,86513],[-3,58],[116,30],[-87,60],[52,85],[-46,74],[136,81],[25,-26],[64,5],[38,45],[-18,53],[-78,59],[72,42],[38,172],[29,12],[50,-31],[114,33],[204,128],[138,5],[32,129],[-86,6],[-54,-66],[-196,-24],[1,56],[-35,48],[-104,9],[-119,-106],[-39,17],[18,-47],[-84,-68],[0,-77],[-45,9],[-44,-40],[-14,34],[-18,-42],[-39,20],[-30,-44],[-90,47],[61,117],[-172,120],[-54,-12],[12,80],[-153,22],[3,53],[55,2],[99,66],[86,-9],[15,87],[101,62],[59,101],[-2,80],[111,118],[-5,94],[134,92],[57,71],[-14,34],[62,27],[89,176],[48,15],[58,72]],[[36230,88727],[93,171],[63,27],[44,81],[121,-7],[6,-88],[61,-107],[80,14],[-4,-34],[164,38],[9,-72],[-138,-157],[41,-49],[55,14],[32,50],[157,-44],[15,18],[168,-110],[35,-78],[135,-135],[141,142],[86,-98],[5,-97],[115,-40],[70,-151],[174,44],[7,-90],[67,-92],[255,-64],[123,-82],[125,109],[95,-150],[64,12],[24,35]],[[53208,92654],[-39,3],[-15,39],[-63,-14],[-15,-16],[-17,-44],[-14,-12],[-9,-27],[-30,31],[28,-48],[-43,-33],[46,35],[9,39],[14,12],[26,57],[68,15],[9,-28],[-19,0],[68,-34],[-29,-3],[29,-80],[178,53],[-24,-48],[28,47],[1,53],[67,37],[-27,53],[-34,3],[20,24],[185,-146],[14,-30],[-45,-8],[30,-18],[26,21],[-19,-60],[28,33],[53,3],[17,97],[56,-11],[37,33],[108,-33],[16,24],[39,-30],[8,24],[-9,-48],[33,-41],[183,-66],[66,24],[62,-18],[77,-122],[175,3],[58,-123],[98,-80],[8,18],[68,-19],[-30,-24],[24,-34],[83,2],[36,17],[-13,22],[41,-22],[85,-234],[70,-82],[164,-77]],[[55253,91763],[0,-39],[-125,-137],[-98,-20],[-55,-155],[-70,-64],[-11,-60],[-156,-83],[20,-36],[-98,-56],[-11,19],[-94,-93],[-24,-65],[-98,-21],[-62,-45],[0,-71],[-156,87],[-89,236],[-88,92],[-152,-43],[-103,29],[-19,54],[-163,-46],[5,-23],[-78,-53],[38,-19],[34,-77],[-105,-43],[-31,-78],[84,-97],[103,-50],[21,-36],[-33,-27],[15,-15],[49,-11],[20,-46],[63,-34],[-43,-120],[33,-35],[-80,-128],[5,-65],[-104,-136],[-121,95],[-111,2],[-18,-150],[-96,-104],[-94,-1],[-5,51],[-39,27],[-114,17],[-28,-29],[-63,44],[-133,-35],[45,109],[-53,47],[-99,-25],[-77,64],[-156,-106],[-36,33],[-32,-13],[-18,-67],[-236,-27],[-143,-96],[-135,58],[-27,100],[-138,-18],[-28,103],[-79,-127],[-141,-65],[-143,-26],[-192,-184],[-52,20]],[[51035,89850],[-4,57],[-119,116],[42,47],[-71,57],[12,38],[-59,-19],[-42,80],[-34,-16],[-17,22],[-10,48],[-93,-5],[-69,55],[-18,107],[47,30],[-110,-8],[-47,-42],[-48,83],[-41,8],[-39,-29],[-80,42],[-3,178],[-95,85],[11,122],[-25,41],[-108,56],[58,62],[-100,48],[2,137],[-194,15],[-152,-78],[-31,-89],[-71,-2],[-148,103],[-166,32],[-157,140],[-62,-5],[-18,91],[-72,89]],[[48904,91546],[79,41],[-39,68],[14,92],[41,28]],[[48999,91775],[97,-24],[-15,24],[25,-18],[139,58],[-31,-99],[60,153],[70,22],[154,-43],[94,21],[49,48],[66,2],[113,57],[115,157],[49,-12],[83,54],[23,-10],[-17,13],[303,3],[178,115],[32,45],[-21,65],[97,54],[33,92],[-52,183],[144,57],[46,-45],[97,0],[76,54],[61,3],[-3,35],[17,5],[29,18],[3,4],[12,35],[-14,-38],[-28,-18],[-13,2],[-12,-8],[-3,-30],[-80,11],[-50,39],[-70,116],[7,174],[160,10],[82,44],[61,157],[71,22],[89,154],[58,-22],[63,43],[134,14],[239,-101],[142,53],[104,-11],[69,-42],[37,53],[28,-52],[91,-24],[65,9],[11,43],[139,16],[74,-62],[148,23],[-6,-33],[42,-2],[12,-48],[67,9],[32,-38],[71,2],[76,-61],[12,-69],[79,-118],[-34,-37],[41,15],[100,-136],[79,-44],[60,20],[-77,-104],[70,-141],[-41,29],[-41,95],[7,-119],[-38,-45],[-30,3]],[[51577,93696],[17,-19],[-26,-17],[9,36]],[[52163,93684],[-43,0],[36,30],[7,-30]],[[52848,93742],[-25,-5],[-1,26],[38,15],[-12,-36]],[[38685,89335],[-9,-77],[31,-31],[-50,-16],[4,-60],[-30,-18],[-111,36],[-116,-84],[27,-107],[46,-34],[-6,-71],[31,-24],[47,40],[28,-80],[66,-19],[1,-71],[30,-3],[47,-73],[-5,-38],[60,-42],[64,-3],[-9,-37],[96,-51],[8,-151],[31,-47],[-65,-222],[40,-126],[-206,-150],[-17,-39]],[[36230,88727],[-42,79],[-50,22],[27,74],[-35,18],[-5,106],[-80,30]],[[36045,89056],[36,130],[43,53],[79,-9],[96,-53],[68,152],[163,94],[-8,42],[-39,-8],[-9,22],[62,105],[84,-54],[113,0],[60,104],[65,-53],[117,29],[92,78],[154,-4],[83,47],[21,40],[42,-43],[52,86],[117,98]],[[37536,89912],[122,-82],[-76,-102],[73,-114],[-37,-10],[20,-8],[-36,-39],[-37,5],[52,-77],[250,3],[91,-32],[93,115],[-30,119],[98,3],[27,45],[46,-38],[11,20],[62,-14],[51,67],[182,-79],[99,35],[-76,-106],[1,-18],[32,20],[-2,-59],[48,-33],[-24,-68],[-45,-29],[43,-84],[70,18],[41,-35]],[[8877,104493],[198,-22],[53,-59],[-75,11],[-37,-68],[-35,13],[-17,-36],[-56,-8],[-26,46],[-16,-29],[-70,76],[-74,-11],[22,23],[-46,3],[51,52],[128,9]],[[8750,104555],[-23,11],[25,9],[-2,-20]],[[8711,104735],[-42,-11],[4,35],[38,-24]],[[8732,104881],[-23,24],[29,10],[-6,-34]],[[9063,105076],[-23,38],[35,-8],[-12,-30]],[[9011,105115],[41,-34],[-31,-62],[51,-95],[-17,-46],[-58,-9],[-20,-51],[75,-79],[-13,-48],[-131,-53],[-4,-25],[-106,-21],[-37,3],[5,71],[-40,-14],[-6,38],[-71,-41],[74,65],[-24,7],[24,18],[-12,50],[98,55],[-60,7],[14,82],[-31,-5],[-19,59],[36,-11],[-6,32],[34,3],[31,-42],[31,38],[105,12],[27,90],[40,6]],[[9631,105488],[50,-107],[-84,84],[34,23]],[[9426,105577],[170,-71],[1,-32],[-62,-12],[12,-30],[-42,-20],[3,-43],[-130,42],[7,-24],[-53,-15],[-82,25],[36,29],[4,50],[36,10],[-38,19],[2,48],[87,-24],[49,48]],[[9680,105808],[-16,-30],[-16,21],[32,9]],[[9417,105812],[57,-33],[-18,-62],[-53,27],[14,68]],[[9529,106046],[-20,-13],[-9,24],[29,-11]],[[9536,106066],[-22,-11],[-18,53],[40,-42]],[[9892,106196],[125,-3],[49,-56],[39,12],[30,-26],[-4,-96],[51,-53],[-73,16],[9,-116],[-57,58],[6,-64],[-97,61],[-2,-67],[-72,94],[-73,36],[-56,145],[45,-21],[-1,60],[81,20]],[[9546,106172],[10,-37],[-33,-39],[-42,59],[65,17]],[[10635,106494],[41,-66],[-78,-101],[-39,32],[-19,95],[95,40]],[[10236,106653],[36,-14],[-27,-28],[-9,42]],[[10265,106832],[5,-18],[-31,9],[1,41],[25,-32]],[[11427,107669],[76,-46],[-10,-25],[-129,-16],[63,87]],[[11193,107675],[23,-31],[-4,37],[81,-2],[42,-66],[-1,-58],[-72,-9],[-63,38],[-6,91]],[[11063,107667],[-23,26],[27,-2],[-4,-24]],[[11192,107720],[-25,-14],[8,33],[17,-19]],[[11290,107744],[-23,-14],[-43,41],[39,5],[27,-32]],[[11478,107954],[13,-38],[54,-8],[-6,-75],[43,-11],[-10,53],[34,0],[2,-110],[-86,32],[-18,34],[-65,16],[-38,-32],[-79,42],[-2,38],[48,39],[110,20]],[[11655,108067],[-29,-35],[72,-134],[-39,-14],[-62,23],[1,36],[-115,41],[114,81],[58,2]],[[10877,108141],[14,-50],[-110,-11],[21,50],[75,11]],[[11876,108372],[19,-27],[-28,-41],[-34,56],[43,12]],[[10903,107575],[-21,-38],[-84,11],[6,-29],[65,11],[62,-37],[24,-52],[-25,4],[-12,-45],[17,-77],[-144,-17],[50,-24],[-62,-27],[6,-48],[-62,-53],[38,-59],[-47,-15],[-55,51],[-55,-66],[120,-89],[-49,-80],[-75,42],[-65,-27],[27,-47],[-57,-28],[-38,31],[-83,-21],[-14,18],[-11,-24],[-94,20],[-22,45],[29,74],[-124,12],[9,-38],[-56,-25],[0,81],[-34,29],[-13,-80],[43,-44],[-19,-50],[-62,-13],[-84,40],[-95,-13],[-17,-29],[28,-50],[-108,-42],[467,-83],[18,-50],[-27,-24],[-51,60],[-21,-39],[-52,-3],[-117,55],[-147,-103],[19,-98],[264,15],[-44,-94],[-27,12],[-81,-69],[-111,38],[-12,-76],[-74,37],[-64,-34],[-50,41],[30,11],[-50,84],[24,6],[-64,53],[144,-21],[30,92],[-91,51],[-33,-21],[-28,24],[-51,-10],[-71,59],[10,18]],[[9480,106688],[15,60],[79,54],[-77,59],[10,44],[95,-11],[56,-54],[60,-6],[115,42],[-75,24],[-5,28],[-122,10],[-65,51],[11,55],[54,45],[-12,103],[74,19],[-36,30],[63,-7],[40,35],[52,-15],[1,34],[86,-45],[43,35],[17,78],[37,9],[-28,24],[11,29],[-77,-3],[-23,54],[22,29],[62,-23],[51,32],[31,63],[-66,76],[51,32],[22,81],[49,-33],[-28,29],[-51,12],[-38,60],[-124,41],[87,0],[20,33],[163,-33],[20,0],[-9,33],[107,-12],[67,28],[10,40],[57,-3],[12,28],[53,11],[0,42],[44,0],[83,260],[-66,59],[44,27],[-61,84],[27,41],[-19,39],[27,15],[100,-21],[-18,-134],[181,-11],[30,-92],[-63,-84],[21,-77],[-71,-5],[-143,-84],[24,-82],[127,-72],[2,23],[106,-87],[-3,56],[82,-99],[-11,40],[50,-33],[-1,26],[40,-14],[-22,-6],[29,-33],[-29,17],[15,-36],[80,-55],[-82,12],[-83,73],[-103,18],[-49,59],[24,-62],[176,-73],[-94,-10],[-45,39],[16,-44],[-44,17],[-43,-26],[85,-3],[16,-68],[-1,21],[34,-33],[22,15],[17,-36],[-8,30],[34,-1],[-15,36],[70,11],[1,-32],[36,0],[-33,-42],[54,-46],[8,38],[131,-68],[-18,-35],[53,-25],[-40,-15],[-21,39],[31,-124],[-48,35],[-58,-17],[-103,40],[-69,155]],[[11091,108586],[89,-20],[64,-110],[-73,-28],[13,-37],[-71,-75],[-72,-6],[-48,26],[-26,58],[89,94],[-49,63],[76,61],[8,-26]],[[10614,108707],[68,-52],[-134,-25],[38,41],[-25,27],[53,9]],[[11293,108900],[55,0],[6,-39],[-57,-6],[-30,34],[26,11]],[[12136,109114],[24,-22],[-47,16],[23,6]],[[11723,109090],[53,-74],[96,-48],[16,51],[48,29],[27,-35],[92,44],[24,-27],[67,15],[-13,-88],[-29,6],[-10,-34],[16,-58],[-38,-6],[44,-32],[-73,-60],[23,-78],[-45,1],[-1,-22],[-119,27],[-25,-17],[190,-75],[-64,-17],[28,-56],[-90,-72],[-147,107],[-9,176],[47,19],[-33,81],[-47,32],[26,42],[-31,72],[23,23],[-49,74],[-5,69],[8,-69]],[[10907,109642],[5,-33],[-46,5],[-3,25],[44,3]],[[12224,109839],[45,-32],[-103,13],[58,19]],[[11540,109852],[45,-48],[-26,6],[-3,-27],[-60,48],[22,33],[22,-12]],[[11584,109876],[26,-47],[-30,2],[4,45]],[[11763,109890],[76,-18],[17,-35],[-86,-3],[-36,56],[29,0]],[[11726,109891],[6,-19],[-46,10],[40,9]],[[11698,109909],[-24,-37],[31,-9],[-6,-29],[-58,47],[3,27],[54,1]],[[11622,109983],[33,-22],[-81,4],[48,18]],[[11619,110047],[3,-58],[-58,22],[55,36]],[[12313,110620],[7,-28],[72,-25],[-42,-63],[-77,27],[-14,56],[54,33]],[[11854,111245],[-19,-11],[-4,25],[23,-14]],[[11391,111260],[71,-36],[14,-50],[-28,-3],[5,-23],[-35,18],[-27,94]],[[12408,112571],[-73,-21],[47,39],[26,-18]],[[12378,112647],[16,-21],[-38,-49],[-66,28],[88,42]],[[12546,112654],[19,-27],[-66,-6],[14,39],[33,-6]],[[12687,112885],[-30,-33],[21,57],[9,-24]],[[12652,112926],[3,-38],[-22,-18],[-5,27],[-45,-74],[4,52],[65,51]],[[12262,113255],[9,-39],[-66,36],[57,3]],[[12099,113275],[39,-20],[-61,12],[22,8]],[[11937,113314],[76,-36],[-88,15],[12,21]],[[12007,113355],[-18,-46],[-29,37],[47,9]],[[12488,113507],[-18,-26],[-68,12],[35,26],[51,-12]],[[12291,113542],[55,-5],[-29,-18],[-26,23]],[[12207,113643],[107,-53],[13,-33],[-102,25],[0,-28],[-52,66],[24,-9],[10,32]],[[12014,113641],[-4,-37],[-36,24],[40,13]],[[12104,113656],[39,-27],[-44,2],[5,25]],[[12309,113693],[69,-8],[21,-84],[-87,43],[-3,49]],[[12422,113724],[0,-19],[-22,15],[22,4]],[[12480,113726],[-46,-3],[28,19],[18,-16]],[[12209,113708],[-13,21],[98,-61],[47,-81],[-67,26],[-11,65],[-54,30]],[[11999,113717],[23,-18],[-48,13],[25,5]],[[12839,113872],[7,-22],[-48,-29],[9,-65],[-34,-23],[89,-57],[-19,-36],[-35,9],[9,-23],[-64,-24],[14,-15],[-43,-45],[-33,7],[4,36],[-40,-15],[-32,25],[-62,-62],[119,1],[26,-33],[-141,4],[-114,76],[73,47],[-12,48],[69,-2],[-47,29],[44,-10],[-30,48],[57,59],[39,-14],[-7,29],[40,22],[103,-15],[-29,43],[64,-14],[24,21]],[[11656,113786],[-40,-86],[14,-62],[-28,-10],[39,-18],[-53,1],[36,-12],[-8,-26],[50,41],[44,-24],[4,-51],[-55,4],[6,-28],[20,19],[25,-26],[-44,-3],[37,-60],[24,65],[53,9],[139,-50],[1,-71],[29,9],[0,74],[80,-36],[-10,27],[104,-68],[50,-90],[-8,-24],[-106,34],[-46,-21],[1,26],[44,13],[-21,19],[34,10],[-42,-6],[1,-16],[-46,55],[-6,-48],[-57,5],[18,-31],[-53,17],[33,-29],[-86,35],[-4,-27],[64,-38],[-106,29],[-13,-29],[17,20],[151,-44],[-10,-23],[29,-10],[3,35],[150,-52],[90,-71],[-13,-18],[-51,32],[2,-29],[98,-50],[-3,-22],[74,-6],[4,-30],[-32,-19],[108,0],[-10,-40],[23,-11],[-28,-36],[-47,24],[-19,-26],[-132,62],[11,-27],[-86,8],[22,-49],[20,15],[27,-25],[-38,-23],[41,6],[2,-34],[48,37],[8,-30],[-33,-18],[37,-11],[42,38],[34,-23],[6,41],[41,-16],[-17,27],[51,10],[7,-36],[-34,-4],[19,-31],[-31,19],[-30,-22],[127,2],[26,27],[-33,20],[68,-24],[-58,27],[2,24],[74,18],[-11,27],[48,-9],[0,-30],[-38,1],[36,-45],[-18,-33],[-35,12],[17,-44],[-99,18],[42,-24],[7,-56],[-41,18],[-40,-33],[-37,27],[6,-31],[-78,-29],[16,-23],[-34,-21],[-71,40],[59,12],[-81,-2],[19,-71],[-86,6],[21,53],[-74,14],[-169,113],[28,-52],[220,-147],[-36,-46],[27,0],[-11,-19],[130,43],[22,-12],[-15,-43],[38,0],[-13,-20],[49,30],[83,-51],[30,84],[26,-28],[35,12],[54,-53],[-47,-9],[36,-50],[-47,-16],[37,4],[-11,-23],[62,-54],[-26,-26],[9,-123],[129,83],[63,1],[61,-124],[-32,3],[-63,-57],[47,-51],[-43,-35],[23,-19],[-34,-102],[-129,-25],[-80,45],[-44,-134],[-46,3],[18,-43],[-40,11],[-9,-63],[-107,-103],[29,-44],[70,-7],[-51,-2],[-15,-40],[58,-82],[-130,-80],[-17,-97],[29,-24],[-57,-19],[33,-79],[-77,-74],[-90,8],[-28,38],[-14,-83],[-107,55],[-71,0],[-19,62],[56,-28],[-22,98],[88,-97],[70,-1],[-75,55],[-25,68],[-101,59],[12,-54],[-35,-42],[-29,1],[19,29],[-50,4],[-41,-62],[-134,-12],[-79,129],[14,25],[-22,38],[4,-33],[-35,30],[3,-27],[-24,0],[61,-47],[-20,-27],[-100,42],[-45,100],[-18,-43],[87,-119],[-38,-4],[15,-21],[-27,12],[47,-29],[53,-104],[53,-6],[-32,18],[23,30],[53,-78],[60,19],[4,29],[112,-44],[-55,59],[69,9],[-24,14],[15,16],[81,-1],[12,-45],[-61,-2],[52,-21],[0,-45],[30,21],[48,-18],[-38,-31],[32,-25],[-5,-47],[89,-39],[133,39],[36,-29],[5,-63],[39,6],[44,-42],[-50,-209],[24,19],[28,-28],[32,-93],[60,-44],[7,-164],[32,-26],[-32,-69],[46,-41],[-45,-18],[-15,-50],[-58,-14],[9,-84],[-86,-18],[-12,-27],[-139,1],[-188,137],[-29,61],[-39,-15],[-71,33],[128,-92],[-36,-38],[72,-35],[-46,-4],[-7,-29],[87,-38],[13,28],[66,-20],[-6,-26],[-134,14],[-68,54],[-68,-4],[27,54],[-43,69],[-71,16],[-1,-46],[-43,-10],[-5,-32],[-34,21],[-48,-9],[17,-39],[-70,29],[-36,-22],[89,-15],[-36,-21],[-23,17],[-10,-27],[91,-61],[-25,43],[21,4],[42,-47],[-54,-51],[40,-80],[31,-17],[6,31],[26,-43],[49,46],[-15,15],[153,-52],[31,25],[9,-23],[11,29],[54,10],[-2,36],[81,-15],[15,29],[66,7],[57,-33],[126,-13],[56,-64],[75,2],[7,-67],[-53,-49],[59,1],[52,-65],[-41,-13],[22,-37],[-25,-27],[44,-4],[55,119],[40,-12],[15,-104],[128,-20],[-32,-102],[-46,34],[-84,-18],[106,-13],[-56,-31],[37,-19],[-31,-44],[-88,-8],[50,-89],[-9,-34],[-76,-3],[-75,54],[-104,-2],[-183,136],[-161,-13],[-36,54],[-19,-60],[-111,-40],[28,-4],[-38,-18],[-2,-50],[-26,86],[-50,-1],[20,-35],[-142,-20],[-51,29],[-64,-24],[-110,39],[-68,-8],[-65,102],[-101,43],[12,190],[-19,-30],[-95,106],[8,116],[-84,159],[41,175],[-143,449],[8,391],[-78,76],[12,129],[-41,94],[-73,50],[-61,10],[-19,-27],[-47,35],[52,42],[104,-36],[101,87],[55,322],[-7,51],[-56,44],[59,-6],[32,66],[-27,104],[19,46],[119,65],[89,132],[51,-19],[16,-70],[7,27],[-11,44],[-72,39],[-17,68],[40,352],[-75,407],[-81,192],[-145,199],[-3,70],[44,33],[53,-50],[56,-1],[106,128],[12,63],[32,-24],[49,20],[103,-65],[-59,16],[-34,-57],[33,-5],[-6,22],[25,-18],[59,40],[24,-12],[-10,21],[64,44],[60,-7],[43,27],[15,-18],[16,31],[22,-16],[74,42],[99,-50],[32,104],[14,-15]],[[12689,113920],[85,-7],[-113,-50],[-21,38],[49,19]],[[12501,113911],[13,-18],[-15,-6],[-36,18],[38,6]],[[12570,113916],[-23,-20],[88,3],[-35,-4],[34,-39],[-92,-14],[-79,38],[14,16],[49,-30],[-1,18],[28,-18],[-30,48],[47,2]],[[11328,113972],[-65,-83],[28,-18],[-36,-20],[0,-78],[-87,-123],[-18,17],[89,109],[18,135],[71,61]],[[12828,114180],[17,-18],[-29,32],[12,-14]],[[12830,114206],[12,-23],[-36,24],[24,-1]],[[12752,114230],[30,-30],[-54,-3],[-20,27],[44,6]],[[12518,114289],[54,-20],[-92,8],[38,12]],[[12502,114348],[22,-14],[-40,4],[18,10]],[[12624,114450],[40,-35],[-69,29],[29,6]],[[12889,114530],[-44,59],[39,-15],[5,-44]],[[12845,114578],[-22,-33],[-10,38],[24,18],[8,-23]],[[12800,114628],[-3,-51],[-24,30],[27,21]],[[12463,114604],[91,-86],[-63,17],[-35,33],[24,9],[-17,27]],[[12692,114749],[-20,-15],[-31,22],[51,-7]],[[12474,114849],[-12,-20],[-33,20],[45,0]],[[13071,114906],[-22,-24],[-18,24],[40,0]],[[12753,114977],[56,-50],[-67,3],[11,47]],[[12157,114968],[20,-23],[-43,26],[23,-3]],[[13111,115102],[11,-20],[-53,-12],[42,32]],[[12113,115066],[31,-29],[-23,-24],[-28,39],[-30,-3],[50,17]],[[11699,115034],[-32,-18],[-21,29],[53,-11]],[[11870,115046],[-13,-36],[-11,20],[30,27],[70,22],[-76,-33]],[[12136,115078],[-40,-9],[-9,30],[63,-9],[-14,-12]],[[11554,115085],[-21,-12],[51,-31],[-68,-12],[2,64],[36,-9]],[[11750,113931],[45,21],[66,-33],[-14,-23],[261,-78],[89,-125],[-143,58],[-84,99],[-52,6],[42,-20],[-37,-9],[35,-20],[-27,-6],[-18,33],[-4,-28]],[[11909,113806],[18,-23],[-79,21],[3,20],[-16,-35],[-51,5],[-2,-33],[71,-40],[-35,-7],[14,-24],[-105,34],[-24,65],[-134,62],[-71,95],[37,14],[-20,54],[-34,17],[-15,-50],[-97,71],[13,-44],[-26,-8],[-235,74],[-59,-27],[-34,299],[-51,68],[-62,12],[-26,78],[10,46],[64,-5],[17,89],[-83,26],[-12,32],[39,22],[-10,73],[71,39],[191,9],[59,75],[62,198],[185,15],[-29,-149],[87,21],[71,-20],[-49,-15],[-13,-44],[50,0],[12,25],[11,-31],[53,18],[-11,-33],[51,38],[76,-30],[8,60],[84,44],[49,-53],[23,33],[35,-22],[-98,-30],[13,-55],[26,50],[178,-65],[-68,68],[53,17],[94,-70],[15,21],[37,-12],[-22,-21],[37,-47],[-34,-25],[-88,3],[-3,66],[-49,-7],[16,-53],[-74,1],[62,-99],[57,27],[21,-73],[0,43],[49,13],[40,-27],[5,26],[1,-52],[75,-45],[-70,95],[19,52],[47,-5],[-54,51],[20,55],[120,-77],[-91,-3],[53,-40],[9,-37],[-40,3],[32,-11],[-11,-18],[82,-26],[-13,25],[46,19],[-24,54],[35,17],[107,-59],[1,-48],[19,30],[72,-65],[-61,14],[36,-61],[-71,37],[-3,-29],[-47,-3],[15,-23],[-84,73],[-42,6],[-23,-41],[-55,17],[58,-37],[-44,-6],[59,-52],[-56,-19],[12,-31],[206,-73],[-142,-13],[-17,62],[-10,-32],[-49,-2],[-78,185],[-12,-82],[22,-3],[-36,-17],[94,-104],[-44,-3],[22,11],[-32,45],[-36,-60],[44,-35],[-54,8],[-82,132],[-52,9],[42,-30],[-17,-77],[-96,20],[79,-71],[-44,5],[89,-41],[-58,19],[26,-28],[-136,-18],[174,-9],[44,-43],[-27,-9],[72,-13],[53,-59],[-4,42],[41,9],[79,-47],[113,21],[-104,8],[-31,44],[-54,-18],[-36,42],[21,29],[68,-34],[104,5],[-4,-18],[86,22],[99,-104],[-32,-15],[35,-15],[-28,-15],[49,-32],[-78,-7],[-43,41],[-8,-29],[-66,30],[130,-63],[57,-61],[-29,-42],[-170,-20],[-60,35],[34,-28],[-85,-14],[43,-17],[-7,-36],[-177,27],[143,-75],[21,-67],[-79,-3],[-257,123],[-50,-15],[-150,95],[-42,-12],[-111,45],[1,-50]],[[13121,115264],[2,-23],[32,16],[55,-37],[36,10],[-94,-89],[-80,56],[2,36],[47,31]],[[12716,115060],[-2,130],[239,-108],[-19,62],[-67,53],[-73,-4],[-6,48],[53,-24],[72,40],[83,-1],[54,-32],[-37,-60],[87,-33],[-44,-6],[35,-20],[-38,-20],[-41,19],[-16,-25],[55,-21],[-52,2],[-31,-33],[75,4],[-9,-21],[29,-11],[26,28],[31,-56],[-64,-39],[15,-14],[-63,0],[5,29],[-36,-12],[56,-41],[-9,-79],[-39,-1],[-66,-68],[-45,62],[-51,-18],[-18,27],[46,15],[-21,50],[32,27],[-15,68],[-17,15],[3,-26],[-29,-4],[9,31],[-51,28],[-28,-22],[-25,19],[28,27],[-33,4],[-20,36],[32,-25]],[[12522,115251],[22,-22],[-30,3],[8,19]],[[13083,115307],[-20,-33],[-27,26],[47,7]],[[13147,115316],[36,-27],[-35,3],[-1,24]],[[11913,115235],[58,-21],[-1,-23],[-57,44]],[[13211,115353],[49,-16],[-27,-37],[-77,19],[55,34]],[[11884,115256],[30,-38],[-37,-22],[6,31],[-37,11],[38,18]],[[12694,115321],[13,-20],[-44,17],[31,3]],[[11466,115177],[-15,52],[67,4],[6,-24],[-58,-32]],[[12893,115345],[-16,-39],[43,-26],[-130,17],[23,34],[10,-31],[70,45]],[[12299,115217],[-7,19],[35,9],[-58,32],[-6,33],[204,-36],[-1,-45],[-48,31],[-33,-33],[-56,17],[17,-44],[22,20],[48,-53],[-20,42],[20,24],[60,-48],[100,-6],[-39,48],[67,-22],[-5,-103],[-49,14],[64,-41],[-21,-2],[23,-28],[-59,3],[138,-49],[-22,-10],[45,-15],[-20,-30],[18,-19],[-50,-21],[76,-60],[-119,12],[52,-14],[-26,-18],[-124,70],[101,-18],[-143,30],[16,38],[-36,54],[3,-20],[-65,12],[36,-15],[-37,-31],[30,-23],[-81,-26],[-70,55],[33,27],[-56,10],[6,37],[-55,24],[-8,28],[57,6],[-88,-7],[-27,77],[-32,13],[-26,-25],[22,-20],[-157,-42],[107,39],[-60,47],[70,-9],[7,-23],[14,47],[20,-12],[-21,35],[94,15],[14,37],[2,-33],[104,-4]],[[12823,115395],[29,-24],[-60,28],[31,-4]],[[12083,115363],[35,-12],[-89,3],[54,9]],[[12771,115417],[24,-9],[-19,-25],[-29,37],[24,-3]],[[8987,115342],[-12,-26],[-21,15],[33,11]],[[11657,115562],[18,-15],[-30,-7],[-1,43],[13,-21]],[[11588,115630],[-38,-42],[-2,33],[40,9]],[[8882,115602],[24,-13],[18,11],[36,-20],[-5,-71],[-52,0],[9,32],[-14,8],[4,27],[-20,26]],[[8420,115635],[-1,-46],[-42,26],[43,20]],[[8479,115647],[-9,-23],[-21,17],[30,6]],[[9186,115716],[46,-41],[-16,-140],[-84,-16],[-6,-32],[44,-9],[-60,-89],[-87,-14],[38,27],[-43,17],[9,39],[-31,26],[53,87],[-14,49],[42,25],[44,-12],[65,83]],[[8840,115745],[-29,-71],[75,-57],[-7,-6],[1,-20],[-72,23],[-97,-70],[-95,2],[-19,-47],[-49,26],[-12,72],[82,-21],[37,38],[44,-8],[55,107],[86,32]],[[12182,116044],[22,-17],[-78,3],[56,14]],[[11121,116024],[100,-38],[-129,17],[29,21]],[[12950,116143],[-31,-13],[9,28],[22,-15]],[[11941,116084],[49,-31],[-92,-6],[-24,28],[69,-15],[-34,38],[32,-14]],[[10851,116152],[111,-3],[-34,-36],[-117,-17],[18,68],[22,-12]],[[10798,116119],[-12,-26],[64,0],[14,-42],[108,-33],[-95,-45],[-118,47],[-91,131],[27,116],[103,-148]],[[10801,116293],[-40,-14],[58,30],[-18,-16]],[[13109,116607],[42,-13],[-10,-34],[-50,34],[18,13]],[[13019,116646],[-2,24],[58,-18],[-56,-6]],[[13336,116763],[-61,22],[24,13],[37,-35]],[[13245,116964],[63,-9],[1,-47],[-64,56]],[[13451,116916],[-26,-27],[51,-12],[-13,-32],[-82,18],[-9,51],[41,8],[-36,41],[12,30],[32,-8],[30,-69]],[[13088,116982],[26,-3],[-45,-3],[19,6]],[[13282,117032],[48,-27],[-19,-30],[-65,1],[12,18],[-63,-16],[45,30],[35,-14],[-33,23],[40,15]],[[13223,117055],[4,-46],[-60,11],[56,35]],[[13132,117050],[-29,-16],[-10,18],[39,-2]],[[12911,117059],[24,-27],[-90,6],[66,21]],[[13206,117151],[33,-13],[-57,-17],[24,30]],[[13035,117174],[70,-11],[-23,-21],[40,-44],[-15,-28],[-76,16],[-78,67],[62,18],[11,-35],[9,38]],[[12890,117298],[101,-20],[31,-27],[-63,-20],[78,-24],[-72,2],[71,-28],[-101,-7],[-6,29],[34,12],[-48,18]],[[12915,117233],[1,0]],[[12915,117233],[1,1]],[[12916,117234],[0,-1]],[[12916,117234],[-89,76],[63,-12]],[[12886,117322],[41,-17],[-66,17],[25,0]],[[12801,117338],[-14,2]],[[12787,117340],[14,-2]],[[12921,117384],[46,-12],[-34,-17],[-32,30],[20,-1]],[[13959,117434],[-45,27],[48,-8],[-3,-19]],[[13442,117470],[7,-43],[-73,13],[1,31],[65,-1]],[[13763,117480],[-44,-15],[-22,30],[66,-15]],[[12932,117530],[44,-12],[-74,3],[30,9]],[[13393,117560],[-45,5],[21,18],[24,-23]],[[11001,117440],[-7,-26],[-33,10],[40,16]],[[12917,117559],[28,-21],[-63,37],[35,-16]],[[14048,117667],[50,-21],[18,-43],[-27,-50],[32,-38],[-27,-32],[-61,12],[-8,38],[-35,9],[8,76],[17,-29],[25,9],[-19,59],[27,10]],[[12837,117599],[44,-51],[-60,30],[4,12],[-13,8],[25,1]],[[12066,117568],[28,-9],[-22,-12],[-6,21]],[[13909,117675],[29,-27],[-13,-38],[-20,-38],[-40,3],[-30,18],[45,32],[-25,41],[59,-29],[-66,49],[61,-11]],[[13365,117690],[16,-41],[-34,15],[13,-33],[-39,2],[48,-34],[-86,-46],[45,-30],[-30,-28],[-52,5],[14,125],[105,65]],[[13118,117687],[44,-6],[-72,-30],[28,36]],[[13683,117728],[66,-67],[-19,-43],[-75,6],[-50,62],[51,61],[27,-19]],[[10724,117551],[-3,-21],[-29,9],[32,12]],[[13210,117723],[35,-7],[-64,-5],[8,30],[21,-18]],[[13844,117815],[-8,-39],[-22,33],[30,6]],[[13292,117791],[108,-65],[-37,-3],[-71,68]],[[13331,117799],[38,-21],[-71,31],[33,-10]],[[13957,117848],[10,-57],[-45,36],[35,21]],[[13433,117803],[58,23],[12,-48],[-85,6],[-18,24],[19,18],[14,-23]],[[13268,117815],[23,-19],[-47,25],[24,-6]],[[13810,117853],[-31,-26],[4,37],[27,-11]],[[13770,117839],[-38,-52],[-17,52],[31,23],[10,-23],[5,31],[9,-31]],[[13661,117782],[-107,-13],[34,51],[-13,41],[86,-79]],[[12009,117695],[35,-117],[-30,-24],[-17,65],[-69,15],[-32,-19],[-21,46],[-65,-28],[-41,19],[84,43],[60,-6],[37,60],[64,-27],[-5,-27]],[[13280,117853],[71,-56],[-93,35],[22,21]],[[13279,117882],[13,-21],[-54,34],[41,-13]],[[13296,117898],[23,-31],[-53,52],[30,-21]],[[13829,117960],[41,-25],[-30,-8],[-11,33]],[[11023,117782],[124,-38],[34,29],[27,-24],[-155,-115],[-2,-98],[-28,44],[22,15],[-39,32],[-54,13],[-80,-77],[-35,35],[-50,-23],[-33,26],[-92,-2],[-27,47],[19,27],[40,-34],[108,7],[34,49],[47,3],[-31,64],[40,-49],[86,1],[45,68]],[[13234,118052],[9,-95],[-41,65],[32,30]],[[14341,118119],[43,-9],[-14,-26],[-61,38],[29,16],[3,-19]],[[13024,118043],[-13,-18],[-23,21],[36,-3]],[[13147,118102],[-7,-23],[-14,21],[21,2]],[[12296,118087],[53,-45],[-60,-67],[-54,36],[-2,44],[63,32]],[[12946,118162],[64,-13],[39,-49],[-88,23],[-15,39]],[[14390,118283],[28,-36],[-38,-30],[-34,31],[26,46],[18,-11]],[[13651,118273],[28,-17],[-15,-20],[-50,27],[37,10]],[[14216,118339],[74,-106],[-105,24],[-36,47],[69,12],[-2,23]],[[13698,118303],[32,-9],[-46,-37],[-23,22],[26,-6],[11,30]],[[14429,118422],[88,-60],[2,-40],[-49,11],[-64,83],[23,6]],[[14063,118436],[19,-20],[-45,38],[26,-18]],[[13931,118511],[-29,39],[64,-15],[9,-21],[-45,9],[56,-41],[-28,-9],[-27,38]],[[11968,118532],[121,-65],[-66,-98],[55,-92],[-28,-42],[-107,31],[-66,77],[28,28],[-44,57],[0,59],[54,15],[-2,27],[55,3]],[[8510,118288],[24,0],[-14,-37],[-41,-45],[-33,-4],[-19,31],[71,2],[-12,12],[29,16],[-33,19],[28,6]],[[13019,116646],[-153,-24],[167,-18],[29,36],[65,4],[17,-24],[-76,-9],[25,-59],[-18,-13],[44,18],[58,-39],[25,52],[36,-3],[23,34],[162,-28],[24,62],[65,-31],[-3,28],[-36,9],[43,26],[42,-2],[4,-55],[58,19],[-17,-99],[-72,-38],[21,-59],[-38,-30],[15,-62],[-55,-125],[-28,-24],[-64,30],[33,-36],[-107,-85],[-109,-23],[-103,17],[-11,-21],[-21,41],[-35,-12],[9,30],[-58,71],[-8,-40],[-111,52],[55,-59],[-44,-36],[67,1],[-10,-18],[-114,11],[-41,39],[8,-38],[-67,44],[-29,-27],[-133,54],[-12,-30],[104,-12],[50,-52],[-85,-7]],[[12610,116086],[-41,-15],[-38,41],[-14,-28],[27,-28],[-45,9],[-59,-38],[-86,30],[-123,-30],[3,32],[-49,16],[-11,-18],[-33,71],[66,-7],[-18,25],[41,18],[-26,-30],[56,9],[0,-34],[-31,-11],[26,-20],[4,25],[60,-10],[18,37],[-29,24],[10,36],[-28,-1],[33,6],[14,54],[-68,38],[-14,46],[-29,-58],[48,-91],[-110,44],[-43,-64],[-118,22],[-45,-19],[10,-24],[152,-25],[18,-23],[-86,8],[75,-20],[-13,-42],[-72,3],[1,42],[-29,-2],[38,29],[-109,-7],[4,46],[-26,-1],[-34,92],[16,-100],[30,-12],[-21,6],[-6,-36],[-56,0],[20,-21],[-50,7],[35,-43],[-41,-11],[67,-20],[-53,-36],[11,-30],[58,9],[-22,29],[27,13],[41,-12],[-4,-22],[47,28],[4,-27],[-39,-3],[58,-57],[27,4],[-35,34],[-1,51],[27,-5],[-20,31],[416,-43],[70,29],[67,-15],[141,27],[47,-29],[107,17],[2,-32],[2,29],[59,4],[41,-43],[-20,-20],[113,-12],[26,23],[-26,84],[161,27],[24,-9],[-25,-19],[109,-6],[9,-28],[-50,-39],[46,11],[-13,-35],[26,-12],[-28,-9],[-36,-104],[57,-5],[-19,-30],[36,-6],[-70,-109],[8,-60],[-74,-32],[25,-31],[-43,-31],[26,-48],[-28,-28],[-174,-19],[40,-40],[14,31],[135,18],[19,-22],[-33,-18],[12,-20],[-50,17],[-38,-29],[0,21],[-40,-4],[-3,-28],[-74,20],[-45,-20],[-174,91],[-59,-20],[-60,17],[-100,88],[1,-38],[-41,21],[2,-59],[33,26],[21,-32],[39,12],[123,-51],[25,-29],[-41,-22],[12,-25],[-169,46],[14,-34],[-26,6],[-64,53],[32,12],[-29,37],[-12,-46],[-72,43],[-5,-50],[54,10],[54,-48],[-167,-29],[29,56],[-66,0],[28,-24],[-19,-26],[-77,20],[-66,80],[-7,-14],[-22,3],[22,8],[-27,6],[-5,17],[37,-2],[-14,24]],[[12160,115470],[-86,12],[134,-158],[-13,-65],[-8,48],[-51,-9],[40,38],[-45,3],[22,35],[-82,84],[-57,-29],[-20,34],[-48,0],[52,-35],[-71,-24],[-104,92],[31,15],[-94,33],[35,-71],[98,-86],[-40,26],[7,-47],[-42,3],[11,-26],[-136,22],[-67,63],[22,95],[68,21],[6,42],[-86,88],[8,75],[-92,0],[-52,88],[-71,1],[-23,-28],[81,-100],[-26,-56],[-41,35],[16,-38],[-78,-60],[92,-149],[-85,-139],[42,-55],[-13,-69],[-112,51],[-71,286],[-263,356],[21,119],[-12,-107],[113,-112],[38,14],[2,-35],[0,66],[45,-30],[21,21],[-42,29],[39,23],[-34,16],[9,35],[46,-9],[6,-47],[2,33],[27,-13],[-23,42],[21,-11],[0,29],[55,20],[23,-61],[-71,-43],[0,-44],[39,-6],[64,54],[15,-50],[6,64],[39,-6],[5,-31],[80,31],[-100,77],[2,43],[126,34],[4,-38],[-36,-14],[62,-36],[-38,33],[103,6],[-70,17],[11,22],[147,-6],[79,34],[-89,24],[-15,-38],[-58,-6],[-54,3],[-18,29],[-61,-23],[-158,26],[-61,65],[-26,-11],[-85,59],[9,18],[-99,-5],[16,46],[-72,-8],[-51,79],[-33,-12],[-15,54],[-32,-2],[22,32],[-32,18],[32,29],[-73,-17],[17,32],[-31,20],[24,21],[-68,-12],[-5,39],[-36,-11],[-96,58],[28,-80],[30,-2],[0,-28],[48,6],[1,-38],[-123,-125],[-124,-19],[-66,-60],[-72,41],[-89,6],[-4,86],[-85,137],[10,33],[68,0],[16,85],[-51,-3],[-4,45],[-73,17],[41,-20],[-34,-33],[51,-80],[-117,-38],[-5,46],[-89,64],[-51,3],[-36,-37],[-69,160],[-48,31],[-66,-25],[-30,56],[57,84],[66,35],[25,-17],[11,-107],[95,33],[16,50],[-40,35],[62,16],[14,118],[-110,47],[59,34],[52,-13],[22,62],[43,-33],[59,22],[-21,29],[43,50],[-53,92],[33,-2]],[[10114,117305],[47,107],[42,23],[-25,66],[60,-13],[-41,111]],[[10197,117599],[-34,13],[16,24],[35,-24],[40,19],[-16,27],[25,-19],[1,1]],[[10264,117640],[7,39],[83,-12],[42,-49],[60,-17],[52,27],[-4,38],[33,-12],[20,24],[9,-57],[92,-79],[-20,-12],[145,-50],[-43,43],[67,-5],[-3,-72],[106,-68],[-19,-15],[-31,22],[22,-36],[-38,-30],[42,-30],[78,22],[77,-19],[21,-49],[41,3],[39,-55],[25,24],[-24,34],[77,77],[-37,83],[43,0],[-10,44],[44,54],[-13,70],[-51,36],[191,48],[131,98],[40,99],[-37,58],[-52,-12],[7,40],[86,-14],[0,45],[109,43],[19,37],[-26,23],[78,68],[52,-74],[-6,-38],[-124,-62],[-14,-62],[50,-90],[-43,-6],[-86,-94],[-27,-117],[66,-14],[-24,-17],[26,-4],[56,3],[-6,36],[89,-8],[26,-48],[-76,-31],[36,-20],[55,45],[146,-15],[32,-51],[-62,-23],[53,-13],[-30,-80],[78,-14],[22,51],[-39,53],[47,-19],[16,24],[-39,46],[-33,-10],[4,24],[78,14],[82,-89],[68,18],[-1,39],[63,20],[-89,19],[1,30],[78,12],[75,-51],[32,38],[-69,38],[-125,-5],[-118,89],[41,32],[122,13],[102,82],[38,-8],[59,61],[-16,58],[145,103],[-2,47],[59,10],[54,-42],[-20,-47],[37,-21],[-23,21],[56,50],[-7,82],[51,60],[54,8],[84,61],[-13,44],[-46,11],[-21,71],[-30,6],[-59,-44],[61,-63],[-30,-15],[-243,33],[-17,33],[137,131],[130,279],[145,58],[138,18],[164,-80],[32,-65],[-65,-27],[-13,-154],[-29,-11],[-50,53],[29,-4],[-62,25],[-63,-33],[57,-118],[-100,-13],[-14,-138],[-25,20],[-17,-27],[-76,-53],[56,-51],[-66,-9],[-12,-40],[45,-46],[39,13],[69,-30],[21,-59],[39,14],[35,-24],[-139,-14],[163,-30],[-3,-51],[73,16],[-24,-131],[-41,-3],[22,-23],[-29,-19],[29,-11],[-45,-9],[-5,60],[-62,25],[-10,-32],[32,-9],[-36,-17],[3,-28],[-46,-7],[69,-39],[-107,6],[48,-22],[123,6],[6,-21],[-45,-26],[-39,29],[-89,-28],[-20,32],[-17,-21],[-201,38],[10,-29],[-34,-18],[48,23],[45,-40],[27,23],[-20,14],[88,-16],[-19,-10],[5,-9],[70,-41],[-40,-71],[56,-42],[67,7],[-66,26],[24,24],[83,-77],[-7,46],[59,-23],[4,38],[-18,-23],[-77,45],[208,0],[-131,11],[38,56],[67,-14],[50,-65],[136,18],[-57,-30],[21,-75],[42,-27],[-34,-38],[61,30],[41,62],[73,16],[0,22],[158,13],[-28,26],[36,4],[-67,25],[25,37],[-77,-10],[-58,66],[-33,-4],[61,60],[101,-79],[58,-7],[-2,-32],[-28,3],[38,-7],[4,-44]],[[13660,117500],[31,-6],[-5,-62],[77,-2],[-14,25],[46,-17],[-25,-20],[59,9],[21,37],[104,-130],[-62,-56],[5,-29],[-122,-170],[-56,-30],[-10,-97],[-80,-107],[-50,20],[-80,105],[-49,14],[-37,60],[19,26],[-88,42],[105,27],[75,71],[-90,41],[18,-35],[-96,-60],[-159,3],[-90,63],[70,6],[-99,20],[19,-41],[-64,14],[-15,22],[35,28],[-84,52],[85,-42],[4,35],[32,1],[-31,74],[-37,6],[5,-37],[-32,19],[-9,-27],[-3,24]],[[12983,117376],[0,2]],[[12983,117378],[-138,43],[29,-21],[-24,-18],[-35,8],[23,12],[-128,-5],[26,-30],[99,8],[-4,-40],[-32,28],[-48,-29],[13,15],[-30,8],[-112,1],[68,-32],[-79,23],[-29,-36],[66,-15],[12,-21],[-46,-9],[46,-4],[-12,-18],[108,14],[18,-20],[-17,-4],[-7,-12],[-7,1],[26,-12],[-5,23],[36,-5],[8,14],[44,-44],[0,-27],[-48,-17],[12,-43],[-103,-61],[56,-27],[-29,-17],[84,26],[27,-38],[43,-3],[-16,-19],[-68,19],[40,-18],[-20,-30],[114,36],[226,-60],[-30,-14],[18,-33],[-79,-18],[-10,26],[60,24],[-69,-8],[-57,46],[-29,-17],[20,-14],[-90,-15],[70,-56],[22,25],[-30,-2],[-12,32],[93,-58],[111,14],[-23,-15],[28,-6],[-23,-6],[14,-21],[-72,-38]],[[13082,116768],[42,-33],[-23,-20],[35,-3],[-21,-15],[19,-24]],[[13134,116673],[-137,65],[29,35],[-20,15],[-25,-37],[-34,25],[43,-62],[75,-35],[-140,35],[42,-23],[-62,6],[6,-18],[62,-12],[-5,-29],[51,8]],[[15080,119063],[45,-22],[-26,-44],[-26,0],[-19,44],[26,22]],[[13727,118983],[51,-21],[17,-68],[41,-25],[-33,-5],[145,-84],[13,-49],[-48,15],[10,-22],[-87,60],[-41,-29],[-107,76],[-30,86],[69,66]],[[14353,119093],[18,-25],[-33,13],[15,12]],[[14324,119182],[-20,-22],[-15,41],[35,-19]],[[12310,119133],[49,-17],[-2,-41],[-64,26],[17,32]],[[12289,119155],[20,-12],[-27,-16],[7,28]],[[14069,119300],[7,-39],[-26,35],[19,4]],[[13783,119364],[45,-70],[-12,-56],[45,-16],[-18,-49],[47,-39],[-45,-125],[-135,172],[-45,20],[-19,67],[120,35],[17,61]],[[15680,119644],[26,-6],[-14,-16],[46,21],[44,-41],[-73,-17],[-47,47],[18,12]],[[12502,119522],[120,-8],[126,-184],[-56,-45],[-26,-71],[-75,-24],[-41,-47],[-163,-7],[-163,108],[-56,103],[15,30],[34,-21],[23,98],[144,6],[20,54],[98,8]],[[16412,119942],[4,-35],[-23,21],[19,14]],[[16047,119939],[42,-56],[3,25],[53,-40],[-1,-59],[-46,25],[-47,-15],[-47,100],[43,20]],[[12238,119815],[91,-9],[28,-38],[-66,-17],[-39,-45],[-43,76],[29,33]],[[13021,120191],[28,-2],[-14,-39],[-39,27],[25,14]],[[17258,120518],[-38,17],[40,39],[-2,-56]],[[17105,120589],[41,-50],[-59,29],[18,21]],[[17227,120609],[27,-23],[-73,-6],[46,29]],[[17045,120664],[-6,-45],[-55,3],[34,33],[-30,29],[57,-20]],[[16960,120740],[-15,-33],[-10,25],[25,8]],[[17006,120728],[-35,-14],[-1,36],[36,-22]],[[16989,120775],[8,-17],[-62,14],[-2,22],[56,-19]],[[17334,120624],[-38,16],[17,-38],[63,-16],[-34,-38],[-23,42],[-19,-21],[-49,24],[-15,47],[55,24],[-30,35]],[[17261,120699],[-109,119],[11,-104],[-55,-4],[31,-11],[-5,-47],[-12,38],[-19,-17],[-14,76],[32,-12],[7,31],[-44,29],[-19,73],[-1,-19],[-41,28],[71,3],[46,-47],[14,29],[60,-11],[-57,21],[6,36],[-82,0],[15,27],[92,-3],[76,-43],[81,12],[16,-38],[63,-11],[-18,-22],[103,19],[66,-39],[13,-30],[-44,-26],[84,-28],[-9,-59],[28,3],[-4,-44],[25,-10],[-20,-20],[-10,27],[-10,-42],[-46,-20],[-62,-4],[-13,-38],[-63,11],[-42,-37],[9,89],[-62,23],[50,39],[-65,-22]],[[16766,120901],[40,-50],[-57,37],[14,-50],[-27,-23],[-76,76],[45,50],[46,-7],[15,-33]],[[747,119724],[123,-75],[-50,19],[-10,-24],[-61,67],[-66,-26],[8,63],[56,-24]],[[19735,121232],[18,-9],[-33,-3],[15,12]],[[20171,121294],[34,-8],[-42,-3],[-11,-109],[84,-49],[5,-79],[-39,-93],[-53,223],[-177,75],[-24,52],[98,-20],[81,39],[44,-28]],[[20355,121318],[13,-39],[81,-52],[-160,55],[58,93],[8,-57]],[[341,120163],[47,-84],[65,-36],[45,108],[184,-68],[60,49],[4,-76],[37,2],[7,-44],[92,-85],[-65,-52],[-118,27],[-29,-107],[19,-41],[-52,-29],[-65,118],[-52,-29],[-64,50],[-106,18],[18,85],[-39,42],[15,60],[-36,6],[-24,47],[4,42],[53,-3]],[[222,120237],[-12,-101],[-83,-35],[-49,-7],[17,36],[-52,48],[-43,-12],[61,59],[55,-9],[92,45],[14,-24]],[[15439,121521],[91,-33],[-87,8],[-4,25]],[[13899,121188],[20,-17],[-9,19],[94,9],[28,39],[23,-32],[37,12],[53,222],[93,6],[9,91],[102,-22],[70,25],[9,45],[97,-14],[34,-31],[57,-213],[-49,-112],[29,-51],[-68,-23],[12,-59],[-99,-63],[3,-35],[-35,5],[-1,-27],[-29,34],[-12,-19],[-15,66],[-88,15],[-130,125],[-71,-22],[5,-113],[-35,-67],[-155,-47],[-51,-55],[-43,137],[42,71],[-30,26],[-34,-20],[-9,66],[56,20],[-12,-41],[44,-15],[16,54],[42,11]],[[14776,121873],[44,14],[31,-32],[32,-98],[-88,21],[25,9],[-27,68],[-46,12],[15,41],[14,-35]],[[1401,120903],[51,-44],[-4,-68],[45,-39],[-46,-54],[-125,55],[79,150]],[[14718,121953],[19,-38],[-41,-31],[-41,36],[63,33]],[[1365,120941],[-28,-5],[11,45],[17,-40]],[[19427,122828],[181,15],[69,-113],[-65,-16],[-106,68],[6,-65],[-26,27],[-36,0],[-4,-27],[-26,31],[-23,-19],[-51,50],[53,57],[28,-8]],[[16950,122862],[84,-207],[-35,-77],[-61,-35],[-150,239],[49,72],[83,27],[30,-19]],[[12011,122539],[-33,-71],[-51,33],[0,36],[84,2]],[[13724,123130],[-12,-33],[-28,6],[-4,57],[44,-30]],[[13340,123335],[56,-12],[11,-69],[44,10],[113,-69],[42,-241],[31,-12],[-35,-114],[-120,-22],[-61,93],[-88,9],[7,30],[-49,-22],[-45,21],[-86,-42],[18,16],[-58,44],[0,73],[-35,-2],[-34,41],[11,65],[-60,71],[53,10],[27,47],[50,6],[10,-23],[39,32],[-28,20],[96,-5],[91,45]],[[13208,123338],[7,37],[31,-14],[24,21],[-36,-62],[-46,2],[20,16]],[[13667,123759],[45,-40],[-36,-6],[-9,46]],[[19981,124223],[42,6],[11,-107],[-105,111],[52,-10]],[[19977,124310],[-17,-35],[-53,-1],[-21,26],[91,10]],[[18734,124233],[17,-24],[-76,-1],[7,27],[52,-2]],[[19159,124282],[37,-7],[-37,-12],[0,19]],[[19111,124288],[37,1],[-47,-18],[10,17]],[[19853,124405],[61,-75],[-69,-27],[-24,72],[32,30]],[[19500,124408],[37,-15],[-42,-87],[-95,-58],[-12,21],[-37,-13],[-16,60],[99,85],[66,7]],[[13420,124066],[-17,-18],[38,7],[21,-35],[12,-135],[-82,-21],[-78,33],[3,24],[23,-12],[-15,31],[53,29],[-11,36],[-80,18],[51,43],[82,0]],[[19972,124585],[29,-35],[-52,-24],[23,59]],[[19668,124651],[42,-10],[-54,-52],[-29,50],[7,23],[34,-11]],[[19748,124683],[25,-12],[-30,-9],[5,21]],[[13370,124354],[16,29],[30,-21],[-46,-8]],[[20286,125608],[37,3],[-6,-32],[-31,29]],[[16900,125484],[-8,-45],[-22,54],[30,-9]],[[16868,125629],[-43,-68],[-31,9],[13,58],[61,1]],[[13530,125460],[13,-30],[-47,-8],[34,38]],[[15525,125679],[-30,36],[27,-3],[3,-33]],[[15410,125775],[35,-93],[-23,-12],[-63,54],[9,42],[42,9]],[[15187,125708],[11,-86],[-107,48],[2,42],[48,-9],[7,56],[39,-51]],[[16795,125848],[-22,-9],[-1,39],[23,-30]],[[16582,125691],[-53,14],[-62,81],[31,89],[70,-62],[14,-122]],[[16557,125969],[-36,-26],[-25,20],[-19,75],[57,-11],[23,-58]],[[15437,126064],[62,-116],[28,27],[63,-67],[-90,-66],[-73,47],[12,78],[-26,56],[24,41]],[[15562,126095],[14,-24],[-35,-12],[21,36]],[[16331,126184],[51,-58],[-51,9],[-18,62],[18,-13]],[[15078,126136],[-1,-30],[-14,50],[15,-20]],[[15264,126239],[24,3],[7,-92],[-22,-15],[-43,33],[-21,-29],[-12,35],[50,33],[-48,-1],[-7,25],[72,8]],[[15070,126397],[34,-78],[-22,-36],[44,-49],[-51,-30],[-58,32],[-79,131],[12,24],[45,-30],[23,14],[28,-44],[-15,50],[39,16]],[[15003,126441],[32,-23],[-70,-18],[0,33],[38,8]],[[16197,126225],[31,3],[78,-83],[-30,-16],[8,-55],[26,-9],[5,30],[28,-27],[13,49],[38,-14],[32,-112],[-32,2],[22,-50],[-32,-35],[39,-66],[-11,-47],[-109,21],[-73,74],[-152,-13],[-43,31],[3,-37],[-112,-19],[-247,40],[-76,193],[115,-33],[-12,31],[34,0],[10,-71],[-5,106],[43,5],[8,48],[-21,16],[6,-49],[-38,-6],[-55,185],[35,-1],[3,31],[-35,5],[-55,69],[-11,-45],[99,-241],[-38,6],[3,45],[-98,45],[-12,71],[61,-57],[-3,28],[-60,123],[-49,-29],[-36,39],[-14,35],[27,8],[-23,22],[43,8],[-70,98],[-8,62],[43,24],[-21,21],[59,-48],[50,39],[197,-42],[17,37],[1,-52],[36,28],[68,-107],[-3,-89],[-28,-21],[65,-79],[12,-86],[27,109],[52,-124],[37,12],[4,-45],[41,-4],[-14,58],[56,-16],[-59,29],[1,72],[78,-56],[-12,-44],[45,-1],[-2,-29]],[[21000,127112],[-7,-31],[-41,0],[48,31]],[[15318,126820],[34,-29],[-45,-26],[16,26],[-32,-11],[-8,29],[35,11]],[[15532,126832],[72,0],[64,-59],[59,9],[29,-38],[-8,-51],[-104,21],[-72,-32],[-73,123],[33,27]],[[15653,126895],[15,-60],[-53,41],[38,19]],[[15620,126900],[-20,18],[26,4],[-6,-22]],[[15286,126956],[20,-26],[-20,-11],[-33,34],[33,3]],[[15608,126983],[-11,-37],[-30,2],[11,33],[30,2]],[[15971,127090],[22,0],[-2,-35],[-37,6],[17,29]],[[15220,127072],[32,-27],[-82,-17],[50,44]],[[9369,127063],[76,-6],[-101,-38],[25,44]],[[8818,127067],[-3,-31],[-22,13],[25,18]],[[9320,127132],[45,-18],[-22,-35],[-69,20],[46,33]],[[21392,130100],[-1,0]],[[21392,130100],[13,-16],[-31,0],[17,16]],[[21003,130546],[0,1]],[[21003,130547],[93,-36],[-1,-27]],[[21095,130484],[-20,-14],[72,-57]],[[21147,130413],[121,-67],[-1,0]],[[21267,130346],[73,-21],[12,-22],[-39,-44],[26,-36],[40,12],[-40,-43],[-19,9],[-14,-6],[25,-1],[-30,-9],[7,-38],[43,-24],[17,-39],[37,-11],[-5,-12],[45,0]],[[21445,130061],[35,-12]],[[21480,130049],[-2,-9]],[[21478,130040],[1,-5]],[[21479,130035],[-19,-22],[56,-15],[-29,-50],[97,-5]],[[21584,129943],[47,-95],[60,-6],[20,-34],[-7,-41],[-117,-94],[12,-45]],[[21599,129628],[30,-81],[-53,-43],[55,-89],[41,17],[35,-56]],[[21707,129376],[25,-9],[-23,-56],[71,-27]],[[21780,129284],[7,-29],[46,-6],[-22,-12]],[[21811,129237],[13,-178],[-92,-30],[-100,-106],[-34,-170],[-60,-30],[-3,-98],[-57,-68],[21,-21],[-60,-105],[20,-24]],[[21459,128407],[-78,-89],[70,-42],[-43,-57],[36,13],[247,-232],[50,-12],[26,30],[-2,-41],[79,21],[32,-68],[-272,-33],[-47,-30],[-92,-180],[-95,-69],[-13,-50],[-70,-28],[-39,16],[5,-44],[-67,-37],[23,-35],[-76,-47],[78,-38],[2,-67],[-40,-65],[-224,-55],[-79,31],[-63,-97],[-40,3],[37,6],[-18,41],[-13,-6],[-11,19],[-30,8],[-30,-11],[-28,17],[18,-17],[69,-1],[6,-17],[-23,2],[34,-15],[-31,-8],[6,-27],[74,-6],[10,-89],[-26,-35],[26,-131],[-122,-50],[7,20],[-104,-20],[-115,53],[-86,-160],[26,-130],[64,-23],[-12,-75],[-52,-17],[-11,-52],[-154,-34],[-43,-123],[28,84],[-160,59],[-14,-30],[61,-9],[-10,-41]],[[20140,126287],[-7,2]],[[20133,126289],[-1,3]],[[20132,126292],[1,-3]],[[20133,126289],[7,-2]],[[20140,126287],[0,-36],[-30,4],[24,-15],[-26,-13],[31,3],[-15,-44],[-35,-30],[-53,18],[3,-27],[-24,31],[-13,-28],[-48,25],[19,-27]],[[19973,126148],[11,-25]],[[19984,126123],[-29,-5],[171,3],[35,-32],[-22,-48],[22,3],[113,80],[41,-27],[45,18],[1,45],[-61,6],[-35,50],[22,2],[101,-52],[128,-146],[32,-8],[20,37],[58,-118],[171,-50],[62,68],[67,-8],[81,37],[-5,33],[109,131],[115,-24],[103,75],[53,62],[13,89],[72,11],[27,35],[20,105],[103,18],[111,68],[59,-25],[78,90],[-19,80],[71,17],[45,-67],[44,29],[36,-26],[12,46],[34,-17],[11,-53],[10,15],[-41,-131],[-70,14],[-54,-68],[5,-44],[62,-26],[1,-30],[-109,-51],[28,-56],[-81,-66],[48,-68]],[[21898,126144],[20,-15]],[[21918,126129],[35,-28],[-100,-33],[41,-71],[-41,-4],[-12,-59],[-37,6],[-3,-50],[-26,6],[-56,-62],[-58,14],[-74,-70],[-44,16],[-70,-29],[-31,-68],[37,-83],[-49,9],[-6,-39],[-109,-38],[-25,-38],[-195,-34],[-36,4],[-30,53],[12,48],[-147,37],[-21,138],[-66,5],[-15,96],[-47,17],[-159,-12],[-107,-56],[-47,-62],[65,-36],[-36,-47],[-21,52],[-38,10],[-17,-84],[-58,13],[2,36],[-88,-77],[-42,0],[-30,35],[13,85],[-61,42],[19,60],[-58,18],[-117,-43],[-38,16],[11,27],[33,-24],[23,27],[-116,46],[-11,-24],[-16,36],[27,3],[18,87],[-89,-110],[52,-105],[-41,-20],[74,-39],[29,-113],[67,9],[14,60],[8,-29],[41,-6],[-9,-44],[-85,-46],[-18,-73],[-46,-16],[46,7],[36,-33],[11,-42],[-35,-8],[111,-208],[9,-118],[-92,-83],[-67,-19],[-55,18],[-149,-82],[-133,91]],[[19575,124991],[-2,0]],[[19575,124991],[0,-2]],[[19575,124989],[-2,2]],[[19575,124989],[16,-47],[53,-30],[-56,-48],[-8,-29],[44,-1],[-28,-11],[47,-4],[203,114],[209,-15],[20,-48],[-38,-89],[16,-30],[-156,-45],[-126,92],[-37,-74],[-90,30],[-5,-35],[-49,-13],[-79,16],[-12,39],[-119,-9],[-84,32],[-85,74],[-258,53],[-1,0]],[[18952,124911],[63,-20],[-12,-35],[87,-45],[106,-19],[-11,-23],[33,-6],[-33,-94],[38,65],[53,-1],[119,-106],[-62,92],[42,12],[6,-48],[73,33],[38,-27],[-20,-21],[-23,15],[15,-29],[71,8],[6,-79],[-102,-13],[-128,-110],[-16,-92],[-95,-47],[-15,22],[-15,-27],[-12,30],[-41,-24],[-22,21],[-40,-39],[-25,39],[-18,-75],[-38,-12],[-49,45],[-33,-38],[-76,53],[11,-63],[-46,-24],[-33,48],[-89,-26],[-115,14],[87,-17],[17,-33],[-110,-59],[-126,11],[-675,-118],[-9,-56],[87,-51],[45,88],[86,22],[-12,-30],[42,-71],[27,118],[225,24],[104,-101],[-16,-36],[29,28],[-24,39],[22,62],[154,6],[74,-37],[79,40],[25,-43],[3,36],[64,6],[84,86],[82,-21],[147,24],[60,-56],[5,36],[26,-54],[-19,68],[24,39],[162,-30],[57,27],[51,-44],[78,0],[5,-52],[31,101],[82,16],[23,41],[32,-18],[-10,-21],[44,-8],[21,-35],[34,50],[-76,12],[2,47],[-100,-53],[-9,-13],[-48,-3],[-9,42],[-41,-24],[-6,27],[46,3],[18,62],[61,21],[24,-3],[-17,-39],[36,7],[6,76],[60,24],[49,-27],[38,34],[-6,-64],[52,-106],[-70,14],[-8,45],[-22,-6],[16,-62],[43,3],[-21,-24],[40,-36],[74,40],[-6,-50],[44,-24],[-152,-18],[33,-111],[166,116],[-27,-196],[82,-11],[27,-38],[-109,-120],[119,-46],[9,-129],[-51,-14],[-1,-91],[-55,-30],[-182,-13],[-350,31],[163,-52],[78,7],[19,-36],[76,-30],[212,21],[144,-32],[31,-69],[-17,-95],[-55,-58],[-6,-116],[-122,-45],[-27,-88],[-51,-15],[0,-130],[-103,28],[-74,123],[-46,-1],[-40,50],[-53,-52],[-55,23],[-66,92],[14,-97],[-68,-4],[0,-39],[-45,-29],[-89,210],[-26,-41],[-56,24],[30,-93],[-43,-47],[-206,51],[-53,57],[9,-33],[81,-59],[-9,-24],[-70,-39],[-108,18],[-83,48],[-68,85],[25,-94],[-34,-24],[30,-45],[-115,-9],[-86,36],[-277,-59],[125,-33],[134,36],[46,-48],[178,-5],[62,-27],[64,30],[27,-36],[57,56],[258,-12],[144,-107],[-1,-50],[41,-26],[-29,8],[-27,-62],[80,-103],[-55,-113],[50,-78],[-103,-80],[-67,15],[10,-294],[-39,-64],[-89,35],[-10,-39],[-55,6],[-116,39],[-6,-60],[-131,-138],[-38,26],[-25,91],[-34,-8],[-6,32],[38,-9],[-15,45],[-75,51],[-19,-34],[-25,34],[-71,245],[-16,-59],[48,-147],[-42,-72],[96,-158],[8,-163],[-52,-40],[-74,34],[0,-41],[-44,19],[-5,-27],[-73,70],[17,-80],[-56,87],[32,-9],[2,48],[-56,26],[-18,-66],[56,-104],[-31,-58],[-57,47],[20,57],[-73,-28],[-42,101],[-69,31],[33,35],[-72,70],[-18,81],[-88,128],[41,88],[-36,16],[-51,-42],[-239,240],[33,-125],[156,-245],[16,-55],[-30,-31],[104,-90],[13,-107],[59,-53],[-62,-32],[-27,30],[-9,-25],[-57,19],[-34,50],[5,58],[-58,61],[14,-93],[-59,-5],[-49,47],[-23,-16],[28,-58],[-34,-9],[10,-30],[-49,17],[-194,255],[-160,368],[-47,34],[-17,-42],[-33,59],[18,39],[-62,30],[5,130],[-40,148],[71,118],[-38,133],[-42,45],[31,166],[51,24],[115,143],[53,126],[42,25],[53,-24],[88,98],[-25,106],[19,54],[145,38],[168,-33]],[[17768,123568],[44,-50],[-36,-42],[32,18],[27,-24],[72,62],[159,3],[78,31]],[[18144,123566],[-163,-6],[-52,35],[-87,-12],[-136,50],[-387,-14],[-129,21],[50,-50],[159,-13],[-7,-150],[-259,-182],[-43,-112],[-155,-170],[-321,-150],[79,-65],[-48,-46],[3,-52],[110,17],[57,-56],[83,-184],[62,-248],[-70,-89],[47,-36],[-59,-7],[-25,33],[-103,-30],[152,-41],[177,57],[49,-123],[88,-86],[18,-76],[77,-62],[-20,-7],[29,-71],[57,-53],[-4,-20],[-24,18],[28,-74],[-70,20],[-17,-36],[-138,36],[-17,-53],[-108,12],[184,-84],[-18,-17],[217,-139],[0,-65],[-28,-15],[81,-131],[-34,-87],[-208,21]],[[17221,120974],[-51,-14],[-71,60],[-69,-21],[-60,47],[-42,-33],[-58,6],[-40,54],[-54,-36],[-46,54],[-76,17],[-14,92],[-53,-30],[8,-26],[-61,30],[-38,77],[-53,-51],[-41,27],[-35,-39],[-130,23],[70,-46],[50,-83],[-36,-36],[47,-10],[12,-73],[-57,-21],[-66,51],[-2,44],[-40,-26],[15,-30],[-76,0],[-12,-22],[34,-26],[58,-175],[46,6],[-3,21],[86,-80],[-42,59],[40,18],[-11,27],[87,-9],[59,-38],[37,-92],[48,2],[-20,-36],[33,-27],[-6,-35],[-16,19],[-34,-37],[61,-24],[6,-50],[19,10],[34,-59],[-9,-49],[37,-27],[65,61],[37,-43],[-2,-26],[-39,0],[62,-92],[-24,-54],[40,-53],[-40,-9],[-28,-53],[-20,18],[-37,-29],[-38,120],[-44,-19],[11,-93]],[[16629,120085],[-20,9],[-3,-26],[-61,44],[28,142],[-35,-33],[-9,-86],[-75,18]],[[16454,120153],[-69,25],[-11,50],[-26,-18],[-12,50],[-49,3],[-16,-47],[91,-118],[-11,-36],[-59,2],[101,-104],[-39,-65],[23,-67],[-33,-15],[-55,32],[-82,134],[-34,-22],[21,-50],[-38,-20],[-53,59],[-40,-9],[-96,97],[-93,230],[7,-37],[-40,-23],[11,-51],[-112,111],[-2,-33],[-22,21],[18,-57],[11,47],[227,-275],[-60,21],[-1,-96],[-21,-44],[-28,9],[-1,-71],[-35,35],[-22,128],[-53,-10],[-17,24],[42,-64],[-16,-45],[-47,85],[-15,-46],[47,-59],[-2,-25],[-29,9],[58,-101],[-46,-8],[-20,23],[-36,9],[-29,-33],[70,12],[-4,-15],[53,-25],[-20,-10],[18,-23],[-41,23],[-65,-27],[-5,51],[-33,-15],[-81,72],[51,-63],[-30,3]],[[15554,119691],[-19,-14],[46,-48],[-64,20],[38,-116],[-28,-3],[74,-83],[25,-97],[-91,-18],[-71,48],[-20,-38],[-28,5],[-31,51],[107,9],[-127,18],[9,28],[-73,7],[-19,36]],[[15282,119496],[-13,-40],[-91,13],[113,-36],[41,-35],[-5,-34],[-94,12],[-23,42],[-5,-51],[129,-50],[-51,-26],[58,-23],[-41,-15],[47,-18],[40,20],[9,-50],[-263,-98],[-18,91],[-4,-91],[-52,11],[20,-43],[-55,-15],[34,-75],[-36,-33],[16,-47],[-41,-85],[-56,23],[-34,-54],[-31,31],[-48,-19],[-26,62],[-52,18],[6,-43],[-60,55],[107,-175],[8,-65],[-22,3],[-60,22],[-5,93],[-50,13],[-44,71],[21,9],[-86,44],[-74,128],[-51,39],[8,-33],[-32,-10],[-30,31],[13,27],[-16,-13],[-31,30],[14,18],[58,-53],[-54,104],[-61,56],[-14,-15],[12,29],[-34,-5],[16,70],[52,-43],[51,5],[-9,18],[-150,85],[42,-103],[-30,-11],[-169,157],[-44,-7],[-160,195],[-29,149],[-51,12]],[[13792,119768],[-20,81],[-136,41],[-32,-25],[-74,69]],[[13530,119934],[-51,47]],[[13479,119981],[-29,33]],[[13450,120014],[-68,103],[31,93],[-72,73],[9,18]],[[13350,120301],[1,-2]],[[13350,120301],[1,-2]],[[13351,120299],[8,26],[64,-20],[27,32],[59,-33],[-3,36],[77,27],[202,-133],[35,-120],[-25,-169],[91,-34],[1,94],[-41,72],[189,44],[98,73],[29,67],[143,6],[70,82],[7,66],[95,35],[50,-18],[-48,35],[-2,65],[40,54],[-9,39],[66,30],[-2,52],[-36,24],[36,47],[73,7],[7,-87],[193,89],[36,-25],[51,150],[3,-88],[41,-51],[-43,-50],[26,17]],[[14959,120740],[69,27],[30,35],[-14,28],[165,-101],[67,65],[66,-3],[-21,36],[-93,18],[-189,132],[-181,80],[2,60],[89,56],[-13,116],[28,38],[75,-35],[188,124],[140,-26],[37,-33],[148,-9],[56,-88],[79,34],[131,-47],[-5,57],[55,27],[268,-75],[-16,38],[-143,57],[-137,113],[-88,35],[1,45],[-75,83],[62,23],[84,-27],[90,49],[2,26],[-69,14],[-15,63],[-72,-81],[-128,69],[-36,-56],[-58,15],[7,59],[-91,-18],[-189,38],[-7,66],[116,76],[0,78],[-140,-155],[-38,-5],[-30,17],[-11,66],[-62,-17],[-91,91],[-92,-33],[-52,59],[-83,-37],[-2,55],[-143,45],[-37,66],[-28,-12],[9,23],[-53,24],[1,32],[-83,-23],[109,-71],[-20,-21],[21,-47],[-56,23],[28,-36],[-35,-20],[-1,33],[-43,-21],[-21,44],[6,-26],[-30,23],[-87,-56],[-19,27],[-132,29],[-24,59],[-117,35]],[[14018,122192],[-19,123],[-77,-16],[24,-38],[-25,-20],[-115,24],[-14,142],[0,2]],[[13792,122409],[20,53],[-50,68],[-6,24],[39,6],[-20,36]],[[13775,122596],[1,0]],[[13776,122596],[-86,95],[-65,-62],[14,-35],[-35,-36],[-59,-7],[-44,59],[52,33],[-4,66],[147,45],[31,94],[-27,83],[85,140],[106,-45],[92,-133],[33,2],[51,27],[-21,83],[77,142],[58,15],[73,75],[83,11],[221,99],[4,34],[137,19],[105,-36],[20,48],[54,31],[314,93],[141,-33],[-66,62],[-593,-80]],[[14674,123485],[-506,-215],[-42,65],[-41,-42]],[[14085,123293],[-45,98],[-73,-10],[18,12],[-42,34],[21,34],[91,15],[47,59],[141,-11],[82,53],[-100,41],[-178,-52],[-41,0],[-17,30],[58,126],[115,30],[8,33],[28,-30],[42,48],[89,32],[-70,36],[0,110],[-46,5],[-45,-116],[-75,-16],[-35,-42],[-24,15],[-89,-62],[-48,3],[63,-31],[-3,-59],[-51,-8],[-4,26],[-29,-20],[-35,62],[-58,-31],[-2,34],[-46,5]],[[13732,123746],[98,36],[-203,35],[16,39],[-40,29],[36,40],[-47,82],[37,104],[-26,17],[-2,78],[-57,9],[38,32],[-61,25],[-7,71],[35,29],[-41,101]],[[13508,124473],[-32,17]],[[13476,124490],[-27,27],[-26,-32],[-50,104],[-54,28],[48,30],[-48,28],[59,62],[-35,2],[37,66],[-25,-7],[10,30]],[[13365,124828],[38,39],[32,-6],[9,-38],[38,3],[6,49],[66,58],[-14,56],[-40,-9],[28,23],[-40,12],[2,24],[70,-26],[43,26],[45,57],[-31,-1],[5,30],[71,44]],[[13693,125169],[-2,13]],[[13691,125182],[-28,11],[54,62],[-47,13],[19,29],[-55,6],[15,35],[-29,-15],[19,78],[-80,42],[72,135],[36,-2],[3,26],[22,-42],[36,22]],[[13728,125582],[-6,20],[51,14],[24,-90],[71,2]],[[13868,125528],[65,6],[76,-54],[27,78],[31,-10],[15,-65],[-37,-29],[53,-18],[28,-95],[-7,69],[61,126],[104,42],[57,-6],[-11,-24]],[[14330,125548],[50,-41],[3,18],[22,24],[-15,-21],[29,15],[16,-15],[12,15],[-57,11],[-37,-23],[23,50],[-43,51],[22,39],[-38,-57],[-22,86],[-57,-35],[-5,126],[-44,-85],[28,-59],[-80,-47],[-37,38],[7,36],[-171,40],[8,30],[27,-2],[-11,29]],[[13960,125771],[-6,17]],[[13954,125788],[5,13]],[[13959,125801],[18,38],[11,-15],[-6,53],[80,39],[-21,13]],[[14041,125929],[-36,31],[-14,-16],[45,58]],[[14036,126002],[38,68],[-49,21],[21,42]],[[14046,126133],[50,73],[-21,57],[53,15]],[[14128,126278],[42,-3],[16,38]],[[14186,126313],[-17,30]],[[14169,126343],[13,10]],[[14182,126353],[35,61],[74,24]],[[14291,126438],[-6,-69]],[[14285,126369],[-10,-103],[100,45],[96,-9],[0,-27],[32,23],[54,-19],[-3,-54],[170,-151],[93,26],[-22,66],[36,43],[-48,46],[66,5],[7,57],[20,-38]],[[14876,126279],[45,-4],[33,-130],[75,-28],[-2,-64],[141,-39],[74,9],[10,32],[63,-77],[-7,-35],[-31,8],[29,-77],[-16,-43],[-120,11],[-79,-23],[-89,26],[-12,-85],[-134,112],[-20,-41],[87,-22],[72,-127],[43,3],[45,-44],[13,-69],[14,45],[71,3],[91,-87],[-17,51],[44,7],[29,-39],[89,51],[30,-18],[62,-258],[-18,-116],[-40,-53],[122,-333],[9,-141]],[[15582,124684],[84,-86],[85,-163],[-86,271],[12,34],[32,3],[-46,38],[-113,219],[-21,130],[27,93],[-48,-7],[39,154],[20,-19],[17,25],[31,-46],[45,38],[-90,124],[21,128],[42,-56],[-23,-31],[39,12],[99,-49],[-37,166],[11,26],[28,-50],[-1,45],[29,-10],[36,32],[18,21],[-28,48],[62,3],[12,-17],[-31,-15],[57,-22],[58,57],[-45,11],[2,28],[101,30],[66,-69],[72,20],[41,-40],[36,18],[92,-21],[75,-84],[27,22],[-30,-76],[26,-23],[25,78],[179,-92],[21,59],[37,-13],[23,33],[31,-118],[112,-187],[2,-44],[-30,0],[22,-41],[21,26],[29,-10],[-37,123],[70,-72],[81,-20],[8,52],[-58,6],[23,40],[-48,29],[-12,77],[163,18],[-22,32],[-47,-9],[5,24],[-63,-2],[-13,50],[-57,24],[-51,89],[11,-87],[-33,-15],[-23,89],[-53,-67],[-23,58],[-105,39],[-19,53],[37,-8],[15,109],[96,-2],[30,-81],[23,-12],[29,30],[-22,50],[10,-41],[-33,17],[-12,66],[29,35],[-29,-21],[-57,74],[-69,-10],[-133,305],[-29,29],[-16,-74],[-27,-9],[-55,81],[-16,-31],[-44,113],[-65,39],[15,32],[102,-14],[-8,17],[-41,23],[-64,-26],[-40,57],[-28,-1],[-4,65]],[[16188,126630],[-6,27],[31,12],[-79,98],[22,24],[-51,45],[10,32],[98,20],[20,-32],[21,66],[103,-10],[13,72],[73,-19],[70,54],[-135,-21],[-31,-18],[7,-24],[-119,31],[-134,-22],[-54,40],[-2,2]],[[16045,127007],[-27,38],[72,31],[29,67],[61,15],[17,-30],[40,42],[-3,83],[74,-14],[-17,50],[-59,29],[-3,37],[24,-21],[53,61],[67,-46],[30,61],[66,-8],[20,36],[51,-61],[45,43],[17,-39],[41,-10],[36,21],[13,114],[66,-4],[16,-27],[53,18],[-54,68],[46,21]],[[16819,127582],[79,31],[-20,31],[72,52],[-24,20],[76,-20],[50,46]],[[17052,127742],[-8,13]],[[17044,127755],[39,74],[31,-24],[9,42],[36,-15],[19,20],[23,-94],[48,3],[-5,34],[26,-9],[-16,70]],[[17254,127856],[95,13],[4,39],[49,3],[17,33],[-29,54],[30,15]],[[17420,128013],[4,25]],[[17424,128038],[91,-5],[82,72],[41,-105],[-9,-29],[-25,-10],[0,-17],[44,-51],[7,16],[-20,30],[-22,-4],[-6,24],[81,-23],[19,71],[28,8],[52,1],[21,-36],[64,15],[108,89],[42,5],[56,90],[82,8],[21,59],[131,-3],[96,41],[49,-34],[35,21],[64,117],[-15,39],[23,-3],[32,107],[44,30],[-4,54],[80,67],[21,72],[194,17],[84,69],[-15,55],[40,42],[269,143],[112,104],[-22,44],[71,91],[256,143],[41,48],[145,41],[51,-10],[82,120],[139,27],[99,144],[39,3],[4,80],[47,69],[218,-18],[-15,35],[87,10],[-8,59],[75,15],[90,89]],[[20820,130174],[98,127],[-49,66],[30,59],[-96,12],[27,38],[56,2],[42,62],[23,-20],[52,26]],[[21980,139351],[-37,-30],[17,-32],[-56,-30],[22,62],[54,30]],[[24832,139876],[60,-54],[10,-67],[-24,-19],[72,-52],[-3,-36],[-63,-21],[4,32],[-121,-12],[-63,-44],[-22,13],[39,3],[-20,25],[34,-6],[-25,12],[51,57],[-18,26],[120,21],[-25,12],[-6,110]],[[45148,92613],[-4,-2]],[[45144,92611],[4,2]],[[43084,93485],[5,-12]],[[43084,93485],[29,21],[-12,11],[17,-3],[15,7],[-25,24],[60,-10],[-34,53],[32,19],[65,-50],[53,-261],[-50,-22],[52,6],[-9,-210],[100,-90],[-119,-32],[-45,-39],[-96,12],[-60,-31],[-142,46],[-19,48],[-25,-4],[-30,-67],[1,35],[-22,35],[-18,4],[-10,-47],[-141,-48],[140,44],[19,47],[28,-38],[-3,-35],[29,9],[29,62],[10,-42],[40,-18],[-30,-9],[104,-32],[196,18],[54,44],[214,34],[54,43],[35,96],[72,21],[43,-16],[17,-73],[-195,-152],[-136,-15],[-24,-91],[26,91],[136,13],[191,144],[28,-59],[-63,-48],[111,-95],[-2,-35],[-37,-36],[-13,-79],[-120,-30],[-19,-17],[33,-51],[-44,-30],[46,27],[-22,62],[134,36],[14,76],[153,45],[-54,-20],[47,14],[22,-50],[31,48],[-42,8],[222,-11],[-1,62],[38,-10],[21,27],[43,-35],[-61,5],[105,-20],[66,72],[16,-19],[-3,21],[79,3],[59,-41],[102,2],[92,-38],[48,-68],[282,-71],[57,-42],[82,38],[-6,-67]],[[45144,92611],[-13,-28],[36,-25],[18,-67],[-53,-26],[-99,6],[-12,-95],[-81,32],[26,-43],[-397,61],[4,72],[-166,35],[-11,-67],[-113,-13],[-39,-107],[-70,10],[-8,-36],[-40,-1],[1,-133],[-148,-67],[-31,-71],[-42,2],[36,-83],[-97,21],[-42,-84],[-49,-19],[58,-128],[-139,-47],[-61,-60],[-75,15],[-7,-53],[-31,-18],[-42,12],[-24,-25],[-166,36],[-84,-45],[-29,-105],[-71,-15],[-32,-80],[-70,-30],[17,-36],[-59,-104],[-92,-33],[-42,-73],[-244,-74],[-112,-3]],[[42449,91019],[118,127],[-77,12],[-6,-26],[-126,58],[-17,66],[-72,11],[-295,157],[-136,217],[-82,-20],[-21,26],[130,168],[74,48],[104,19],[7,40],[67,45],[-65,50],[-320,-8],[-61,-42],[-115,83],[-101,-38],[-47,42],[5,53],[-81,43],[56,135],[-19,31],[-170,70],[-179,-64],[0,37],[-23,-6],[-14,36],[130,55],[-67,66],[23,65],[-78,124],[-25,-27],[-119,18],[-113,-21],[-37,65],[-74,-7],[90,215],[0,62]],[[40713,93004],[224,161],[140,11],[-4,63],[50,76],[233,9],[36,27],[156,-33],[11,19],[34,-27],[47,15],[158,-59],[45,47],[144,-12],[18,42],[228,-6],[111,27],[12,-22],[77,10],[44,53],[45,-27],[32,42],[-40,41],[0,44],[137,24],[16,39],[-79,65],[12,50],[-108,40],[-160,135],[23,44],[42,-16],[48,70],[20,99]],[[42465,94055],[156,138],[110,-201],[189,-253],[235,-136],[-28,-15],[38,-52],[-59,11],[2,-12],[17,-8],[6,-7],[-13,-5],[-18,2],[-16,-32]],[[25982,100161],[-24,-23],[-24,23],[29,21],[19,-21]],[[24426,100842],[26,-22],[-49,20],[23,2]],[[29142,102147],[-14,-59],[-42,-15],[57,113],[-1,-39]],[[24202,102462],[-28,-12],[-4,49],[32,-37]],[[30959,102921],[-1,-24],[-22,10],[23,14]],[[24340,102702],[93,-80],[-24,-47],[28,-10],[-64,-44],[-35,-92],[-65,-24],[-45,27],[-11,128],[123,142]],[[23820,102671],[33,-65],[-30,-79],[56,70],[-15,52],[22,16],[29,-43],[20,62],[40,-35],[15,-72],[57,11],[87,-64],[-89,-25],[7,37],[-28,18],[-35,-7],[44,-18],[5,-30],[-52,25],[-34,-25],[-33,73],[-10,-60],[-155,-12],[-21,38],[87,133]],[[24199,102701],[-43,-24],[-29,43],[72,-19]],[[24189,102767],[-47,-19],[13,31],[34,-12]],[[26283,102901],[-6,-21],[43,-15],[-62,-18],[-12,36],[37,18]],[[23815,102829],[-40,-8],[26,55],[-20,74],[42,-14],[24,-77],[-32,-30]],[[26018,103078],[18,-6],[-24,-35],[6,41]],[[24830,104445],[-39,44],[50,-14],[-11,-30]],[[24941,104495],[19,-32],[-41,20],[22,12]],[[31331,105130],[-28,-12],[41,27],[-13,-15]],[[24387,104813],[123,-83],[57,44],[57,-69],[52,-5],[73,-60],[13,-50],[17,60],[51,11],[133,-71],[17,-35],[-154,-36],[-36,59],[-81,-122],[-99,-15],[-61,7],[-129,88],[-125,-3],[101,246],[-37,27],[28,7]],[[24429,104957],[18,-36],[-28,-19],[10,55]],[[24771,105200],[-40,-21],[16,30],[24,-9]],[[25226,105426],[-15,-63],[-20,34],[35,29]],[[25601,105462],[30,-33],[-47,-10],[-18,39],[35,4]],[[20986,105348],[74,-88],[49,17],[-14,40],[29,-25],[-12,39],[78,-44],[35,41],[104,-17],[5,31],[80,-144],[-45,-81],[-78,63],[22,-116],[-58,3],[-26,-66],[-7,45],[-29,1],[-69,101],[-52,-3],[-39,-92],[-107,23],[-64,110],[83,27],[-12,68],[62,-24],[-38,125],[29,-34]],[[20874,105456],[53,-45],[-35,-39],[-52,39],[34,45]],[[24876,105901],[-28,5],[36,35],[-8,-40]],[[22226,105752],[14,-44],[-52,-22],[-19,69],[33,71],[24,-74]],[[23956,106244],[39,-21],[-41,-39],[-67,0],[3,39],[66,21]],[[24066,106411],[43,-10],[-41,-23],[-2,33]],[[24267,106556],[1,-27],[27,26],[8,-92],[-15,25],[-53,-46],[-20,30],[-35,-12],[-3,33],[38,21],[43,-18],[9,60]],[[22301,106591],[19,-59],[-61,-434],[20,-118],[-33,-39],[-58,62],[-22,-37],[26,-60],[-74,-51],[33,-31],[15,25],[28,9],[-36,-24],[14,-28],[-68,-18],[-27,-56],[-60,31],[-115,-25],[-120,31],[-93,77],[-71,10],[-40,67],[-123,69],[31,53],[-8,231],[193,119],[68,9],[139,-36],[29,21],[28,60],[-48,100],[36,96],[-48,65],[99,85],[114,37],[43,-21],[126,-113],[44,-107]],[[17334,107216],[4,-32],[-30,-7],[-5,34],[31,5]],[[17363,107284],[24,-74],[-26,-15],[-20,63],[22,26]],[[19282,107801],[45,30],[53,-18],[126,187],[195,114],[104,202],[242,161],[71,0],[16,-25],[22,18],[58,-59],[50,110],[27,-10],[47,60],[63,12],[55,-72],[27,16],[34,-41],[59,22],[23,-79],[43,-3],[13,-35],[63,15],[19,-75],[74,-59],[97,12],[107,-57],[79,-125],[32,-127],[-110,-48],[-138,-6],[-48,-22],[9,-37],[90,-52],[85,17],[155,-30],[38,-74],[-43,-107],[-54,-53],[1,-305],[-93,-101],[-5,-71],[-97,-101],[-153,-47],[-4,-90],[-61,-85],[-131,-74],[-35,20],[-15,-20],[-107,9],[-28,89],[-69,8],[-40,102],[-42,-22],[-38,40],[-41,-10],[-13,27],[-91,21],[5,147],[-81,126],[26,41],[-160,29],[-238,247],[-47,11],[-42,54],[-49,-12],[-122,131],[-22,-24],[-5,41],[-35,14],[14,27],[-35,0],[25,16]],[[18779,108420],[49,72],[61,-49],[43,66],[173,-110],[15,29],[54,-3],[35,-31],[1,-54],[-39,-18],[-29,41],[-78,-27],[-38,22],[9,53],[-39,1],[-19,-61],[-103,43],[-67,-57],[-28,83]],[[18843,108747],[69,-46],[54,7],[62,-30],[-3,-59],[-42,-54],[22,-56],[-57,62],[-79,-53],[-39,9],[-21,-44],[-36,50],[-97,-38],[-20,29],[-87,-15],[-100,39],[-29,-89],[-179,-119],[-3,21],[-46,-21],[-24,18],[-120,-56],[-122,68],[4,59],[-27,23],[36,51],[14,-23],[23,17],[5,48],[64,6],[-1,29],[307,35],[56,72],[-38,20],[18,16],[74,-36],[114,35],[55,-36],[193,61]],[[26676,109855],[21,-20],[-46,-25],[-20,22],[45,23]],[[25169,109943],[55,0],[-1,-70],[-105,-36],[22,97],[29,9]],[[25922,110186],[-21,-12],[-5,28],[35,5],[-9,-21]],[[25988,110210],[-17,-18],[0,30],[17,-12]],[[21494,110177],[64,-37],[52,18],[80,-30],[31,-69],[-22,-85],[-105,-77],[-140,50],[-12,-90],[65,-73],[4,-59],[-125,-93],[-103,-8],[-170,127],[-62,177],[254,128],[110,-79],[-59,88],[46,-8],[-18,65],[24,36],[86,19]],[[24217,110314],[45,-9],[3,-38],[-63,9],[-4,18],[21,8],[-16,9],[25,25],[-11,-22]],[[27063,111693],[-4,-42],[-10,-21],[-44,-5],[33,6],[16,17],[-50,0],[23,35],[-36,-3],[0,34],[54,15],[18,-36]],[[25590,111900],[-2,-38],[-20,9],[22,29]],[[25634,111886],[-18,-9],[-3,29],[21,-20]],[[24568,111938],[75,-127],[-15,-41],[-68,-41],[-66,-6],[-56,103],[8,36],[122,76]],[[25605,112040],[25,-16],[-31,-46],[6,62]],[[24278,112297],[-51,12],[-2,122],[103,-86],[-50,-48]],[[23293,112580],[91,-33],[108,12],[65,-63],[85,27],[77,-68],[33,21],[199,-154],[57,-122],[-22,-96],[-48,-52],[21,-92],[-8,-21],[-39,14],[15,-43],[-39,22],[-14,-59],[-86,-55],[-313,-15],[-141,189],[-96,35],[7,36],[-144,207],[59,236],[98,-9],[-9,52],[44,31]],[[24619,112986],[-4,-27],[36,6],[22,-31],[26,-159],[-16,190],[14,23],[94,-51],[21,-53],[66,-46],[20,-64],[-27,-55],[-113,-28],[-54,51],[-9,-29],[-34,14],[-75,190],[25,45],[-70,39],[29,61],[30,-8],[19,-68]],[[19237,112772],[45,-27],[-53,-9],[-51,-70],[-10,55],[57,36],[-3,33],[15,-18]],[[18996,112737],[-24,-80],[-44,-13],[-34,32],[14,19],[-118,-24],[-15,36],[43,73],[64,7],[-9,53],[88,42],[52,-12],[25,-45],[-42,-88]],[[26417,113269],[-24,-2],[26,32],[-2,-30]],[[17405,112789],[24,3],[-23,-11],[20,-69],[-44,46],[23,31]],[[26404,113373],[-23,-68],[-23,51],[46,17]],[[24757,113297],[-53,-7],[46,49],[7,-42]],[[19010,113087],[-51,-48],[-21,24],[5,115],[67,-91]],[[18674,113207],[32,-9],[6,-97],[-35,15],[-35,-42],[-15,75],[47,58]],[[24815,113798],[24,-54],[-35,-60],[11,114]],[[17815,114408],[35,-29],[-8,-19],[-26,19],[32,-65],[-40,18],[-31,92],[38,-16]],[[17771,114414],[-8,-45],[-54,83],[62,-38]],[[17970,114521],[43,-7],[7,-73],[-88,53],[38,27]],[[17652,114497],[12,-30],[-43,16],[14,31],[17,-17]],[[17875,114583],[10,-18],[-39,3],[29,15]],[[23090,115161],[57,-119],[-66,-195],[-52,65],[-25,157],[11,33],[69,2],[6,57]],[[22625,114311],[52,112],[61,35],[1,66],[21,26],[14,-20],[14,74],[17,-30],[14,68],[28,-26],[34,15],[53,-51],[15,26],[22,-19],[61,17],[37,-62],[77,-10],[-10,54],[24,-2],[43,106],[-160,65],[89,44],[-11,98],[45,45],[37,118],[108,0],[61,60],[-50,27],[48,62],[-49,97],[62,0],[63,-100],[-8,-51],[36,-36],[18,16],[-54,-152],[14,-76],[-34,-25],[13,-32],[-33,-33],[-59,-211],[-36,-25],[10,-34],[-31,-8],[-22,-65],[-38,-3],[-47,-86],[-99,-37],[-58,-123],[6,-95],[67,-101],[30,-125],[17,-365],[152,-278],[73,8],[3,-192],[-68,-124],[-118,-122],[-63,-130],[-89,3],[-68,-53],[-100,-24],[-147,80],[-34,110],[43,76],[-60,18],[-37,54],[-45,-3],[-6,26],[-45,-21],[66,120],[-24,26],[25,57],[-39,59],[66,71],[26,89],[-28,88],[9,125],[-56,136],[30,45],[13,-13],[-63,200],[71,341]],[[23462,115378],[15,-15],[-32,29],[17,-14]],[[23446,115442],[72,-25],[-7,-31],[-53,19],[-12,37]],[[23278,115460],[70,-77],[20,-70],[-103,37],[-16,58],[-70,28],[99,24]],[[26321,115577],[-47,55],[39,-15],[8,-40]],[[23283,115739],[37,-21],[-23,-27],[-30,21],[16,27]],[[19667,115639],[-21,-50],[-12,38],[33,12]],[[19752,115698],[-20,-20],[-7,25],[27,-5]],[[17629,115547],[-6,-42],[65,-113],[-105,3],[14,34],[-35,29],[-5,80],[38,11],[1,50],[33,-52]],[[17690,115550],[-9,-39],[-28,125],[37,-86]],[[25493,116100],[-23,31],[21,5],[2,-36]],[[42659,117056],[-54,-63],[-17,12],[-3,-27],[-75,-33],[-96,-118],[-2,30],[-61,-80],[81,124],[83,83],[124,69],[92,17],[-72,-14]],[[23536,115682],[41,-62],[-43,-47],[24,-59],[-41,-15],[9,-41],[-33,-22],[-149,102],[98,-1],[-81,37],[-42,109],[89,66],[29,-34],[-13,46],[51,65],[-83,-15],[-36,-54],[-61,51],[28,6],[-30,47],[17,42],[68,-52],[33,43],[51,-13],[10,56],[35,22],[-67,42],[-25,64],[25,69],[-27,15],[36,23],[-16,71],[-42,13],[31,40],[24,-26],[13,86],[46,-53],[-27,-45],[44,32],[-33,92],[91,-92],[20,12],[20,92],[-80,38],[10,45],[19,-20],[28,21],[-6,-42],[47,27],[9,-38],[26,7],[4,-179],[32,-3],[-6,-58],[-36,-20],[21,-33],[-36,-41],[-7,-88],[-43,-37],[16,-116],[-82,-175]],[[18794,116469],[36,-24],[-10,-33],[-92,-35],[19,62],[29,-7],[0,48],[18,-11]],[[18798,116596],[-23,-5],[9,32],[14,-27]],[[18682,116629],[72,-59],[1,-46],[-49,22],[23,20],[-47,63]],[[18609,116691],[52,-50],[-62,12],[10,38]],[[18545,116677],[-25,17],[31,32],[-6,-49]],[[21485,117414],[70,-70],[-32,-22],[-41,16],[-26,76],[29,0]],[[21269,117746],[78,-33],[13,-53],[-72,19],[-32,38],[13,29]],[[25799,118354],[48,-20],[-29,-75],[-28,-6],[-47,80],[56,21]],[[24226,108643],[11,-48],[-38,42],[-36,-6],[-17,-45],[42,-38],[-50,17],[-48,-82],[-36,-1],[-76,-154],[-41,-20],[-26,21],[-3,-40],[-27,16],[-31,-46],[-154,-55],[-46,-116],[-107,66],[-83,-71],[-55,-4],[-28,-45],[-42,1],[-48,-60],[-38,66],[-41,9],[-60,-68],[9,-37],[-19,6],[-39,148],[53,0],[-27,27],[32,16],[-57,23],[-20,66],[-56,-1],[25,47],[-37,90],[-39,17],[31,50],[-37,98],[59,25],[-10,50],[66,125],[30,17],[70,-23],[17,29],[108,32],[-69,12],[19,54],[-38,36],[21,3],[-10,139],[84,157],[-11,53],[101,7],[30,44],[-52,42],[14,40],[-36,27],[-91,-21],[53,164],[142,115],[56,-21],[57,72],[-66,24],[69,67],[47,24],[30,-26],[9,55],[164,28],[-8,79],[59,36],[21,68],[30,-51],[116,156],[161,2],[268,86],[99,80],[18,59],[86,39],[47,100],[-49,-14],[-129,-122],[-39,21],[-135,-92],[-172,54],[-36,-128],[-175,0],[-121,72],[-328,-123],[-167,12],[-44,75],[32,181],[-90,151],[3,61],[-75,98],[-46,-20],[-31,20],[-32,187],[-115,140],[-32,-21],[0,-63],[42,-141],[71,-66],[11,-89],[9,-115],[-36,-173],[-63,-74],[-116,30],[10,-186],[-63,-169],[-83,-95],[-18,-146],[-48,-36],[-22,-91],[-51,-26],[-18,-62],[-31,-4],[-88,80],[-18,59],[-78,-23],[-45,42],[52,133],[-14,145],[58,220],[-77,112],[-4,183],[-104,28],[-5,49],[4,-86],[-68,-70],[-78,59],[-42,-17],[-56,133],[-32,3],[-6,-40],[-72,84],[-43,-8],[-8,-49],[41,-97],[-7,-142],[-79,-81],[-110,-12],[-202,68],[-242,-98],[-28,15],[-53,-40],[-130,-3],[-416,-142],[-29,58],[-25,-11],[44,-28],[-17,-29],[-39,23],[-56,-13],[-5,47],[76,21],[7,105],[104,36],[132,188],[35,144],[-19,83],[-71,27],[-8,30],[-24,-69],[-285,-204],[-97,-32],[-69,12],[-97,95],[-37,3],[-11,74],[-39,12],[-84,121],[-80,166],[33,86],[-15,41],[41,30],[230,2],[47,36],[53,348],[-73,-51],[1,-115],[-53,-84],[-56,-24],[-187,16],[-91,-62],[-85,7],[-38,52],[-75,18],[-27,55],[-56,6],[2,136],[-78,57],[8,29],[-37,10],[1,26],[-26,-6],[-83,72],[-89,282],[40,23],[-13,56],[-58,32],[-99,-6],[-47,52],[22,50],[-36,44],[30,63],[-35,68],[10,70],[208,101],[26,71],[82,-26],[71,89],[60,-63],[45,10],[-27,181],[-31,18],[24,55],[84,-94],[48,48],[79,-81],[179,-77],[131,-118],[132,-235],[76,-47],[265,-51],[101,42],[-316,98],[-151,214],[0,38],[35,18],[-54,5],[-80,56],[-132,123],[2,29],[-152,32],[65,71],[-105,9],[13,130],[84,92],[-7,-26],[117,87],[-110,-57],[-86,-3],[-77,-166],[-121,9],[-51,-18],[-28,-51],[-10,37],[-71,11],[-18,-36],[-62,-23],[7,-62],[-25,-15],[-33,36],[24,85],[-36,6],[50,33],[24,153],[-65,7],[-48,45],[-30,-28],[-33,51],[-54,15],[8,85],[105,98],[-24,12],[-7,-32],[-48,45],[-80,12],[-23,117],[57,114],[-46,21],[-13,99],[-34,30],[-21,-193],[-51,-129],[-55,-4],[-44,-110],[-67,-31],[-44,-84],[-12,77],[75,109],[-67,-8],[-10,33],[85,151],[-28,73],[-57,7],[23,41],[-70,48],[-13,79],[-47,58],[-2,-154],[-35,-76],[57,-5],[-10,56],[22,-8],[21,46],[-15,-165],[-68,-36],[53,75],[-25,30],[-31,-7],[-88,-178],[-78,72],[-105,-27],[58,-48],[-29,-112],[67,-225],[-51,-62],[33,-55],[-20,-46],[21,-37]],[[18343,112949],[-24,-64],[28,-50],[-19,-92],[-40,5],[-6,-57],[-50,-5],[7,29],[-55,-18],[-19,65],[-83,-5],[-175,109],[-97,99],[-60,-10],[-38,49],[-112,3],[-41,73],[-192,-18],[-107,119],[-93,39],[-24,62],[-92,-33],[-81,33],[-73,136],[-33,14],[-18,86],[-41,28],[86,91],[-123,336],[-76,70],[-81,3],[-55,98],[-126,-39],[-14,-88],[-57,11],[58,99],[-45,82],[13,99],[76,49],[-5,77],[-57,60],[44,89],[133,17],[158,-37],[45,-74]],[[16779,114489],[192,-31],[-63,108],[-100,76],[-57,89],[-39,238],[12,249],[133,136],[143,71],[38,-17],[60,-102],[4,-139],[-1,-2]],[[17101,115165],[56,-10],[51,-97],[50,11],[14,-103],[79,-66],[-10,-61],[104,-76],[-23,-49],[25,-16],[-8,-92],[40,27],[69,-29],[-4,-53],[133,-199],[92,-44],[-13,-16],[95,-101],[-3,49],[35,12],[-11,40],[53,12],[-16,51],[28,66],[98,-34],[83,-145],[11,-89],[-37,-15],[24,-53],[32,6],[11,-59],[13,26],[17,-24],[-16,69],[38,29],[-25,57],[70,-26],[-4,19],[-150,152],[-12,107],[24,-7],[-41,52],[8,32],[-47,23],[-42,83],[-3,-40],[-93,40],[41,-43],[-26,-43],[-3,33],[-42,26],[-24,-25],[-27,32],[0,47],[80,-23],[14,97],[-87,87],[-24,175],[-91,160],[-14,117],[171,-23],[72,87],[104,38],[217,-238],[52,-12],[-1,27],[44,15],[-34,93],[58,68],[-111,129],[-101,25],[-24,46],[18,31],[-167,211],[-81,19],[-250,223],[-34,7],[-51,-36],[37,-54],[-23,-56],[-52,50],[6,118],[71,12],[55,96],[-7,122],[65,183],[-13,100],[27,60],[-50,131],[29,118],[66,-42],[105,0],[118,-132],[111,-45],[59,-84],[24,-95],[47,-35],[49,-121],[31,-356],[54,-4],[79,-62],[83,62],[78,-44],[38,-67],[206,-99],[71,-131],[92,-35],[220,-288],[-44,-88],[89,38],[26,80],[113,104],[16,54],[69,45],[27,-16],[15,-62],[-64,-180],[-43,-33],[-132,-293],[106,8],[12,-91],[44,-58],[27,6],[-43,298],[126,102],[28,114],[26,20],[67,-29],[37,56],[34,-1],[3,93],[-65,122],[64,85],[140,-125],[78,-304],[46,68],[173,-122],[18,-213],[25,-29],[13,20],[24,-29],[2,180],[46,-30],[11,-145],[59,-101],[9,-222],[47,-45],[81,-12],[-85,140],[27,130],[-64,99],[2,94],[55,6],[70,-75],[58,15],[-78,83],[-86,39],[-46,60],[10,32],[-330,276],[-41,72],[-1,96],[-58,63],[14,24],[66,-4],[-51,7],[-10,53],[-127,106],[-1,49],[42,-39],[0,86],[-50,0],[-51,73],[-28,132],[35,108],[105,-97],[22,107],[61,24],[121,258],[-82,24],[-57,-36],[13,-33],[-183,-15],[24,99],[-62,71],[39,56],[-44,121],[36,17],[10,55],[-294,446],[51,92],[89,1],[9,32],[18,-18],[21,18],[-38,143],[46,15],[81,-24],[76,24],[41,-19],[257,173],[78,138],[-43,60],[64,10],[-42,130],[-81,67],[38,3],[42,55],[-69,37],[9,54],[104,-60],[5,-37],[97,-28],[73,16],[8,38],[72,51],[46,11],[45,-32],[53,36],[46,-134],[-42,-1],[-9,-65],[-46,-12],[-5,-29],[125,0],[113,-136],[132,-24],[47,-92],[42,-21],[39,-178],[89,-165],[10,-202],[62,-38],[112,-12],[79,47],[92,-83],[42,24],[136,-199],[49,-189],[118,-149],[55,-169],[79,-14],[39,32],[-83,-202],[13,-63],[-32,-68],[50,-53],[-10,-103],[48,-133],[-33,-125],[22,-185],[-20,-233],[-54,-158],[53,-88],[53,-324],[-82,-643],[-44,-89],[-146,-77],[-53,-95],[-122,53],[-42,-68],[10,-43],[-60,47],[-23,-51],[30,-83],[-46,-192],[16,-43],[-9,48],[34,-8],[39,83],[87,73],[7,105],[40,-66],[49,-17],[112,74],[179,-22],[120,-154],[11,-113],[-92,-222],[-83,-2],[-18,-30],[84,-157],[29,-3],[69,-101],[76,-181],[59,-54],[51,4],[2,110],[79,-95],[-105,-63],[17,-24],[-27,-65],[71,-85],[-35,-68],[-56,17],[-188,-60],[-253,-251],[-65,-24],[-7,-32],[29,0],[-25,-9],[21,-9],[164,79],[72,96],[191,110],[112,18],[178,-58],[-1,-20],[120,69],[122,-9],[79,-57],[-27,-183],[76,-27],[8,-40],[-326,-254],[-61,-83],[-2,-21],[37,9],[-12,-38],[55,36],[3,-58],[54,9],[115,123],[73,46],[56,-32],[50,97],[105,81],[37,0],[235,-261],[69,8],[63,-55],[35,42],[54,-16],[283,-153],[3,73],[125,-15],[153,-148],[-53,-159],[-31,-16],[84,12],[54,-42],[112,-20],[61,17],[69,111],[82,44],[51,-9],[37,80],[44,17],[12,-58],[-48,-4],[22,-36],[-92,-29],[-44,-79],[357,234],[108,-13],[75,75],[91,35],[-7,33],[87,29],[53,51],[144,6],[58,29],[-3,24],[14,-30],[83,28],[120,-28],[51,15],[-142,-56],[-11,36],[4,-51],[176,56],[30,-6],[8,-53],[47,33],[-57,-66],[-89,-31],[-54,-48],[15,-12],[559,62],[61,-12],[122,-136],[-172,-297],[41,-144],[-59,-149],[1,-104],[-213,-169],[-40,-77],[-195,-146],[-246,-85],[-43,-62],[-248,-98],[-53,17],[-153,155],[-35,-32],[53,-67],[-11,-40],[71,-136],[-32,-22],[15,-89],[-50,-54],[12,-43],[-34,-9],[22,-19],[31,34],[-12,-71],[81,15],[41,-69],[-94,-32],[-70,11],[-2,-86],[74,9],[-25,-74],[-42,2],[9,-91],[-82,-24],[-20,-82],[-105,-98],[-16,29],[-62,-20],[-24,29],[-72,-5],[2,37],[-51,-9],[-19,-126],[-41,-16],[-93,-237],[-157,-79],[19,-61],[-109,-177],[33,-17]],[[24882,118789],[60,-55],[27,35],[185,24],[-103,-158],[-103,21],[-20,39],[-64,2],[-15,52],[33,40]],[[20688,118659],[52,-38],[-17,-51],[-109,48],[31,51],[43,-10]],[[19434,118937],[107,-123],[-134,89],[27,34]],[[41335,119955],[-5,-21],[-34,20],[39,1]],[[41360,120536],[52,-18],[123,-143],[-187,152],[-146,-1],[158,10]],[[26531,120456],[-5,-74],[98,-30],[-1,-26],[180,-126],[18,-64],[-30,-71],[-119,12],[-183,147],[-63,125],[67,106],[38,1]],[[26056,120759],[-22,-1],[4,30],[18,-29]],[[25843,120864],[18,-20],[-83,21],[33,21],[32,-22]],[[27953,121236],[30,-3],[64,-143],[-14,-131],[25,-32],[-74,4],[-103,93],[-23,70],[22,130],[73,12]],[[30104,121998],[144,-19],[17,-33],[-80,-96],[40,-37],[-96,-3],[8,28],[-104,56],[-41,61],[29,37],[83,6]],[[28905,122161],[10,-19],[-36,16],[26,3]],[[28068,122157],[-21,-18],[-29,24],[75,19],[-25,-25]],[[28177,122259],[9,-19],[38,15],[-6,-42],[-28,-15],[-25,30],[-52,-32],[9,44],[42,35],[13,-16]],[[27617,122279],[48,-59],[-30,-54],[77,1],[9,-46],[-68,-35],[-125,-9],[36,47],[-25,-12],[-66,63],[65,6],[79,98]],[[28382,122424],[-90,-110],[-23,71],[36,57],[55,9],[22,-27]],[[29021,122656],[68,-19],[17,-35],[10,-63],[-64,-83],[-55,27],[41,122],[-17,51]],[[27610,122508],[0,64],[31,22],[-31,-86]],[[29024,122720],[37,-58],[-59,35],[22,23]],[[28172,122969],[55,-65],[50,0],[-33,-71],[-36,22],[-8,-22],[-77,-5],[20,88],[-77,30],[60,50],[25,-33],[27,37],[-6,-31]],[[28295,123024],[7,-99],[29,-15],[-18,-23],[-16,50],[-45,-5],[43,92]],[[28333,123058],[-15,-27],[-5,36],[20,-9]],[[28431,123034],[-31,16],[13,30],[18,-46]],[[28186,123097],[-23,-62],[-3,57],[26,5]],[[28499,123121],[100,-60],[17,-56],[-45,7],[-23,-101],[66,-37],[44,27],[69,-33],[-7,-34],[-33,26],[0,-41],[-36,3],[-64,-62],[-48,26],[-63,-27],[-37,35],[17,61],[-68,-12],[19,181],[44,-19],[4,93],[44,23]],[[27965,123236],[36,-3],[12,-33],[-59,-65],[-18,86],[29,15]],[[28206,123521],[42,-8],[28,-43],[94,7],[-56,-59],[30,-25],[-33,3],[-10,-58],[-153,25],[30,24],[-46,18],[16,63],[58,53]],[[28062,123544],[24,-41],[-47,-89],[-42,18],[-8,39],[73,73]],[[29492,124007],[-15,-17],[-11,26],[26,-9]],[[29659,124322],[50,-19],[-47,-32],[-22,9],[19,42]],[[29464,124337],[50,-22],[6,-35],[-79,3],[-47,32],[70,22]],[[29598,124345],[-42,-9],[13,27],[29,-18]],[[29388,124432],[23,-25],[-38,1],[15,24]],[[29029,124727],[55,-9],[-77,-9],[22,18]],[[29320,124949],[39,-35],[-78,6],[-41,-27],[-53,18],[57,36],[76,2]],[[31587,126547],[-38,10],[10,27],[35,-6],[-7,-31]],[[30299,126571],[15,-15],[-44,22],[29,-7]],[[29509,126571],[27,-11],[-23,-32],[-39,31],[35,12]],[[29971,126719],[-22,-11],[7,30],[15,-19]],[[30964,126797],[5,-33],[-36,1],[-12,23],[43,9]],[[29792,126796],[34,-22],[1,-89],[19,32],[-5,-24],[35,5],[37,-40],[63,33],[-31,-78],[23,-72],[-78,21],[-77,-17],[-52,30],[6,29],[-28,-38],[-28,-1],[25,16],[-26,55],[-77,16],[10,44],[146,118],[3,-18]],[[30774,127066],[70,-65],[-16,-45],[-70,36],[3,54],[-44,-4],[22,37],[35,-13]],[[30933,127109],[85,-90],[-40,-50],[-63,-13],[-43,80],[36,0],[-18,42],[43,31]],[[30353,127064],[-39,11],[62,36],[-23,-47]],[[30274,127147],[38,5],[0,-20],[-64,-42],[2,56],[24,1]],[[30593,127371],[21,-35],[-40,-20],[-12,58],[31,-3]],[[30457,127390],[-27,-33],[-28,9],[55,24]],[[30543,127425],[47,-3],[-67,-17],[20,20]],[[30717,127441],[-60,-55],[-29,12],[-8,21],[84,44],[13,-22]],[[30634,127497],[-24,-43],[-6,37],[30,6]],[[30606,127521],[-3,-25],[-36,21],[39,4]],[[30806,127517],[-22,0],[25,29],[-3,-29]],[[30504,127527],[-35,-19],[10,29],[25,-10]],[[30655,127537],[-28,1],[17,18],[11,-19]],[[30481,128089],[-29,-5],[9,24],[20,-19]],[[31601,128582],[18,-36],[-49,35],[31,1]],[[30678,128640],[41,-12],[-68,6],[27,6]],[[30489,128644],[107,-53],[34,-57],[-45,-127],[5,36],[-50,-40],[-17,28],[-67,0],[-62,-54],[-27,35],[-75,3],[-40,39],[22,6],[-15,76],[61,9],[16,69],[70,-21],[83,51]],[[31457,128679],[-39,-15],[-18,9],[43,38],[14,-32]],[[31292,128800],[66,-29],[-23,-39],[-39,54],[-72,-9],[68,23]],[[31154,128886],[49,-31],[-29,-31],[-57,22],[37,40]],[[31435,128901],[5,-59],[-113,16],[108,43]],[[31583,128957],[-41,7],[45,20],[-4,-27]],[[31045,129216],[-21,23],[33,30],[-12,-53]],[[34300,129574],[-33,-2],[26,41],[7,-39]],[[31346,129560],[-23,0],[27,20],[-4,-20]],[[31376,129787],[52,-8],[-7,-24],[-71,-15],[26,47]],[[34637,129954],[-21,30],[28,95],[61,30],[-68,-155]],[[30921,129965],[-24,-73],[-28,56],[22,-12],[30,29]],[[31055,129992],[13,-30],[-144,-58],[40,76],[91,12]],[[37342,130876],[14,-38],[48,-15],[-14,-66],[-79,32],[1,70],[30,17]],[[37472,130932],[5,-77],[-52,-44],[-19,48],[29,6],[-1,53],[38,14]],[[39446,131034],[-10,-22],[9,51],[1,-29]],[[38294,131063],[56,-50],[-63,-36],[-78,71],[34,-10],[-3,27],[24,-32],[30,30]],[[37487,130976],[-23,-2],[16,73],[7,-71]],[[37163,131093],[23,-4],[-3,-47],[-20,51]],[[37981,131240],[19,-8],[-22,-45],[39,-17],[-59,-36],[28,-6],[-53,3],[1,-65],[-50,-30],[-78,30],[-16,29],[60,15],[-19,26],[26,15],[-37,16],[27,56],[33,-24],[101,41]],[[37816,131253],[-23,-27],[40,21],[-27,-21],[40,2],[-35,-46],[-95,29],[100,42]],[[31071,130992],[-17,-12],[-1,39],[18,-27]],[[35034,131333],[-106,-54],[-78,4],[42,40],[43,-5],[13,35],[16,-33],[58,43],[12,-30]],[[40627,131698],[-16,-13],[-4,32],[20,-19]],[[46937,132473],[85,36],[116,4],[-8,43],[39,-22],[22,50],[16,-16],[-10,16],[59,14],[-13,22],[73,10],[61,-34],[112,43],[61,-20],[32,-57],[68,24],[40,-20],[54,42],[2,46],[219,3],[48,66],[52,-60],[-1,0]],[[48064,132663],[44,-82],[23,32],[40,-35],[41,-142],[39,-37],[31,27],[-21,-36],[38,-12],[184,33],[73,54],[125,-11],[122,67],[325,-39],[93,55],[109,-55],[59,34],[18,-31],[62,-11],[-24,-41],[22,5],[-2,-24],[-64,-29],[-50,-86],[1,-211],[-28,-58],[36,-39],[-26,-7],[36,-14],[-79,-136],[24,5],[-9,-52],[-259,-90],[40,-113],[68,-50],[-48,-104]],[[49107,131430],[-20,-154],[-133,-145]],[[48954,131131],[-53,-127],[-163,-129],[-46,-80],[-65,-17],[-50,-57],[-50,-135],[-23,-265],[-102,75],[15,21],[-66,94],[62,-94],[-15,-22],[114,-86],[77,-260],[69,-81],[104,-58],[237,23],[197,71],[44,-9],[4,-46]],[[49244,129949],[13,-61],[-77,-183],[53,-113]],[[49233,129592],[-19,-74],[-89,-23],[36,-30],[-20,-38],[-168,12],[-9,-19],[-43,22],[-52,-21],[-266,115],[33,-47],[34,15],[197,-90],[38,15],[59,-14],[9,-33],[-50,35],[1,-20],[40,-27],[24,18],[-22,-18],[98,-59],[17,-51],[-46,-70],[-82,-43],[31,-6],[-64,-67],[31,-19],[-39,-8],[28,-38],[-60,-39],[25,-78],[-18,-23],[25,-5],[-135,-164],[46,-8],[-43,-80],[38,14],[-82,-87],[20,-11],[-40,-53]],[[48716,128475],[25,-1],[4,-41],[-45,-38],[34,-32],[-102,-45],[23,-24],[-63,-45],[-23,-62],[-68,-45],[-91,-11],[-70,-69],[24,-20],[-110,-68],[27,-10],[-43,-11],[13,-35],[-38,-37],[-60,-23],[-11,-36],[-27,9],[-145,-190],[21,-14],[-53,-41],[-9,-46],[-167,-156],[-240,-75],[-24,-24],[19,-11],[-46,-14],[-39,-1],[-29,33],[-36,-24],[-80,4],[-124,-67],[-40,51],[15,-39],[-70,-89],[-127,-43],[-48,14],[-7,-26],[-58,14],[-1,-24],[-51,13],[20,-66],[-92,0],[-376,-166],[-119,-115],[-46,-105],[-79,-61],[-50,-98],[-34,-18],[-82,36],[46,-27],[-48,-9],[-82,-217],[-282,-322],[-61,-179]],[[45491,125729],[-118,-107],[8,-22],[-64,-86],[-23,19],[16,-29],[20,3],[-117,-153],[-363,-205],[-77,-98],[-117,-78],[-15,-47],[-229,-142],[-116,-29],[-62,-98],[-86,-50],[-16,-57],[-145,-68],[-96,92],[66,-89],[-66,-19],[-118,-163],[-289,-237],[-261,-132],[-95,-143],[-114,-12],[-53,-66],[-76,34],[-63,-9],[-212,-114],[-108,-183],[-147,-92],[-69,-388],[-35,-42],[-67,19],[55,-25],[-11,-53],[-208,-72],[-105,-92],[-70,-114],[-114,-10],[-114,-55],[-162,-12],[-118,-86],[-133,-54],[-56,15],[-114,-77],[-160,-472],[-55,-68],[-193,9],[68,47],[19,66],[66,59],[35,68],[-7,32],[-16,-59],[-84,31],[-229,-98],[-70,111],[1,49],[-67,-18],[-73,39],[-102,-75],[7,-74],[110,-143],[206,-53],[98,-47],[8,-47],[163,80],[-6,-28],[41,0],[-17,6],[24,0],[-3,16],[33,-40],[-12,24],[-20,18],[-9,1],[42,-6],[41,-57],[85,-374],[-78,-27],[-34,-109],[-72,-51],[21,-139],[-54,-70],[61,-199],[-13,-66],[-44,-11],[-48,5],[-13,16],[12,-13],[42,-5],[40,36],[-41,-18],[-11,46],[-160,67],[-318,-4],[-193,-83],[-107,-101],[-41,-98],[-82,108],[-41,-19],[-97,31],[-60,-37],[-29,19],[-8,58],[25,-32],[92,33],[-43,41],[59,18],[-23,107],[-32,0],[-48,-65],[-26,-83],[-133,-16],[-97,10],[-14,126],[-101,-20],[-225,95],[-179,27],[-65,-65],[-291,-24],[16,-119],[-174,12],[-126,173],[-192,73],[-151,137],[-49,138],[-109,158],[-132,66],[-52,-43],[-17,48],[-97,47],[-64,199],[-59,38],[15,-37],[-48,52],[39,117],[-52,-42],[-43,94],[-196,68],[-104,98],[-105,39],[-143,-18],[-101,29],[-197,-8],[74,-18],[-216,24],[-85,92],[-151,27],[-173,101],[0,35],[-31,-29],[-103,26],[-73,-30],[-22,38],[9,-41],[104,19],[91,-21],[210,-119],[129,-19],[54,-79],[54,-24],[26,16],[189,-45],[97,35],[107,-33],[143,28],[115,-40],[89,-92],[195,-82],[64,-87],[9,-102],[106,-75],[10,-110],[49,-73]],[[37418,121429],[-20,-27],[160,-157],[60,52],[26,-28],[54,16],[57,-37],[14,-80],[19,20],[-48,-54],[51,36]],[[37791,121170],[-20,-33],[31,16],[18,-22],[-3,-65],[-73,-15],[-39,-67],[60,-90],[34,10],[29,-71],[124,-40],[2,-31],[158,-92],[87,23],[29,-11],[-16,-21],[19,18],[19,-3],[-27,-9],[24,-6],[-20,-57],[51,-77],[34,-3],[39,66],[34,-18],[33,27],[78,-95],[39,3],[135,91],[169,39],[192,3],[53,47],[100,3],[26,-6],[23,-192],[50,97],[105,-136],[61,-201],[120,-16]],[[39569,120236],[47,-70],[224,18],[24,11],[-20,56],[-72,63],[-35,-3],[-70,95],[18,14],[222,-162],[11,105],[14,-93],[87,35],[-29,-57],[226,-82],[143,-135],[143,-82],[53,-10],[15,7],[-9,-20],[12,17],[-3,5],[-104,27],[191,87],[282,207],[294,167],[115,-34],[-29,-32],[39,29],[62,-35],[67,-54],[8,-38],[-23,3],[34,-14],[14,11],[-18,-18],[-29,9],[-9,20],[-33,22],[12,-13],[-22,4],[-3,-1],[3,-32],[0,32],[19,-3],[11,-9],[12,-2],[8,-18],[37,-12],[36,-2],[10,-7],[-15,36],[119,-27],[-77,60],[19,6],[221,-182],[-6,-34],[-108,115],[20,-44],[-41,28],[-150,-139],[-144,-17],[-40,-96],[-10,22],[-58,3]],[[41284,119973],[16,-31],[15,-11],[-5,-2],[30,-3],[68,43],[5,-23],[13,53],[70,-18],[95,22],[14,49],[84,34],[122,-27],[343,67],[70,81],[174,71],[-2,68],[132,237],[6,69],[136,74],[224,27],[-69,-86],[17,-113],[-135,-259],[-150,-159],[-530,-744],[-211,-160],[-127,-184],[-21,20],[15,-20],[-58,-19],[-15,-127],[-108,-171],[-16,-78],[-379,-503],[-67,-33]],[[41040,118117],[-97,-7],[-119,42],[-115,-32],[-47,35],[4,27],[-82,-50],[-25,32],[72,232],[42,17],[-28,6],[24,12],[-4,97],[44,57],[84,36],[28,60],[-15,192],[-46,-95],[-38,9],[-3,29],[-174,-24],[-79,-58],[18,-24],[-34,-32],[6,34],[-36,25],[35,-28],[-40,-29],[-169,42],[-308,-207],[-56,-101],[-468,-404],[-98,27],[-2,-38],[-55,-4],[-3,33],[51,5],[-1,36],[-240,56],[-195,-35],[-113,-71]],[[38758,118019],[-9,-27],[48,-59],[-80,65],[4,-27],[-53,13],[14,-33],[-32,12],[-20,-33],[-40,-6],[-2,-14],[56,2],[33,30],[-10,-17],[-21,-15],[-40,-4],[-36,7],[-96,62],[-40,6],[-181,-102],[-27,-73],[40,-48],[-24,-12],[18,-35],[169,-10],[-169,7],[14,-18],[-47,-15],[17,-48],[-31,9],[23,-15],[-37,-2],[-3,-30],[31,17],[-28,-34],[-87,-27],[-77,23],[-117,-86],[-83,-153],[-154,-128],[-13,-83],[-57,6],[-58,-35],[-318,-276],[-34,-93],[72,-47],[30,-51],[-47,54],[-25,15],[-47,14],[-66,-3],[69,0],[51,-17],[56,-68],[18,-1],[-154,-129],[18,-43],[-51,-44],[-6,-30],[30,19],[-12,-31],[-95,-40],[-66,-140],[59,101],[232,127],[90,121],[139,67],[157,139],[114,144],[-32,54],[62,-30],[234,290],[330,224],[355,301],[287,126],[73,-24],[358,53],[14,-89],[-36,-103],[24,-69],[20,6],[16,-17],[-28,11]],[[39444,117610],[24,-15],[-30,-11],[165,38],[159,-4],[365,81],[237,157],[148,39],[51,97],[82,-64],[235,7],[67,-41],[-79,-139],[-388,-326],[-197,-296],[-291,-294],[-26,-128],[-67,-70],[-2,-65],[75,-149],[115,-94],[-24,-12],[-187,80],[-157,14],[-65,-29],[-234,-160],[-48,-27],[-16,17],[-8,-195],[-114,-116],[-190,62],[-243,34],[-129,-39],[52,-27],[-30,-45],[156,33],[37,-54],[5,18],[80,-36],[70,-7],[72,31],[74,-92],[-150,-292],[-67,-15],[-107,-136],[-36,-113],[-231,29],[-88,41],[-352,-44],[-107,41],[-188,9],[-169,101],[-77,-6],[2,-56],[-16,57],[-80,-7],[-242,-107],[-58,-2],[-74,-148],[-88,36],[32,-22],[-32,-14],[53,-12],[-57,-53],[-13,-81],[-151,9],[-26,-47],[61,-57],[-39,-15],[-56,51],[-16,-88],[-107,-22],[-11,-38],[43,-69],[-24,101],[96,16],[53,53],[18,-27],[57,30],[8,33],[-49,25],[18,25],[143,-16],[16,98],[179,133],[168,-108],[100,-170]],[[37524,114906],[37,-2],[-20,-36],[22,38],[107,13],[21,32],[86,-12],[211,45],[99,-28],[25,-40],[58,50],[190,-31],[248,116],[-40,24],[112,-3],[43,74],[52,-24],[28,27],[-16,-68],[61,-68],[-23,-69],[59,-77],[0,-115],[11,116],[-53,79],[26,61],[-61,100],[43,24],[-30,2],[9,18],[47,-24],[79,39],[82,-24],[7,-32],[9,30],[112,-96],[20,16],[-23,-37],[27,39],[30,-12],[28,-79],[75,23],[111,69],[152,178],[-17,178],[25,74],[170,-54],[134,20],[46,66],[-96,-18],[142,238],[61,61],[384,210],[97,107],[22,119],[-80,133],[-109,84],[-97,-13],[-49,21],[160,120],[336,16],[42,39],[-35,15],[-3,39],[60,45],[292,-129],[-2,-25],[70,-30],[8,-47],[68,17],[-65,-7],[16,22],[115,11],[-129,18],[-175,130],[-154,71],[63,-16],[282,-146],[341,-100],[540,67],[65,26],[0,24],[2,-43],[-9,9],[-36,-120],[50,105],[-4,52],[332,104]],[[42448,116735],[11,39],[26,-18],[123,110],[52,3],[102,148],[146,77],[5,42],[-71,-41],[-104,-24],[113,38],[125,85]],[[42976,117194],[136,-387],[29,-4],[45,-104],[-93,-82],[6,-29],[65,-77],[119,-86],[25,10],[22,-94],[58,-26],[-14,-30],[45,-54],[-153,-94],[80,-66],[78,-340],[-93,-83],[140,-15],[136,-111],[-128,-139],[185,-212],[-15,-45],[31,-63],[-104,-519],[27,-181],[-102,-41],[21,-68],[304,-97],[58,8],[-4,-32],[37,33],[177,13],[156,63],[70,181],[383,-8],[169,67],[90,4],[206,120],[93,18],[113,-114],[31,-135],[45,-31],[2,-67],[51,-11],[40,-56],[139,-77],[151,-34],[40,-74],[180,39],[76,-98],[57,-323],[105,-104],[-115,-89],[12,-91],[53,-20],[-28,-67],[-243,-231],[-33,-73],[-49,0],[-36,-134],[-159,-232],[-93,-17],[-113,-69],[-147,-246],[26,-67],[-42,-44],[17,-19],[192,-98],[74,-3],[33,-98],[93,-31],[-106,-98],[-1,-30],[102,-107],[19,-134],[-56,-150],[-67,-56],[-20,-58],[131,-117],[94,16],[75,-135],[-58,-99],[-92,-70],[129,-119],[-61,-86],[-10,-103],[-96,-74],[-29,-83],[18,-67],[-106,1],[-115,-39],[-90,48],[-188,-112],[-60,-72],[-177,29],[-206,-272],[25,-53],[-33,-69],[-39,-44],[-118,-47],[-44,17],[4,-73],[-136,-45],[-21,-119],[-75,-14],[-9,-57],[-54,-47],[-74,-39],[-81,30],[-67,67],[-115,-9],[-16,-123],[-183,-75],[-56,-115]],[[43671,109108],[-198,-89],[-77,-155],[-101,9],[-77,-61],[-128,11],[-73,-106],[96,-175],[130,-15],[-220,-285],[67,-175],[1,-89],[46,-54],[-32,-94],[-1,-263],[-87,-90],[-21,-192],[-241,-169],[-30,-181],[-73,-106],[-18,-125]],[[42634,106704],[-140,-24],[-60,62],[-64,-36],[-97,-138],[-89,-28],[-18,-33],[-105,46],[-55,-45],[-120,57],[-71,-58],[-56,43],[7,92],[-107,-9],[-52,41],[-65,-14],[-93,37],[-20,199],[-59,-35],[-47,12],[-33,-77],[12,-47],[-58,-43],[-38,9],[-48,-109],[22,-69],[-33,-104],[61,-62],[-13,-36],[25,-25],[-47,-158],[-176,-113],[-102,-23],[-8,76],[-64,45],[-43,-8],[-21,-96],[-83,-37],[1,53],[-94,136],[-53,-80],[-120,18],[-6,-27],[-129,-18],[-70,33],[-92,-45],[-255,27],[-84,59],[-82,-32],[-225,130],[-58,-17],[-54,106],[-107,-72],[-17,-91],[-99,-107],[4,-63],[-54,-79],[120,-104],[-65,-30],[-1,-77],[-155,-21],[-78,-101],[-16,-71],[-226,-65],[-45,3],[-38,62],[-29,-55],[-108,-62],[-146,50],[-79,-27],[-62,-69],[-11,-56],[-103,-30],[-50,-62],[-7,-198],[-112,-39],[-80,87],[-193,79],[-594,-883],[-134,66],[-106,-4],[-130,205],[-238,178],[-84,30],[-70,-60],[-86,-213],[-100,-80],[-9,-83],[34,-60],[-284,-112],[-95,-77],[30,-22],[92,-356],[-136,-162],[-127,-243],[130,-53],[-7,-170],[-43,-26],[-179,-13],[-355,-240],[-165,42],[-161,-35],[-201,21],[-25,-305],[44,-212],[168,18],[283,-56],[270,253],[31,-24],[-12,-111],[113,-148],[-162,-193],[91,-142]],[[35381,101871],[-63,-36],[-86,19],[-174,-47],[-206,-163],[-125,49],[-12,27],[-13,-109],[-81,-24],[-117,-136],[-249,-47],[-175,58],[-44,-11],[-25,-77],[-116,-71],[-50,-66],[-67,-21],[-83,29],[-104,-74],[-76,69],[-193,-45],[-54,13],[-39,-63],[-65,-23],[-54,49],[-107,1],[-47,38],[-62,-36],[-179,93],[-110,-19],[-47,21],[-46,-114],[10,-67],[-170,-68],[-2,-70],[-123,29],[-37,-41],[10,-113],[-54,-63],[-97,3],[-52,-56],[-101,-38],[-157,39],[-99,-37],[-87,-138],[-300,21]],[[31253,100556],[15,55],[83,72],[96,260],[121,89],[-48,-18],[0,75],[0,2]],[[31520,101091],[-34,-34],[-14,17]],[[31472,101074],[-70,-47],[-95,-270],[-69,-92]],[[31238,100665],[-87,48],[-62,138],[85,43],[45,67],[20,63],[-24,159],[42,59],[-4,39],[-80,13],[-35,153],[72,12],[56,96],[68,23],[-11,74],[68,77],[1,50],[-103,-15],[-116,83],[-122,39],[-193,-15],[-108,-42],[1,209],[-266,5],[-180,69],[-89,5],[-25,-129],[35,-61],[16,-144],[-52,-53],[2,-61],[-110,-79],[-9,-36],[-173,-36],[-220,128],[-118,-60],[-81,19],[-10,56],[-144,109],[-89,178]],[[29238,101948],[62,47],[19,70],[143,127],[11,58],[21,-28],[-5,64]],[[29489,102286],[-39,63],[-60,-15],[-41,27],[-30,-27],[24,36],[-22,26],[-95,-50],[213,222],[166,41],[52,81],[52,-16],[66,49],[84,-22],[17,-77],[44,121],[210,193],[225,-9],[65,33],[79,0],[108,-35],[18,-41],[120,-75],[59,-14],[10,24],[55,-1],[19,-21],[2,42],[42,-3],[-21,39],[45,-40],[16,27],[49,-21],[124,24],[-18,24],[25,39],[60,-9],[-59,26],[3,65],[74,36],[376,111],[100,67],[226,18],[80,51],[353,70],[-37,28],[-171,-49],[-2,31],[-46,-37],[-127,21],[-291,-126],[-97,-1],[-100,-51],[-42,19],[-94,-47],[-183,-28],[-42,-50],[-125,-11],[-192,-119],[-113,26],[-33,-50],[-44,112],[-51,0],[-47,-52],[-64,26],[19,92],[-18,44],[-287,42],[-47,-30],[-64,3],[-70,41],[-77,-9],[78,148],[35,13],[-52,41],[100,196],[189,165],[325,476],[52,19],[-43,10],[47,103],[195,215],[170,262],[137,140],[-15,20],[68,30],[37,-30],[-33,33],[143,114],[-17,6],[-56,-37],[-15,66],[76,-20],[-48,28],[-39,-8],[-32,-35],[2,25],[-26,-115],[5,112],[-84,76],[-171,61],[-97,-56],[-72,-6],[-116,77],[-19,71],[-90,57],[-141,38],[-470,0],[-10,-26],[-88,17],[2,-23],[-440,49],[-229,60],[-103,-11],[-14,-6],[-22,-22],[-6,24],[2,-29],[34,30],[31,-4],[41,7],[15,-13],[-29,-30],[27,-8],[-36,-11],[258,-134],[199,9],[192,-51],[27,23],[5,-20],[-11,-5],[-4,-3],[2,-25],[1,27],[17,1],[7,6],[-4,-7],[9,0],[7,9],[32,-24],[187,-5],[231,49],[73,-20],[168,30],[141,-57],[118,-88],[234,-36],[3,-127],[-247,-286],[-25,-88],[-101,-48],[-134,-165],[-94,-66],[-183,-205],[-42,-12],[-2,-37],[-26,-16],[11,54],[-47,23],[-71,-43],[-66,0],[36,-12],[-5,-51],[-38,11],[84,-79],[8,-105],[-199,-198],[-29,-91],[29,-71],[93,-68],[0,-36],[-192,-62],[-84,-58],[-88,-179],[-15,85],[-23,-24],[-8,28],[29,25],[-21,31],[-96,52],[-62,6],[74,-23],[-67,-26],[-116,-134],[-20,-71],[-108,-62],[-15,15],[-51,-99],[-97,-36],[-31,-47],[-48,9],[-1,-26],[32,12],[19,-98],[-81,-69],[-43,-85],[-177,-145],[-83,-128],[-74,-66],[-36,-2],[-22,91],[-179,-85],[-85,-152],[-233,-263],[-120,8],[39,21],[-39,3],[-38,-109],[-141,98],[-182,18],[-30,-25],[14,-44],[21,18],[284,-124],[-216,-313],[-70,-188],[-184,-166],[23,-15],[-42,-113],[-52,-51],[-56,-11],[2,-72],[-139,-97],[-8,-33],[-99,-23],[-19,-72],[-77,-66],[-44,-3],[-106,-80],[-70,-8],[-193,-160],[-265,-109],[-70,-64],[-58,30],[-46,196],[-295,65],[-144,128],[-48,-10],[-12,-83],[-24,-5],[-81,154],[-62,56],[1,80],[57,-11],[67,76],[9,122],[79,66],[58,115],[-66,11],[0,28],[-153,-173],[-107,-301],[-239,2],[-99,66],[-191,38],[-35,41]],[[24694,100777],[-200,16],[-19,46],[-148,67],[-100,-27],[-86,20],[-27,69],[-154,91],[-67,98],[-23,-12],[-77,109],[-3,52]],[[23790,101306],[-143,80],[15,34],[-34,74],[-106,105],[13,39],[-42,154],[-201,144],[14,25],[-46,67],[28,117],[-35,47],[-15,124],[36,20],[8,57],[262,-12],[158,44],[39,57],[58,-6],[41,-59],[92,-11],[65,17],[-2,33],[29,-36],[18,26],[-20,24],[20,-12],[84,50],[49,-73],[68,-50],[14,-155],[40,-11],[7,29],[24,-23],[4,40],[54,-8],[13,-47],[43,18],[58,-58],[53,-11],[36,-56],[106,-22],[18,-56],[78,-70],[41,14],[-12,90],[-68,31],[-116,117],[-101,-13],[-46,27],[-3,32],[-102,64],[-23,118],[146,107],[95,27],[67,-40],[143,107],[81,9],[2,54],[241,130],[114,160],[116,78],[82,13],[71,48],[10,42],[173,-80],[38,12],[160,-234],[58,33],[125,-16],[88,-88],[224,-9],[111,30],[57,-40],[50,22],[116,-7],[79,75],[592,46],[-23,42],[21,21],[-229,-20],[-84,83],[-21,-9],[1,44],[-12,-60],[-91,-37],[-73,-12],[-29,53],[-94,-47],[-87,17],[-145,-85],[-120,-18],[-3,21],[-56,8],[36,-20],[-53,-24],[-93,68],[2,36],[-25,-18],[-19,35],[-119,-6],[-19,23],[66,18],[-62,24],[-52,71],[-103,27],[-5,54],[-77,20],[-47,75],[-49,14]],[[25736,103312],[-82,13],[-126,-24],[-78,-45],[-42,27],[16,46],[-97,-59],[-70,128],[-13,-165],[-55,-7],[-76,-137],[-79,-49],[-78,-120],[-100,-28],[-102,-90],[-6,-36],[-55,-21],[-13,27],[-60,-20],[-94,104],[-214,-96],[-39,37],[-49,-54],[-36,41],[-41,4],[-1,55],[-46,-65],[-104,27],[-5,-30],[-39,3],[-10,116],[-23,-5],[-72,86],[-42,-21],[-25,18],[-61,-48],[2,-45],[-61,51],[-29,-80],[-86,20],[13,-119],[-29,-23],[-51,17],[-50,66],[13,80],[-28,26],[-60,-53],[-84,30],[-232,-47],[-187,192],[-141,15]],[[22709,103054],[-51,-24],[-107,15],[-11,-30],[-70,-15],[3,-40],[-112,76],[-44,-24],[46,45]],[[22363,103057],[-27,50],[-74,-24]],[[22262,103083],[-191,-197],[-40,-1],[-131,66],[-43,-21],[-214,38],[-30,75],[-77,5],[-151,140],[-72,130],[17,38],[-31,24],[13,18],[33,-29],[-28,88],[40,-8],[7,38],[-51,30],[-6,47],[138,-32],[-17,29],[48,45],[-36,67],[91,49],[110,-63],[-7,27],[41,-6],[34,128],[-69,29],[64,42],[-67,12],[-7,67],[128,25],[69,-61],[4,22],[100,27],[-5,70],[51,-12],[54,51],[51,-24],[6,27],[177,51],[158,-7],[58,-77],[5,39],[106,12],[55,-48],[87,-26],[20,24],[24,-37],[18,84],[34,-44],[30,14],[-31,57],[36,24],[115,-51],[47,5],[19,48],[104,-42],[22,81],[80,-93],[-68,89],[-3,49],[84,-52],[60,30],[85,-38],[61,12],[41,27],[-14,50],[53,-29],[31,31],[-17,68],[38,0],[-1,89],[180,-100],[-10,-32],[106,-131],[146,-98],[26,-115],[46,-18],[2,-36],[78,63],[37,-6],[-10,36],[62,32],[36,82],[147,-118],[-22,-33],[20,-44],[-51,-85],[56,-51],[34,27],[130,-28],[25,22],[29,-51],[36,14],[-47,7],[25,59],[-74,7],[-5,29],[49,-12],[-11,48],[27,26],[4,-41],[47,-3],[15,-18],[-9,-9],[7,-10],[28,-13],[-33,23],[11,3],[-11,32],[-36,9],[-13,29],[40,1],[-119,18],[27,115],[-28,-5],[-2,35],[-45,-8],[-3,-45],[-32,-3],[-128,89],[-30,-10],[-86,42],[46,-2],[13,28],[-29,15],[33,15],[-56,7],[-44,52],[27,15],[-27,40],[61,114],[39,-12],[-8,-22],[56,17],[5,-30],[23,29],[76,-97],[61,3],[5,-29],[-23,14],[36,-94],[-24,0],[34,-46],[1,34],[32,-10],[-32,36],[28,6],[-29,81],[22,37],[138,-28],[49,-122],[43,86],[-18,70],[54,95],[162,-38],[39,30],[24,86],[39,-6],[27,-66],[80,-64],[19,28],[240,-47],[-35,75],[67,-36],[-63,45],[21,15],[-65,-3],[-7,-27],[-26,39],[-405,117],[-186,110],[-306,107],[-18,26],[67,214],[-13,45],[104,76],[198,-46],[-32,24],[9,25],[82,-35],[27,-68],[25,100],[44,43],[202,-12],[57,47],[52,0],[-1,54],[79,5],[8,60],[104,11],[59,-61],[49,-3],[13,23],[38,-39],[142,13],[76,67],[-17,25],[23,73],[25,3],[14,107],[63,32],[32,65],[136,15],[57,34],[-2,52],[19,-20],[29,20],[-41,28],[-55,-9],[-13,53],[-42,-27],[-63,18],[-114,-155],[-65,-32],[-51,-69],[-17,-162],[-69,-12],[-97,76],[-29,-28],[-139,12],[4,46],[-49,25],[-67,-30],[-68,48],[-63,-6],[-22,-31],[-21,19],[61,85],[-31,19],[315,242],[230,35],[-11,24],[24,13],[-70,3],[76,21],[-171,-6],[96,58],[-51,18],[-18,38],[-163,-46],[-188,11],[-104,-66],[-9,34],[-57,-13],[4,24],[-64,-70],[29,83],[-72,-65],[7,-25],[-19,16],[-92,-43],[-38,6],[-26,43],[-183,-116],[-47,33],[-43,-34],[-44,48],[-144,-121],[-22,17],[13,33],[-24,2],[-29,-82],[-65,61],[-59,-35],[0,44],[-41,0],[-12,83],[-74,-61],[-16,55],[-36,-2],[33,48],[-36,5],[-19,63],[215,55],[46,61],[-38,12],[1,26],[42,39],[80,12],[50,-101],[117,17],[10,-44],[27,38],[-21,-70],[22,-12],[26,59],[18,-12],[65,59],[-43,38],[95,68],[-47,40],[-27,-25],[18,62],[-45,-11],[-3,-35],[-39,18],[-51,-39],[-7,21],[-56,-1],[-45,87],[-42,2],[-9,63],[4,43],[39,7],[9,-24],[16,47],[38,-2],[-5,59],[22,-36],[54,4],[9,26],[21,-21],[34,3],[-37,3],[-17,24],[-31,-3],[-16,85],[8,30],[67,9],[-32,60],[85,3],[-13,35],[17,3],[10,23],[-16,-20],[-8,26],[-53,24],[40,4],[27,39],[-21,34],[36,9],[-33,59],[79,43]],[[24661,107057],[14,-6]],[[24675,107051],[-14,6]],[[24661,107057],[-33,41],[41,32],[-2,42],[43,20],[108,-53],[41,-58],[51,-3],[4,34],[-45,3],[-54,105],[1,59],[-79,-50],[-91,29],[13,106],[32,36],[-9,122],[75,17],[33,40],[-30,68],[33,145],[37,11],[-28,-11],[37,-4],[-28,-33],[39,-19],[30,115],[114,38],[18,-21],[87,18],[32,-27],[125,62],[104,-23],[340,50],[164,-412],[99,-73],[56,23],[22,-48],[138,-103],[104,-27],[44,35],[132,-62],[48,-65],[23,15],[-23,69],[88,-9],[78,30],[69,92],[87,0],[88,-40],[364,151],[351,65],[-22,36],[-129,40],[52,34],[1,39],[-33,17],[35,13],[-19,11],[-76,-100],[-32,24],[-104,-65],[-59,21],[-25,-36],[-165,-63],[-95,9],[-116,-56],[-29,-44],[-151,-48],[-1,2]],[[26664,107423],[8,-19],[-72,74],[-100,20],[-10,18],[31,2],[-48,33],[-202,44],[-143,226],[-56,166],[26,80],[48,-29],[43,20],[-18,15],[-14,-24],[-3,27],[70,-11],[34,29],[-1,26],[-3,-26],[-50,-14],[-30,102],[-167,102],[-122,8],[-343,-95],[86,-9],[25,-46],[-24,-34],[-44,9],[2,-21],[-77,18],[-5,45],[-44,0],[-15,35],[41,19],[-57,53],[25,8],[-8,40],[-35,-10],[31,50],[-47,19],[-1,74],[-90,-80],[-82,-27],[17,68],[-63,-3],[7,56],[-48,7],[-50,135],[23,43],[-27,11],[34,24],[44,-24],[9,104],[144,166],[44,-17],[17,74],[69,50],[93,11],[145,149],[35,6],[-43,20],[74,235],[223,36],[132,-25],[161,63],[46,50],[107,20],[101,-71],[373,-58],[54,-116],[68,-51],[29,-74],[32,-3],[35,-106],[26,-10],[42,49],[71,-101],[235,-96],[0,-43],[41,7],[0,-26],[33,44],[4,63],[-35,-41],[43,127],[48,48],[149,6],[89,52],[226,27],[52,41],[170,0],[129,64],[160,-27],[92,-49],[28,30],[-113,63],[-70,-15],[-102,69],[-83,11],[-103,-66],[-68,7],[-85,-21],[-1,-35],[-44,11],[-61,-39],[-115,-14],[-53,-56],[-33,65],[-206,-60],[-116,4],[-222,162],[21,57],[-52,101],[19,14],[14,28],[-14,-18],[-54,24],[-12,111],[-139,-11],[-49,97],[-94,12],[-31,40],[-121,46],[-395,-56],[-111,68],[-94,21],[-23,89],[-72,53],[-15,72],[38,95],[-50,9],[6,26],[90,86],[54,119],[136,74],[202,174],[51,-8],[-39,44],[11,-23],[-18,6],[15,71],[53,38],[1,32],[47,15],[-12,96],[12,-34],[22,54],[-38,-5],[-16,-39],[-44,48],[5,47],[-34,18]],[[26506,111062],[-122,9],[-60,41],[30,150],[149,188],[239,47],[109,86],[47,-50],[63,-3],[301,140],[64,64],[65,-20],[39,52],[20,-41],[52,6],[124,-233],[170,-153],[63,-111],[314,-208],[26,-69],[90,-83],[54,12],[-7,25],[40,-15],[-36,47],[74,26],[2,63],[43,44],[52,1],[25,41]],[[28536,111118],[8,53],[-1,-51],[22,-3],[108,52],[-41,-1],[13,24],[-27,-30],[9,29],[-26,-6],[24,12],[-31,-2],[36,23],[-44,-8],[33,29],[-176,-97],[-16,40],[-291,73],[-99,62],[-165,215],[-170,99],[-138,177]],[[27564,111808],[6,118],[151,98],[33,81],[65,47],[-13,109],[21,37],[104,44],[63,-12],[191,41],[124,54],[232,-112],[10,-56],[-30,7],[-7,-13],[3,-12],[34,-6],[6,-40],[15,-8],[-14,21],[36,-3],[-37,9],[5,15],[-16,15],[-30,3],[7,16],[22,-13],[12,14],[-12,51],[-172,106],[-75,9],[55,32],[-99,-18],[15,36],[-59,13],[-88,-64],[-116,10],[-37,-53],[-35,23],[-102,-60],[-54,-74],[20,-77],[-90,-106],[-161,-51],[41,-18],[-58,-70],[-7,-99],[-28,58],[-90,-13],[-14,33],[-133,-86],[-45,3],[-28,14],[21,66],[-19,24],[-121,-151],[-46,-15],[-14,36],[-121,-61],[-17,95],[-54,57]],[[26814,111912],[-9,-35],[-152,-68],[-49,71],[7,36],[-130,26],[-82,62],[-127,-83],[-97,-18],[-164,33],[-66,-35],[-205,-10],[-84,22],[-12,34],[72,33],[1,-29],[63,-1]],[[25780,111950],[-39,36],[18,48],[-77,113],[113,98],[-2,20],[-29,-3],[17,-23],[-81,28],[73,87],[1,42],[80,68],[71,5],[-10,68],[48,63],[80,-32],[2,-25],[172,68],[-128,16],[5,77],[44,24],[-27,49],[-35,-31],[-11,80],[39,0],[9,-37],[94,28],[69,-15],[43,32],[-18,53],[42,0],[11,-33],[18,33],[64,4],[1,-28],[-47,-29],[35,-5],[-10,-27],[-38,-4],[-36,-67],[-64,-6],[100,-7],[117,18],[-2,47],[134,3],[13,-28],[178,97],[159,0],[-42,17],[5,66],[81,73],[141,4],[143,-32],[97,17],[139,125],[41,-1],[66,57],[102,148],[69,26],[122,90],[56,80],[51,17],[66,238],[154,160],[-45,-23],[26,35],[-27,-16],[-10,13],[1,6],[5,5],[0,6],[9,4],[25,-4],[-26,6],[-9,-6],[-1,-6],[-1,19],[15,30],[-34,-16],[-24,27],[37,30],[-70,-30],[4,69],[-15,-40],[-138,-61],[-71,-95],[-42,-131],[-146,-74],[-18,-36],[-19,12],[-48,-59],[-15,-63],[81,-15],[-62,4],[-109,-75],[-10,-56],[-52,-27],[-96,-136],[-143,-112],[3,-48],[-40,26],[-86,-31],[-145,25],[-165,-65],[-102,60],[29,41],[54,-5],[51,52],[-332,24],[-33,135],[49,68],[217,53],[0,30],[109,35],[24,47],[-37,66],[-48,-4],[-24,48],[-75,18],[11,80],[69,118],[-27,41],[31,77],[-21,10],[-83,-198],[-85,-95],[18,-57],[-72,-5],[-84,-102],[-146,-33],[-95,-100],[-164,-53],[-366,-357],[-192,-73],[-318,-54],[-12,60],[-49,12],[-33,88],[-48,21],[-32,269],[-71,-93],[24,-117],[-61,-15],[-45,172],[17,22],[-50,85],[22,74],[-41,87],[9,18],[49,-19],[14,-73],[35,44],[-28,80],[16,118],[56,-45],[14,-70],[12,15],[46,-56],[-50,102],[39,15],[-31,104],[-41,12],[-41,86],[-43,-9],[-3,110],[83,214],[87,86],[-28,56],[-63,17],[-228,-47],[-102,26],[-62,108],[-9,187],[-34,79],[14,60],[-44,-26],[-32,70],[41,99],[-27,121],[31,71],[-23,151],[144,349],[0,342],[15,36],[54,12],[7,43],[-34,42],[-2,80],[73,-47],[21,-63],[26,48],[-7,154],[-42,23],[0,78],[85,60],[48,-51],[53,9],[30,62],[-46,-20],[-5,31],[90,57],[51,-94],[25,13],[19,-37],[21,21],[-17,-36],[23,-42],[17,27],[31,-41],[54,17],[15,-39],[24,34],[6,-108],[32,-11],[18,30],[16,-51],[42,-1],[11,-82],[68,30],[41,-24],[-25,-39],[136,-48],[13,-32],[-49,4],[-19,-24],[69,-111],[127,66],[56,-12],[1,-29],[67,-16],[58,-62],[-58,99],[34,11],[-68,72],[34,68],[37,0],[81,-86],[10,-116],[-55,23],[44,-47],[-6,-112],[28,-59],[43,9],[57,-64],[30,19],[16,-24],[64,9],[15,-54],[66,-55],[-1,-54],[88,-18],[42,-86],[19,33],[25,-9],[-4,36],[-62,115],[23,80],[-37,33],[11,97],[-63,89],[27,29],[79,1],[11,-103],[81,16],[63,-59],[-29,-151],[109,-27],[23,63],[-65,92],[32,15],[-3,-35],[58,-24],[84,115],[42,-20],[31,-78],[79,30],[22,42],[41,-27],[15,24],[59,-75],[-33,108],[49,10],[5,-38],[64,-29],[-10,-21],[50,30],[-35,58],[13,22],[6,-24],[41,0],[-3,-27],[113,-9],[-2,-41],[95,-35],[35,31],[56,-17],[41,54],[-7,-22],[11,22],[18,-18],[5,36],[-17,-18],[-14,32],[32,48],[36,-28],[-43,137],[-63,6],[54,45],[-285,70],[-200,-20],[-179,62],[-103,-9],[-90,-59],[-57,38],[-33,-18],[-95,36],[-22,-15],[9,-76],[-126,36],[-153,-105],[18,68],[-34,47],[-95,40],[-35,-19],[-7,71],[-45,7],[-13,54],[-74,-21],[-27,29],[17,104],[50,-30],[41,17],[29,-56],[60,21],[-38,140],[-179,27],[-188,101],[-80,175],[32,142],[-198,260],[-143,133],[-249,123],[-118,-55],[-46,36],[15,166],[55,-11],[19,52],[-24,122],[216,341],[-41,90],[20,117],[150,-3],[34,25],[-16,41],[92,75],[191,26],[101,-36],[15,-44],[-54,-68],[68,6],[9,-22],[50,48],[80,-18],[31,-61],[73,17],[34,-88],[68,-25],[44,25],[-78,127],[46,27],[41,-28],[54,36],[-28,0],[-60,118],[59,62],[-131,-52],[-31,27],[67,91],[-93,187],[-557,20],[-115,143],[-105,57],[-184,17],[-63,62],[8,84],[71,103],[-57,107],[79,213],[3,149],[-69,305],[-41,68],[8,158],[-31,55],[68,134],[-43,189]],[[24944,120553],[7,45]],[[24951,120598],[-7,33],[50,39],[100,-16],[17,-27],[58,18],[44,-20],[59,48]],[[25272,120673],[39,26],[-8,27],[70,18],[31,59],[107,-22],[86,-53],[78,12],[44,68]],[[25719,120808],[23,13],[59,-48],[135,38],[8,-46],[47,8],[103,-54],[-30,-58]],[[26064,120661],[-56,-96],[32,-44],[-44,-20],[24,-27],[-14,-69],[38,-27],[74,9],[-47,-115],[24,-47],[39,17],[-21,-29],[32,-33],[67,60],[19,-54],[-27,-24],[58,-20],[23,-92],[-57,-83],[31,-65],[-21,-33],[7,-74],[-26,-51],[-10,19],[6,-18],[105,-132],[10,-58],[68,-21],[221,-276],[31,-21],[102,24],[37,-44],[63,122],[-26,32],[-85,8],[33,19],[-69,79],[-9,59],[-62,13],[-8,41],[123,98],[75,-41],[-10,-54],[-44,0],[9,-45],[221,51]],[[27000,119599],[-9,127],[-115,0],[-36,47],[121,196],[27,217],[-25,157],[-83,27],[-26,-48],[-45,51],[21,76],[-54,58],[-78,12],[-106,62],[-60,-9],[-15,32],[-70,-14],[1,68],[33,37],[-75,48],[23,68],[-101,120],[19,46],[93,19],[-111,100],[98,98],[-8,106],[33,18],[54,136],[113,86],[20,71],[90,21],[14,-28],[38,17],[118,-63]],[[26899,121558],[-3,-41],[45,33],[7,-25],[39,21],[-15,-52],[34,-6],[-22,-25],[19,-14],[35,29],[18,-29],[-40,-41],[47,14],[6,53],[58,54],[60,-47],[-3,-34],[60,-2],[2,-47],[-78,-107],[41,-35],[37,28],[-8,-32],[36,-12],[-43,-119],[30,-49],[-15,-68],[108,-129],[-15,-59],[23,-44],[194,-45],[72,-55],[174,-9],[2,-74],[32,28],[79,-2],[62,-80],[68,-18],[54,-6],[21,32],[6,137],[-46,45],[33,24],[-12,35],[87,29],[25,-17],[-6,134],[27,41],[71,24],[-79,59],[29,32],[-7,69],[40,20],[15,119],[41,15],[39,80],[79,-63],[138,-3],[65,-83],[358,-201],[109,-101],[38,-133],[72,-78],[284,-141],[226,-30],[52,-24],[9,-41],[373,-129],[-43,25],[51,-4],[-19,56],[26,-4],[-34,16],[-17,-14],[1,32],[77,-26],[-233,125],[-31,44],[0,131],[-226,82],[-239,39],[-139,69],[-52,194],[-190,220],[-348,63],[-49,-19],[-21,39],[-72,17],[2,117],[-102,100],[13,59],[61,31],[94,-39],[75,21],[21,-36],[33,0],[27,39],[-32,76],[104,25],[82,-96],[-36,-88],[59,-19],[162,-169],[131,-56],[160,-3],[128,16],[208,85],[170,7],[-1,-30],[26,3],[-49,-45],[88,9],[131,-62],[84,-128],[91,-44],[79,-111],[63,-17],[5,-35],[122,-22],[-1,-49],[89,-27],[45,-77],[58,-19],[122,15],[32,-9],[-3,-40],[46,-12]],[[31015,120818],[40,-75]],[[31055,120743],[170,-358],[263,-410],[-47,83],[32,-15],[8,77],[40,33],[-159,309],[26,50],[-130,161],[15,31],[-82,128],[-139,96],[-124,23],[-31,116],[-134,130],[-124,-48],[-26,122],[25,-23],[-6,29],[-47,-3],[-74,92],[-115,42],[-106,135],[-160,86],[57,62],[107,15],[46,-20],[25,42],[-15,70],[78,-5],[90,79],[-10,22],[31,17],[-32,50],[45,80],[-18,42],[33,16],[-44,-12],[2,-33],[-17,18],[14,-25],[-46,-32],[-15,-80],[-59,-14],[-31,17],[40,38],[-27,22],[32,29],[-10,94],[-293,7],[-22,45],[-111,20],[-48,130],[-223,66],[-348,56],[-20,57],[53,43],[-3,43],[-83,77],[11,21],[-40,-9],[-91,186],[-38,20],[-118,-35],[-60,15],[70,103],[-24,104],[-61,90],[-129,79],[-118,-42],[-215,84],[-96,-20],[19,32],[-45,23],[-15,51],[25,54],[66,22],[-52,21],[72,95],[-89,42],[-33,53],[-155,45],[-83,158],[31,74],[-42,-39],[-2,-71],[-25,104],[100,49],[-26,51],[-47,0],[81,146],[-6,65],[84,-21],[-6,124],[42,18],[5,-24],[40,32],[49,-14],[-9,-32],[98,-27],[13,-44],[25,12],[32,-42],[27,5],[28,-85],[40,-6],[22,-51],[64,-24],[22,24],[-2,-95],[46,-27],[13,-47],[58,-8],[75,-220],[35,-14],[-2,-21],[-43,24],[28,-40],[33,21],[-37,137],[16,76],[34,10],[0,71],[52,-38],[-2,24],[58,-16],[1,56],[86,-70],[50,-117],[85,33],[54,-15],[-13,-46],[79,-28],[7,80],[61,16],[1,52],[63,-26],[56,21],[-85,76],[7,66],[55,54],[32,-48],[28,14],[-56,105],[69,5],[-74,46],[53,7],[41,101],[39,1],[-79,95],[11,39],[-31,-75],[-28,42],[-40,-13],[9,56],[38,-8],[-16,21],[29,33],[-138,-16],[-73,90],[123,39],[19,-24],[70,29],[146,-20],[-25,11],[-2,57],[-158,-1],[-86,127],[7,37],[-60,15],[86,41],[34,-41],[109,-19],[30,43],[100,-22],[-40,74],[100,-5],[15,29],[-35,51],[80,17],[45,-29],[-19,67],[37,66],[-107,-54],[-22,25],[-108,-89],[-44,0],[4,24],[-85,-13],[-41,87],[-115,-54],[-38,57],[-79,12],[72,117],[154,18],[45,45],[-78,-8],[5,23],[-72,-60],[-32,28],[-97,-54],[2,86],[-49,-4],[17,19],[-40,14],[100,1],[33,40],[-30,33],[19,13],[-72,23],[-7,38],[-42,18],[14,16],[-140,-21],[8,56],[-71,17],[36,49],[-33,4],[-1,25],[-34,-18],[-14,42],[42,112],[-169,54],[-24,222],[-68,33],[-108,154],[-203,83],[10,68],[69,62],[-15,106],[38,57],[50,0],[102,136],[24,4],[-17,-72],[40,-24],[-6,-61],[32,-43],[102,24],[47,-41],[118,24],[-55,-134],[59,-2],[40,-37],[64,22],[57,-39],[-25,-44],[70,-34],[-15,-44],[40,-18],[1,-85],[51,21],[20,53],[14,-19],[73,52],[-26,15],[51,65],[50,-1],[52,44],[20,-16],[38,86],[44,-10],[17,24],[26,-27],[3,53],[81,-3],[11,59],[97,-23],[9,44],[22,-5],[-25,23],[62,1],[36,-27],[-43,-10],[6,-46],[-30,2],[17,-39],[39,1],[-5,54],[102,108],[56,-38],[-20,-51],[92,-53],[66,39],[73,-2],[21,46],[39,-14],[8,-53],[-25,-6],[52,-4],[22,-127],[138,-83],[-127,131],[45,36],[3,32],[-43,26],[18,63],[57,47],[-12,48],[29,20],[71,-106],[45,14],[67,101],[56,-3],[36,-59],[43,35],[-22,-41],[33,-12],[-46,-51],[88,-64],[-3,157],[-112,50],[71,89],[59,-30],[37,24],[-50,32],[30,25],[83,-13],[33,-53],[-16,-30],[254,-190],[191,-82],[7,70],[31,13],[82,-60],[149,35],[-39,36],[12,24]],[[31860,126592],[69,60],[-4,-59],[52,29],[53,-14],[34,-63],[-18,-24],[26,-130],[108,-35],[105,-120],[4,-41],[195,-20],[123,-158],[53,-27],[-29,68],[30,30],[-14,38],[-102,46],[14,71],[-171,130],[-209,103],[-36,68],[109,63],[278,-23],[251,29],[-9,36],[-181,36],[-230,-46],[-85,10],[-46,36],[-56,-19],[-148,80],[-132,3],[-129,-64],[43,-40],[35,51],[55,-26],[-61,-52],[-100,83],[-133,-55],[-15,45],[-55,-16],[-40,44],[-115,24],[-67,74],[-47,12],[41,16],[-110,85],[-59,-23],[-3,38],[62,1],[-13,40],[-85,-8],[48,59],[-73,-53],[-60,8],[28,87],[-61,68],[54,48]],[[31034,127195],[-116,-4],[-49,-38],[-9,49],[55,60],[-34,7],[14,25],[-98,-3]],[[30797,127291],[9,40],[47,-12],[-23,29],[18,41],[56,19],[28,-19],[45,60],[-15,17],[-51,-47],[-30,39],[-61,-12],[4,89],[42,3],[53,60],[56,-9],[-86,50],[10,59],[-95,5],[-17,-52],[-68,-6],[18,-27],[47,2],[-17,-23],[-103,-30],[35,36],[-101,29],[38,25],[-29,9],[9,30],[15,-12],[-15,64],[90,63],[-32,48],[-71,-22],[6,41]],[[30609,127878],[-29,-16],[-27,49],[67,-5],[7,35],[-36,-2],[-16,52],[-43,-8],[-10,39],[43,26],[-76,5],[4,36],[59,29],[23,-34],[79,14],[14,-41],[69,30],[-99,71],[12,33],[-101,34],[42,16],[58,163],[55,27],[91,150],[30,-5],[12,62],[-57,35],[12,63],[-10,30],[-31,0],[-3,44],[54,33],[-44,14],[66,60],[-24,44],[80,-17],[-34,38],[88,-7],[49,-74],[-12,-29],[115,-74],[-43,-21],[30,-41],[57,38],[175,-66],[-35,-83],[135,83],[-10,-29],[11,-36],[29,-35],[44,1],[15,46],[38,-11],[-34,-118],[82,41],[11,-48],[76,29],[17,-26],[4,36],[54,-56],[27,11],[10,-35],[-42,-30],[18,32],[-57,18],[0,-103],[87,-4],[2,87],[135,-35],[-100,56],[-18,49],[-99,42],[108,99],[-97,0],[-2,43],[-94,-6],[-12,28],[-65,8],[77,102],[-41,-7],[-3,20],[-52,-47],[-53,1],[87,98],[77,41],[139,-50],[48,37],[-126,15],[-12,57],[-174,-8],[-7,-93],[-241,-24],[-51,59],[-22,-19],[-61,17],[-31,38],[34,42],[35,-21],[150,39],[143,-29],[-18,19]],[[31441,129049],[-49,21],[12,36],[-100,-3],[2,29],[-37,3],[24,21],[-123,-21],[19,61],[-74,-51],[-19,42],[31,26],[-48,6],[67,51],[-11,70],[74,13],[-17,28],[87,-3],[14,-31],[76,35],[1,0]],[[31370,129382],[-162,23],[165,110],[151,-23],[32,42],[-139,-3],[-15,28],[35,21],[43,-26],[59,29],[50,-52],[80,40],[128,-29],[210,-202],[134,-184],[59,30],[-24,65],[-89,84],[88,71],[-128,30],[-111,71],[17,23],[-29,35],[99,-27],[-19,27],[-50,27],[-138,3],[-45,35],[0,-20],[-70,7],[-49,62],[17,-69],[-251,47],[23,24],[44,-8],[38,44],[86,-20],[4,49],[-114,6],[-29,41],[-134,49],[-29,35],[42,72]],[[31349,129949],[1,-3]],[[31349,129949],[-39,-19],[31,35],[-47,30],[-105,-11],[12,62],[-49,-3],[-66,-59],[15,77],[-65,18]],[[31036,130079],[7,71],[-52,-9],[1,38],[5,38],[51,24]],[[31048,130241],[-25,59],[50,104],[-27,56],[53,176],[57,6],[24,91],[30,-9],[73,58],[11,82],[98,8],[83,-29],[173,80],[-5,45],[102,112],[5,89],[80,69],[-19,109],[48,7],[-12,37],[125,87],[-69,21],[50,71],[-48,41],[16,41],[76,22],[8,32],[-28,48],[20,52],[-44,12],[34,65],[-19,34],[52,15],[-45,55],[1,57],[-22,-3],[65,143],[51,11],[1,30],[12,-24],[40,20],[59,-79],[44,3],[1,-35],[41,8],[41,-39],[-16,-33],[49,15],[119,-35],[10,-63],[54,10],[43,-27],[38,17],[-13,36],[63,72],[431,-75],[36,39],[60,8],[35,-74],[55,-25],[-10,-18],[52,2],[110,-121],[60,12],[-4,23],[49,-6],[-7,-24],[113,-46],[-26,3],[-8,-36],[101,-83],[-13,-65]],[[33690,131585],[-30,-68],[35,-22],[-38,-112],[50,2],[-33,-133],[75,-116],[118,-58],[47,-66],[-25,-91],[-182,-139],[-62,-80],[15,-24],[-80,-31],[50,3],[-6,-20],[74,71],[56,8],[-18,-58],[34,-45],[1,-89],[-29,-47],[35,41],[-3,108],[43,23],[2,44],[57,-23],[-7,58],[87,152],[57,35],[32,113],[-1,63],[-105,24],[-122,117],[-12,46],[40,46],[39,142],[149,27],[103,-26],[20,63],[-2,56],[-96,138],[-91,25],[-40,86],[48,-19],[23,30],[33,-21],[49,69],[55,8],[-26,-61],[53,-54],[-22,-54],[31,-91],[57,14],[43,-97],[78,29],[31,-38],[-39,-95],[27,-14],[5,-74],[55,-51],[65,57],[84,2],[-19,-98],[40,81],[30,-36]],[[34628,131315],[60,-16],[-47,-80],[65,-64],[155,-4],[62,-37],[-27,-16],[49,-48],[38,37],[37,-25],[36,42],[39,-45],[9,39],[34,-14],[-43,-51],[-45,8],[87,-62],[-17,-53],[29,-2],[-18,-25],[23,-2],[3,-66],[-89,-142],[-71,10],[-136,-175],[-1,-42],[-18,17],[-57,-38],[-2,-86],[-67,-11],[14,-24],[-104,-89],[-147,-314],[-146,-169],[-19,-54],[23,-42],[-68,24],[10,-104],[-84,-48],[128,0],[-35,-17],[-15,-50],[30,41],[32,-5],[-6,29],[86,-41],[94,160],[24,107],[61,-21],[136,83],[51,144],[88,-11],[99,101],[81,-24],[29,207],[-34,27],[-40,-24],[8,41],[62,-7],[21,138],[146,193],[80,0],[70,57],[62,-7],[18,-113],[-57,-64],[19,-38],[-5,41],[60,35],[15,122],[91,68],[6,85],[72,30],[-18,184],[-79,113],[66,83]],[[35641,131211],[-14,27],[34,33],[-45,92],[98,70],[-26,19],[18,28],[40,-9],[72,48],[49,-73],[68,47],[87,-25],[63,16],[25,44],[41,-32],[44,30],[4,-31],[56,19],[23,-46],[88,30],[60,-39],[82,-3],[53,-124],[153,-67],[158,-28],[0,-61],[45,-46],[-35,-106],[49,23],[23,54],[53,3],[32,53],[10,-37],[43,-7],[-20,-45],[58,18],[29,-26],[-39,-63],[5,-89],[33,-26],[-7,-80],[-36,3],[-11,-44],[82,-86],[84,6],[21,-46],[-89,-82],[2,-30],[-247,-172],[-24,-95],[-45,-6],[-12,-52],[41,-61],[-4,-49],[-77,-116],[-49,-154],[-3,-139],[-108,-81],[-21,-35],[20,-10],[-25,-5],[24,-23],[-9,6],[-24,-15],[-23,-52],[46,61],[1,-19],[44,-9],[-8,-98],[21,6],[-12,65],[155,169],[21,86],[85,54],[75,169],[37,18],[88,-45],[-69,62],[70,56],[-41,131],[-192,35],[-7,22],[96,-36],[168,20],[205,238],[63,-17],[52,22],[13,66],[117,146],[-13,26],[58,89],[180,143],[66,9],[35,-49],[7,57],[23,1],[86,-70],[-14,66],[47,-23],[-9,17],[90,27],[29,-33],[27,32],[75,-58],[28,21],[43,-21],[2,23],[17,-36],[35,-6],[-4,19],[79,-36],[61,-110],[-106,-58],[78,-128],[26,109],[-37,32],[116,-26],[141,23],[-45,-44],[99,-43],[-9,-73],[37,-38],[47,9],[104,-168],[-16,-119],[27,109],[-32,80],[-242,332],[-18,65],[15,60],[66,-48],[60,-2],[23,-36],[49,17],[37,-47],[34,56],[-96,98],[93,16],[-23,97]],[[39022,131027],[-17,54],[26,-12],[8,29],[55,-20],[22,27],[9,-66],[27,8],[17,-40],[37,18],[6,-45],[53,26],[74,-83],[23,19],[-14,47],[82,-21],[8,45],[74,18],[33,231],[33,-27],[28,30],[-13,41],[28,-27],[6,32],[95,-68],[36,75],[31,-10],[-8,46],[66,-48],[27,42],[45,-131],[60,15],[-16,62],[17,-36],[46,-3],[37,-92],[43,36],[14,-17],[2,56],[57,-146],[64,-23],[29,30],[-13,150],[23,34],[31,-10],[22,35],[22,-20],[1,39],[28,-7],[51,72],[35,2],[-21,69],[22,35],[-29,37],[40,43],[25,-32],[-1,136],[20,-14],[20,26],[20,-53],[22,48],[47,-10],[11,15],[17,-15],[56,72],[1,91],[49,-213],[27,-4],[-21,-93],[30,2],[-15,-44],[30,-7],[-14,-49],[27,3],[16,-172],[8,34],[83,10],[75,56],[97,4],[43,-27],[71,70],[23,-20],[15,36],[11,-21],[37,14],[11,-82],[66,-19],[1,53],[35,-7],[-7,31],[46,-23],[12,44],[4,-42],[23,10],[59,-62],[21,-110],[123,-20],[-53,-34],[70,-62],[40,-222],[-32,249],[-59,35],[42,31],[-11,86],[120,65],[140,-63]],[[41965,131279],[74,7],[90,-31],[28,36],[94,-3],[37,62],[65,-26],[37,27],[52,-10],[1,-23],[103,55],[46,-14]],[[42592,131359],[-2,33],[52,26],[55,-21],[19,-117],[31,-25],[77,1],[43,44],[-21,68],[47,60],[192,71],[122,109],[70,107],[279,187],[24,-16],[144,71],[43,-43],[5,121],[141,104],[1,-24],[39,15],[30,-63],[47,15],[17,-41],[26,21],[62,-22],[111,16]],[[44246,132056],[253,53],[78,-20],[199,82],[198,-8],[-14,-31]],[[44960,132132],[-25,-153],[-5,47],[-42,-20],[18,-34],[-17,30],[-52,-11],[41,-24],[-50,-26],[77,-92],[116,-36],[44,-44],[86,9],[21,28],[-17,-68],[-105,-109],[115,95],[16,68],[59,62],[132,93],[270,58],[83,-61],[47,35],[84,6],[27,-42],[-32,-68],[39,-20],[64,25],[90,-43],[164,14],[199,-121],[153,116],[23,-7],[48,219],[-36,60],[-102,3],[-72,33],[-33,88],[-74,9],[-260,158],[39,290],[47,69],[229,138],[112,-34],[81,-89],[91,-262],[57,20],[40,-20],[24,26],[22,-26],[55,30],[6,-39],[48,16],[52,-22],[-20,-33]],[[48756,133002],[-21,-120],[-169,-6],[-83,-53],[-36,15],[3,36],[25,-8],[55,73],[-7,93],[65,23],[-26,59],[56,77],[-19,44],[60,43],[78,-157],[61,-28],[-42,-91]],[[34452,91775],[52,-31],[-64,15],[12,16]],[[34531,91771],[81,-46],[-109,41],[28,5]],[[35488,91528],[-84,-178],[-98,-71],[36,-95],[155,-21],[-19,-9],[30,-59],[-9,-115],[-54,-74],[131,-71],[-4,-39],[49,-30],[-53,-65],[44,-53],[-90,-42],[115,-101],[-224,-12],[-26,-43],[33,-66],[-9,-69],[-50,-38],[-34,-94],[-94,-30],[-101,17],[-212,-34],[-68,41],[-129,3],[-22,88],[-53,4],[-123,82],[-50,13],[-116,-57],[-73,5]],[[34286,90315],[-94,84],[-68,140],[-102,79],[-116,35],[-54,111],[5,196],[-113,-42],[-30,-45],[-37,7],[-211,-181],[-47,35],[-74,-50],[-269,6]],[[33076,90690],[-8,116],[-48,32],[-33,101],[14,74],[128,92],[24,67],[74,49],[-49,26],[-12,-50],[-36,103],[17,53],[50,24],[-12,149],[-42,50],[19,134],[219,142],[199,55],[118,114],[78,-87],[64,1],[26,82],[62,12],[177,-64],[43,-46],[14,22],[146,-149],[-5,-23],[35,-3],[-21,-13],[18,-12],[9,24],[69,4],[104,-56],[-28,20],[198,-44],[306,-117],[193,3],[31,-34],[186,32],[85,-45]],[[51035,89850],[-83,95],[-69,9],[-61,-27],[-58,-189],[-54,-62],[-34,-25],[-87,60],[-44,-9],[-36,-51],[-110,-62],[-44,-123],[-31,-6],[-123,22],[16,160],[-109,208],[-138,-113],[0,-53],[-78,-50],[-49,-88],[-171,-137],[-111,-38],[-318,-250],[-85,-39],[-10,-79],[-44,14],[-83,-61],[-247,-342],[7,-124],[94,-103],[-250,-108],[-70,-70],[-54,19],[-37,70],[11,58],[-73,4],[3,32],[-51,47],[63,220],[-155,143],[-7,77],[74,97],[-183,165],[61,113],[-116,27],[37,47],[-76,57],[18,65],[-47,50],[32,89],[-92,6],[-141,-187],[-24,-86],[-100,45],[-90,-119],[-130,39],[-111,-77],[-15,27],[-82,-47],[-162,80],[26,184],[-39,53],[-41,-56],[-49,12],[12,50],[-36,15],[-29,-36],[-130,-39],[-49,29],[-51,-49],[-74,24],[-19,25],[23,72],[-46,145],[-93,71],[-75,157]],[[46438,89927],[79,25],[35,-15],[47,35],[10,47],[474,542],[102,-4],[131,150],[36,4],[98,-113],[43,104],[81,38],[12,71],[93,18],[29,-24],[113,-5],[23,20],[-42,47],[116,60],[-7,67],[344,-86],[191,25],[251,119],[171,17],[-176,186],[-43,15],[52,250],[203,26]],[[44068,117378],[21,-21],[-49,1],[28,20]],[[47360,118343],[73,-36],[37,-63],[-3,-24],[6,-29],[-2,-54],[-19,-33],[21,31],[4,52],[-7,30],[4,21],[-6,24],[-41,60],[15,-6],[-96,50],[0,35],[-135,111],[411,-238],[530,-220],[504,-174],[145,-10],[-34,-25],[-19,3],[-6,13],[-58,10],[58,-16],[-13,-25],[13,-28],[-6,24],[23,-3],[-1,-68],[3,39]],[[48761,117794],[30,3],[-22,8],[20,28],[33,-55],[47,21],[-44,68],[536,-169],[195,-2],[6,27],[68,2],[102,95],[143,68],[164,33],[70,32],[-89,-11],[86,27],[-1,23],[174,45],[88,160],[41,-10],[59,34],[61,-21],[24,59],[68,-24],[107,38],[34,43],[70,-33],[71,12],[-24,18],[46,20],[12,-21],[84,15],[14,-119],[155,-83],[-10,-2],[-24,-33],[29,33],[46,0],[3,20],[7,-17],[-7,23],[148,42],[47,-30]],[[51428,118161],[-11,-385],[31,-21],[-35,-41],[50,-53],[59,-7],[43,-86],[119,-89],[-67,-110],[-69,-263],[-152,-207],[-48,-24],[161,-72],[84,-124],[18,-134],[44,-59],[143,-82],[107,15],[-7,-123],[-36,-38],[24,-21],[92,-48],[84,22],[83,-25],[32,-255],[43,-55],[-37,-65],[64,-134],[105,8],[1,93],[93,27],[189,-36],[5,-21],[-40,7],[0,-22],[136,3],[26,-73],[-78,-16],[-103,-92],[-91,-27],[-4,-58],[-102,-6],[15,-42],[-34,-88],[-117,49],[-85,-151],[-51,51],[-160,-6],[-25,56],[-139,92],[35,103],[-20,18],[-60,-6],[-126,-89],[-21,-83],[-54,-26],[-101,66],[-86,104],[-64,5],[-34,229],[-44,62],[-355,-143],[-172,41],[-32,-92],[28,-67],[-203,-193],[-89,-42],[-15,-61],[40,-110],[-401,-21],[-90,47],[5,-82],[-124,-111],[4,-92],[-38,-89],[-56,-71],[-132,-80],[0,-119],[-75,-68],[82,-100],[112,23],[56,-71],[140,44],[176,-62],[-54,-11],[-197,-179],[-200,-80],[-98,-115],[-8,-74],[-45,-44],[106,-38],[83,13],[40,-73],[77,0],[86,-151],[219,-164],[-179,-118],[-76,-101],[119,-180],[-3,-140],[-29,-51],[12,-160],[84,-126],[95,-24],[-92,-75],[-126,-216],[32,-157],[-90,-112],[-10,-51],[-36,3],[-14,-59],[-248,-114],[-7,-71],[-69,30],[-38,133],[-109,93],[-92,-54],[-105,30],[-3,44],[-39,22],[-156,-6],[-34,49],[-156,-109],[-79,69],[-69,-43],[-12,-41],[-130,27],[-28,-80],[-163,-157],[-176,20],[-102,-133],[-106,21],[-146,-196],[7,-65],[-45,-18],[-54,-78],[-27,-71],[29,-67],[-86,-56],[-32,-98],[78,-111],[-23,-55],[-137,-37],[-67,54],[-82,-41],[-40,-155],[-43,45],[-52,8],[-206,-22],[-72,-52],[-51,0],[-226,-160],[-42,-98],[14,-76],[34,-103],[97,-52],[-63,-70],[-4,-56],[140,-87],[-17,-76],[114,-104],[-50,-185],[-71,-107],[-174,-14],[-61,-71],[10,-29],[-143,-86],[-166,47],[-116,-39],[-48,23],[-12,83],[-50,1],[-80,-35],[-12,-48],[-73,-36],[-67,-80],[-218,-14],[-109,49],[-66,-102],[-119,11],[-84,-32],[-190,67],[-35,-86],[-89,-38],[-66,14],[21,194],[-164,-34],[-149,-153],[-101,39],[-53,-18],[-85,68],[-113,-63],[-116,39],[-12,-62],[-51,-48],[14,-77],[-43,-112],[-70,-1],[-37,30],[27,80],[-88,56],[20,83],[-84,104],[-3,51]],[[42976,117194],[138,107],[34,60],[94,42],[99,15],[-131,-48],[-100,-80],[21,-18],[-53,-9],[11,-20],[-29,2],[13,-24],[-43,-11],[31,-3],[-29,-19],[116,21],[300,179],[82,68],[7,94],[79,46],[-124,-13],[-47,-29],[21,-6],[-95,-15],[-147,-95],[10,32],[162,86],[109,37],[471,83],[137,-4],[121,-112],[-62,-123],[23,-38],[-149,-9],[-47,-62],[1,-24],[-9,-2],[-7,-12],[-35,8],[34,-17],[8,20],[13,0],[-3,12],[8,-12],[-6,-35],[38,6],[13,-20],[-19,-4],[-5,-12],[25,-44],[-12,-21],[14,20],[-25,48],[5,9],[12,-3],[10,-41],[-2,50],[-17,23],[-25,0],[-11,46],[18,12],[1,-13],[15,32],[51,-14],[-45,-17],[36,-9],[17,27],[23,-13],[-32,-14],[34,9],[-60,-33],[2,15],[-17,-28],[22,13],[11,-19],[-7,24],[66,24],[-13,-27],[-62,-32],[29,-47],[2,45],[48,-33],[76,79],[-11,-38]],[[44208,117266],[63,-26],[30,31],[77,-49],[17,14],[6,-30],[-12,-47],[-41,-5],[-11,-19],[11,18],[36,0],[8,7],[16,76],[37,-18],[-8,-29],[72,6],[72,80],[-16,8],[14,22],[-14,6],[3,9],[-10,9],[-1,12],[-9,3],[2,7],[22,-10],[38,-6],[-38,8],[-19,9],[-8,-1],[10,18],[-6,9],[5,4],[-5,8],[27,-2],[-28,2],[-16,57],[-82,56],[-44,-8],[-183,177],[-47,-8],[75,29],[600,-36],[176,38],[128,61],[125,115],[66,128],[32,227],[-80,51],[-16,-20],[26,41],[134,-30],[212,26],[172,80],[4,36],[22,-9],[-24,12],[94,-14],[74,64],[61,-34],[121,55],[57,-5],[63,49],[416,84],[294,-68],[130,71],[94,-12],[-44,5],[41,-16],[-3,-25],[14,25],[-16,-54],[-26,-16],[-9,-91],[21,-23],[102,-77],[21,-69],[-20,69],[-122,98],[2,25],[22,10],[-22,-9],[7,39],[160,-151]],[[31050,83960],[26,-41],[-23,-24],[-25,48],[24,44],[-2,-27]],[[31558,85252],[-20,-30],[-61,-2],[-61,154],[-84,53],[-6,155],[69,14],[37,-26],[129,-250],[-3,-68]],[[34242,87002],[-2,0]],[[34240,87002],[2,0]],[[34240,87002],[5,0]],[[34245,87002],[4,-4]],[[34249,86998],[-3,3]],[[34246,87001],[-1,1]],[[34245,87002],[-3,0]],[[33463,87265],[31,-64],[-50,46],[19,18]],[[29795,88374],[522,-279],[95,-127],[267,-232],[20,-112],[67,-94],[-20,-63],[-22,15],[152,-269],[23,-256],[71,-263],[-41,-116],[-100,-78],[-20,-59],[-80,-36],[17,3],[-7,-139],[-2,42],[-11,-23],[-40,11],[61,-41],[-2,-39],[11,26],[24,-35],[189,-23],[171,-68],[95,-161],[132,-127],[4,-41],[-86,-6],[-85,-87],[-139,-44],[-96,-140],[-6,-52],[37,-61],[292,-191],[111,-24],[-30,-86],[-90,-84],[-17,-104],[13,-142],[48,-39],[39,-171],[38,-47],[-36,-46],[-3,-117],[-114,-80],[-59,-96],[-80,-44],[-225,60],[-71,-30],[-113,6],[-123,-108],[-209,-20],[-353,65],[1,27],[-13,-24],[-117,16],[-96,109],[-215,91],[-41,62],[-191,125],[-116,276],[15,175],[-21,47],[-50,62],[-199,69],[47,106],[-2,108],[-36,88],[14,98],[89,157],[-7,89],[51,0],[-54,15],[-47,308],[-94,136],[-104,84],[-132,291],[-76,98],[3,240],[78,123],[42,295],[144,354],[142,98],[193,63],[-16,15],[33,136],[77,104],[127,33],[58,-47],[54,6],[-36,-12],[60,-34],[16,59],[-69,54],[-21,57],[101,92],[189,23]],[[32639,88582],[3,-81],[-47,-56],[-19,-166],[-76,-71],[-117,119],[-5,50],[86,100],[175,105]],[[32771,88855],[-125,-51],[-34,-98],[-53,-2],[-27,159],[62,179],[51,44],[57,134],[13,109],[113,106],[77,-12],[17,31],[38,0],[31,-27],[-12,-127],[21,-16],[-34,-142],[66,-95],[-7,-32],[-65,-163],[-99,-119],[-25,36],[17,100],[-82,-14]],[[34286,90315],[-98,-61],[-183,-27],[-7,-63],[40,-5],[301,-229],[199,-53],[-71,-148],[87,-89],[306,-21],[114,-237],[-42,-134],[55,-8],[58,-115],[-9,-39],[78,-54],[-8,-59],[-30,-18],[93,18],[104,210],[44,18],[17,-32],[-24,-84],[32,-59],[110,6],[16,-50],[147,168],[26,-13],[66,68],[80,2],[13,83],[37,24],[21,-1],[-2,-67],[66,-15],[23,-98],[43,-24],[-7,-50],[64,-3]],[[35682,86513],[-121,-71],[-368,-449],[-38,-5],[-23,113],[-30,-9]],[[35102,86092],[-119,290],[-132,171],[-79,55],[36,47],[108,45],[-51,129],[33,57],[57,-18],[-31,24],[-55,-6],[-19,-56],[43,-119],[-16,-20],[-1,44],[-29,-51],[0,92],[-111,65],[-122,235],[29,47],[75,17],[45,31],[55,-22],[13,3],[26,31],[-35,-31],[-48,22],[-41,-7],[-18,-26],[-55,2],[-32,-16],[-25,-55],[66,-200],[141,-187],[-60,-53],[-292,228],[-135,61],[-30,-26],[7,66],[-33,34],[-28,10],[13,49],[-13,-22],[-2,-28],[4,-3],[5,0]],[[34246,87001],[-36,0],[-73,30],[-95,16],[-92,-58],[20,22],[-19,17],[-59,-23],[7,56],[-32,69],[-89,17],[-72,-57],[-47,22],[-35,53],[23,-16],[6,27],[9,-21],[14,15],[17,-29],[17,33],[-49,9],[33,-1],[-18,31],[41,62],[-311,384],[-46,-5],[-35,41],[19,33],[-39,86],[-199,159],[-99,30],[-33,-21],[-47,60],[22,347],[80,85],[49,-5],[31,27],[-14,65],[-72,21],[-8,29],[61,38],[56,-32],[-13,-125],[72,7],[31,36],[-30,23],[58,148],[-64,86],[47,-32],[64,39],[54,-37],[-17,68],[30,140],[-40,36],[41,50],[-1,50],[-55,44],[47,-19],[13,44],[-42,15],[-10,-36],[10,54],[19,16],[2,22],[-116,175],[-16,68],[26,50],[-54,71],[29,15]],[[33217,89625],[-44,1],[-90,207],[-39,316],[36,155]],[[33080,90304],[-27,273],[23,113]],[[50400,133188],[-6,-36],[34,3],[-37,-38],[-122,30],[52,44],[79,-3]],[[49875,133778],[37,32],[-9,-35],[-28,3]],[[49245,134105],[-29,-181],[-94,-59],[-61,8],[-12,18],[70,32],[14,75],[70,46],[-12,43],[54,18]],[[48772,134771],[-49,-12],[10,39],[-42,8],[94,69],[78,20],[-91,-124]],[[49104,135509],[-141,-18],[-165,-127],[-65,51],[-49,-24],[24,-84],[79,-40],[195,61],[23,-17],[-63,-133],[52,-92],[-16,-39],[-83,15],[-14,36],[-86,43],[-54,-89],[-94,30],[-90,-49],[-96,55],[-78,190],[45,60],[114,41],[6,53],[68,50],[452,98],[36,-71]],[[49015,135617],[-43,2],[79,47],[53,-6],[-89,-43]],[[48278,135337],[-94,1],[-40,118],[-56,62],[23,75],[38,24],[-8,37],[55,36],[72,-30],[-36,-70],[128,-119],[-7,-84],[-75,-50]],[[48006,135708],[-86,20],[-9,135],[24,-72],[80,-42],[-9,-41]],[[48242,135939],[-46,-20],[-37,53],[-48,180],[39,-11],[9,-50],[140,-78],[7,-27],[-64,-47]],[[52304,136306],[-21,0],[9,31],[12,-31]],[[52636,136366],[-73,-88],[-103,-61],[28,96],[-23,20],[171,33]],[[52367,136386],[21,-25],[-44,-27],[-50,8],[8,42],[65,2]],[[48047,136484],[-50,-3],[10,52],[58,-34],[-18,-15]],[[46865,136760],[-9,18],[40,-29],[-31,11]],[[47876,135240],[2,-1]],[[47878,135239],[235,-15],[78,-83],[-131,-89],[-149,-55],[-18,-92],[-65,35],[-128,-71],[-162,-9],[-49,-42],[-41,-115],[21,-12],[-42,-3],[-24,-51],[204,-53],[33,27],[67,15],[106,193],[50,38],[93,-45],[134,58],[144,-19],[62,65],[80,15],[88,-65],[-13,-66],[-121,-166],[48,-10],[118,55],[43,-29],[-77,-57],[-166,-29]],[[48296,134564],[-74,-15]],[[48222,134549],[-118,-53],[-138,5]],[[47966,134501],[-59,-6],[19,18],[-114,25],[-59,58],[-105,15],[-31,-56],[129,-81],[-104,-65],[-87,46],[18,17],[-60,56],[1,0]],[[47514,134528],[-76,29],[-134,-19],[-34,-33],[-30,27],[-101,-60],[-38,8],[-41,48],[10,45],[-61,30],[-63,108]],[[46946,134711],[-96,69],[-3,134],[-50,38],[15,33],[-35,-3],[5,23],[-41,16],[53,76],[-115,65],[-5,40],[-245,194],[11,43],[-56,74],[14,74],[-47,98],[29,107],[-35,68],[-101,43],[-111,-24],[-120,42],[-151,-11],[-5,124],[60,66],[-38,52],[46,-9],[19,31],[18,186],[107,214]],[[46069,136574],[73,104],[30,-15],[23,44],[78,-35],[82,12],[16,43],[197,104],[65,-38],[179,-24],[2,-145],[47,-33],[79,0],[-55,-82],[17,-62],[271,-27],[200,-134],[69,-18],[133,-125],[69,7],[50,-68],[120,-72],[8,-55],[-87,-7],[-85,-56],[133,-23],[33,-70],[-77,-46],[36,17],[32,-65],[100,-26],[33,-49],[-24,-32],[19,-51],[-142,-102],[34,-57],[131,29],[46,-43],[4,-33],[-132,-101]],[[46970,136957],[141,-48],[86,-78],[42,19],[7,41],[38,-9],[62,-88],[-10,-92],[-137,-60],[-202,66],[-72,216],[45,33]],[[51048,137653],[26,-7],[-45,-11],[19,18]],[[48992,137901],[-41,-18],[-40,27],[47,31],[45,-15],[-11,-25]],[[49133,137935],[-44,6],[16,77],[51,-21],[-23,-62]],[[50575,138266],[14,-112],[-32,-24],[-57,106],[75,30]],[[53453,138397],[98,-33],[5,-50],[-117,-84],[-39,164],[24,39],[29,-36]],[[50186,138770],[-12,-24],[-4,42],[16,-18]],[[49701,138910],[10,-16],[-30,-2],[20,18]],[[51420,139171],[31,-68],[-24,-215],[-77,-46],[-39,-63],[-18,-122],[-64,-95],[127,-141],[36,-137],[-163,-104],[-9,-36],[-70,-20],[-25,113],[-58,14],[-33,-29],[-91,89],[-191,36],[-66,-34],[-46,19],[-10,-31],[-79,90],[-57,-32],[-24,-66],[-127,32],[-36,-29],[-43,15],[-6,51],[99,175],[-7,74],[84,50],[-20,128],[98,71],[29,159],[87,-219],[110,-56],[100,11],[-9,-26],[-42,9],[107,-93],[3,28],[-72,52],[84,-25],[117,32],[84,106],[-42,96],[22,77],[66,3],[44,46],[75,-16],[46,32],[14,73],[85,22]],[[50102,139235],[43,-15],[-23,-58],[-52,33],[32,40]],[[49985,139212],[53,-41],[9,-96],[105,-40],[-44,-67],[-88,99],[0,-83],[-108,-44],[-34,104],[-127,28],[-7,84],[40,38],[172,1],[37,40],[-8,-23]],[[37321,139153],[13,-30],[-36,-3]],[[37298,139120],[-1,-23],[-26,9],[12,52],[38,-5]],[[51190,139654],[-32,18],[24,9],[8,-27]],[[50006,139779],[75,-24],[29,-116],[-137,-115],[-119,46],[-156,0],[-66,-26],[-50,18],[62,3],[22,38],[58,6],[282,170]],[[51203,139858],[-3,-137],[-57,78],[13,41],[47,18]],[[52651,139894],[-23,-110],[-105,21],[-32,47],[8,47],[91,-31],[29,103],[32,-77]],[[46704,139879],[-7,53],[101,-14],[-94,-39]],[[48637,140065],[51,15],[29,-70],[-88,-56],[-78,43],[4,78],[21,18],[61,-28]],[[53358,140160],[32,-43],[-20,-48],[-99,21],[-23,55],[-50,-19],[6,-42],[-29,53],[92,17],[46,68],[51,-20],[-6,-42]],[[47981,140140],[135,-140],[155,-24],[108,-106],[140,-36],[164,-121],[165,-72],[63,30],[9,-35],[22,88],[96,-8],[33,-149],[82,-38],[83,3],[45,-95],[2,-45],[-140,-35],[-11,-44],[137,-21],[41,-86]],[[49310,139206],[127,-128],[137,-14],[73,-125],[-22,-41],[49,-68],[-54,-90],[40,-71],[-82,-40],[-30,-70],[31,-121],[-83,-12],[-154,154],[-153,7],[-51,-51],[20,38],[-48,27],[-12,-23],[35,-3],[-16,-30],[98,-149],[-91,-102],[-21,8],[42,-95],[-44,-17],[-69,31],[-59,-8],[-68,-88],[-85,-34],[-29,-91],[-83,0],[-47,42],[-63,-34]],[[48598,138008],[-3,1]],[[48595,138009],[-3,0]],[[48592,138009],[3,0]],[[48595,138009],[3,-1]],[[48598,138008],[55,-24],[34,30],[-12,-65],[28,-32],[17,17],[74,-53],[94,-2],[31,-54],[167,-36],[44,30],[72,-65],[30,15],[-30,26],[13,26],[109,105],[1,59],[303,18],[42,-13],[4,-59],[91,-70],[113,-10],[-6,-38],[80,-44],[-1,-120],[80,-28],[-13,53],[23,6],[-18,-18],[39,-25],[21,24],[-38,13],[98,32],[32,244],[106,123],[47,-20],[-44,-81],[36,-31],[131,74],[103,-19],[28,-27],[-16,-22],[-43,26],[-66,-32],[39,-108],[-70,-86],[58,-49],[65,-3],[61,17],[34,71],[23,-68],[-124,-92],[-121,-8],[-30,-25],[-10,-71],[57,-61],[-46,-67],[3,-67],[69,-51],[50,24],[110,-6],[29,-36],[74,18],[-20,101],[46,44],[68,-29],[26,56],[-86,-23],[98,32],[6,62],[87,127],[50,-9],[63,-73],[151,2],[132,61],[31,86],[69,22],[25,-151],[35,-35],[4,-216],[-83,55],[-164,-34],[-98,-83],[-39,14],[-66,-100],[2,67],[-48,-32],[41,-104],[49,0],[82,-62],[9,-66],[-33,-70],[56,-53],[-49,-141],[-25,22],[-73,-18],[40,6],[116,-75],[20,16],[-40,8],[-1,48],[67,45],[154,3],[-39,-89],[49,-16],[9,-59],[89,-30],[58,21],[28,161],[-114,-13],[52,203],[-145,85],[-32,-15],[10,41],[116,55],[124,-4],[26,63],[253,138],[147,13],[50,73],[73,42],[66,-2],[-29,-95],[37,-42],[30,12],[-12,-19]],[[52276,137299],[-52,-176],[38,-13],[-3,-41],[-78,-18],[-29,-145],[52,-65],[-18,-69],[35,-51],[-9,-67],[-91,-15],[-221,63],[-43,-22],[-38,-106],[-44,-33],[-145,47],[-65,-26],[-25,-65],[-86,-72],[-29,-144]],[[51425,136281],[-173,-135],[31,-83],[-47,-44],[21,-29],[-58,-32]],[[51199,135958],[-25,-18]],[[51174,135940],[-19,-16]],[[51155,135924],[-23,7],[-1,2]],[[51131,135933],[-26,36],[35,18],[16,68],[-60,9],[-56,54],[-6,55],[-168,65],[-164,108],[-113,-71],[14,-75],[100,1],[-33,-51]],[[50670,136150],[-105,-47],[-52,-62],[-86,-113],[21,-51],[39,-3],[40,54],[169,17],[-58,-195],[29,-90],[65,-37],[200,13],[-172,-124],[-209,-50],[-7,-68],[113,-51],[3,-162],[89,-19],[7,-41],[-61,-32],[-35,55],[-65,-23],[-127,-131],[13,-64],[-51,-75],[-73,-3],[-64,-100],[5,-34],[74,-23],[5,-113],[-25,-15],[14,-31],[-34,-10],[-6,-86],[-76,-39],[-37,-59],[119,-113],[89,-20],[29,-41]],[[50450,134164],[31,-28],[-52,-96],[-1,0]],[[50428,134040],[-16,-90],[-57,-32],[30,-10]],[[50385,133908],[34,6],[-3,-56],[-44,-6]],[[50372,133852],[-46,-29],[-120,18],[-106,-62],[-87,-1],[-27,170],[-36,11],[-20,-44],[-40,-4],[-21,42],[20,57],[-75,35],[-22,74]],[[49792,134119],[-43,20],[4,61],[65,44]],[[49818,134244],[36,-4],[10,28],[3,227],[-32,89],[32,42],[-132,12],[-93,156],[-68,-10],[-29,29],[-56,130],[70,86],[39,3],[98,-107],[-33,-79],[44,-4],[129,83],[74,181],[-61,-29],[-19,-62],[-3,29],[-48,2],[-68,66],[-8,81],[-54,46],[-247,-162],[-42,48],[10,31],[197,178],[195,-79],[34,64],[203,63],[29,-15],[-15,-127],[39,-13],[92,105],[349,88],[46,66],[-40,36],[-61,-37],[-169,-11],[-211,71],[-113,104],[-110,-80],[-60,74],[60,51],[201,52],[-90,-74],[59,-61],[216,139],[178,-92],[31,12],[14,209],[-22,48],[-66,25],[-5,49],[157,39],[52,84]],[[50560,136124],[39,74],[-13,74],[-114,15],[-3,-24],[-66,5],[-18,-30],[29,-50],[-73,35],[-54,-20],[-31,53],[19,127],[-53,34],[-301,531],[25,239],[-33,15],[34,-8],[12,47],[-65,42],[-98,-15],[-75,-134],[-72,-39],[-47,-73],[-194,-87],[-307,-48],[-113,93],[-59,-29],[-45,41],[103,-101],[6,-98],[-66,-26],[-105,64],[-143,-20],[-123,-69],[-1,-35],[74,-17],[2,-39],[-99,-51],[-57,-12],[-174,66],[-64,-62],[-83,21],[-15,-63],[-45,-24],[-9,66],[-47,32],[-37,-14],[-16,-49],[-84,-34],[-226,293],[-60,175],[26,156],[-16,111],[38,70],[-201,163],[49,-11],[-31,44],[34,16],[-11,35],[-34,8],[-18,-71],[-73,-45],[-41,-120],[28,-65],[-96,26],[-44,-51],[-107,12],[16,104],[-33,-8],[3,-58],[-18,-25],[-12,22],[-5,-32],[-4,19],[-30,-83],[19,-60],[46,-18],[-109,-41],[-215,76],[-27,84],[-105,61],[-74,-11],[20,131],[-83,107],[17,86]],[[46524,137627],[-21,120],[-56,83],[35,33],[2,66],[32,11],[-16,45],[39,9]],[[46539,137994],[-71,55],[-5,33],[68,24],[-38,33]],[[46493,138139],[-2,41],[46,3],[-22,77]],[[46515,138260],[5,33]],[[46520,138293],[17,32],[38,-26],[33,68]],[[46608,138367],[16,53],[-23,-21],[-63,117],[7,65],[65,42],[76,-27],[55,74],[-14,39],[-79,17],[-38,57],[29,204],[-61,127],[45,101],[-25,65],[35,56],[-65,25],[-31,55],[54,51],[20,72],[193,132],[-1,0]],[[46803,139671],[65,39],[-18,50],[38,36],[-15,68],[-59,27],[51,21],[77,-18],[-17,56],[51,3]],[[46976,139953],[111,-2],[18,22],[3,-31]],[[47108,139942],[33,14],[0,-2]],[[47141,139954],[65,19]],[[47206,139973],[160,90],[153,29],[69,63],[70,-3],[14,-26],[55,50],[106,-21],[104,26],[44,-41]],[[52440,140206],[-30,11],[8,39],[22,-50]],[[53637,139367],[136,-108],[53,15],[15,-20],[-71,-54],[-35,-65],[17,-23],[-48,-46],[28,-40],[27,11],[-6,-39],[-8,18]],[[53745,139016],[-39,-17],[-51,103],[-163,19],[-83,-125],[-115,23],[-93,-91],[-50,9],[-32,67],[50,53],[-11,69],[37,51],[-36,135],[-241,166],[-153,-47],[-72,-67],[119,-187],[-59,-96],[0,-83],[-166,19],[-87,-45],[-60,26],[-34,56],[15,108],[63,38],[14,93],[75,35],[10,165],[172,57],[184,-36],[80,121],[-20,104],[-182,119],[-111,179],[-49,22],[-27,52],[-69,2],[-25,51],[35,20],[67,-42],[93,3],[207,152],[26,-48],[72,-27],[21,-55],[-17,-41],[-55,13],[33,25],[-68,42],[-64,-4],[88,-88],[7,-99],[93,19],[117,-55],[31,10],[-13,30],[56,-51],[82,24],[-2,24],[95,-16],[-37,-61],[-234,-4],[-16,-27],[30,-44],[-38,-38],[-9,-72],[64,-118],[86,-59],[60,5],[19,43],[147,43],[25,-20],[80,14],[72,57],[63,-26],[-60,-52],[-9,-67],[-70,-42],[7,-77],[44,-42],[-27,-46]],[[52761,140308],[-50,30],[71,87],[-21,-117]],[[50124,140403],[26,-50],[-33,-47],[-44,71],[51,26]],[[50332,140419],[52,-54],[103,-38],[7,-39],[-49,-131],[-61,-418],[-138,224],[-22,-4],[13,75],[-14,-40],[-29,185],[-12,23],[-16,-15],[34,53],[-2,113],[60,60],[74,6]],[[52418,140514],[-22,-6],[17,26],[5,-20]],[[50423,140535],[-44,-55],[-7,34],[51,21]],[[49014,140867],[69,-69],[95,-9],[57,41],[31,-151],[-23,-55],[118,-77],[376,-9],[124,130],[98,14],[29,-17],[12,-84],[99,-14],[-12,-100],[-52,-18],[18,26],[-34,-15],[-36,38],[-114,-183],[136,-352],[-20,-72],[-293,-125],[-363,-5],[-169,116],[-153,56],[-53,77],[-90,39],[-4,47],[-42,24],[-14,106],[-135,77],[29,59],[-56,95],[117,95],[14,103],[241,212]],[[50986,140997],[-26,-48],[-8,66],[34,-18]],[[53305,141193],[-17,-22],[-25,21],[16,30],[26,-29]],[[51245,141196],[63,-119],[-52,-170],[-56,68],[-22,93],[12,205],[55,-77]],[[51163,141500],[50,-135],[-2,-45],[-32,-7],[-51,120],[35,67]],[[49864,141552],[14,-37],[-31,22],[17,15]],[[51973,141583],[21,9],[77,-91],[15,-74],[78,-50],[-25,-58],[-93,-17],[-133,77],[2,148],[58,56]],[[49896,141590],[-22,-16],[3,27],[19,-11]],[[51837,141623],[-12,-89],[-69,-113],[13,-71],[111,-21],[114,-80],[30,-30],[0,-77],[-92,-134],[-110,3],[71,-61],[-36,-132],[-19,-34],[-85,-9],[-14,-28],[60,-40],[-15,-37],[35,-68],[-5,-338],[35,-55],[39,-19],[6,25],[61,-42],[23,-93],[-33,-65],[-116,34],[-82,-27],[-61,12],[-141,-98],[-24,29],[12,95],[-62,97],[21,110],[-41,65],[-98,43],[-40,80],[-49,11],[-31,-27],[-35,249],[38,101],[37,-101],[97,-26],[47,-42],[92,24],[107,72],[36,201],[-18,77],[-113,86],[70,211],[-55,49],[-11,54],[57,83],[137,71],[80,83],[38,-8]],[[55183,142040],[-73,-15],[-49,33],[100,36],[22,-54]],[[50711,142235],[0,1]],[[50711,142236],[0,-1]],[[53048,142441],[-29,-25],[-25,25],[43,43],[11,-43]],[[53529,142514],[12,-18],[-28,-3],[16,21]],[[53071,142218],[-7,80],[65,-79],[136,70],[112,-12],[141,93],[52,95],[138,-52],[114,12],[2,-61],[-80,-90],[-107,-14],[-52,-72],[27,-172],[-52,-12],[35,31],[-40,38],[-90,-32],[-44,-39],[10,-113],[-85,-47],[85,-56],[142,-6],[29,43],[-34,21],[-2,34],[40,35],[56,-78],[-66,51],[-20,-41],[23,33],[10,-63],[57,-3],[18,-35],[46,56],[-51,21],[137,21],[55,80],[94,32],[287,239],[156,-32],[112,39],[32,47],[-4,158],[152,121],[63,11],[45,-29],[-48,-139],[47,-72],[7,-138],[109,-105],[119,-32],[-81,-41],[-71,53],[-133,-66],[-33,107],[-147,22],[-219,-43],[-104,-64],[-54,-131],[-284,-398],[-5,-98],[110,-86],[-4,-99],[-31,6],[-1,41],[-117,124],[118,287],[-107,72],[-80,-13],[-15,-65],[-41,-29],[102,-44],[-45,-140],[70,4],[-102,-31],[-10,-30],[-123,61],[-136,-37],[-29,-34],[-1,-199],[-104,73],[34,173],[32,18],[33,-46],[80,48],[-84,98],[-80,-41],[29,-28],[-105,18],[-98,-130],[21,-32],[-44,-24],[-36,20],[29,65],[-33,30],[-150,24],[-110,-35],[-57,-217],[-116,-121],[16,-54],[-62,16],[-71,-57],[-60,-189],[18,-58],[-24,3],[-42,182],[-60,11],[-21,-115],[42,-157],[-78,-22],[-35,108],[29,-4],[-51,58],[-7,135],[51,253],[42,15],[108,-31],[-21,92],[32,22],[24,-54],[53,17],[99,169],[11,81],[41,-1],[56,72],[38,-10],[64,96],[117,88],[76,-25],[88,52],[7,53],[-24,24],[-45,-14],[-6,59],[25,14],[48,-43],[74,46],[-42,107],[-149,105],[0,97]],[[50804,143205],[77,-62],[-36,-75],[6,34],[-68,88],[21,15]],[[50077,143280],[26,0],[-3,-80],[71,-57],[-2,-29],[-103,-24],[-51,-105],[2,45],[-63,-27],[74,-59],[77,4],[-41,-95],[11,-54],[-178,-79],[15,22],[-23,-15],[11,18],[-73,22],[-48,-139],[50,-24],[91,56],[93,-54],[1,-77],[52,-32],[130,50],[17,-118],[45,-18],[93,33],[77,-95],[99,88],[32,-100],[37,-13],[-9,-89],[63,3],[65,-71],[-14,-186],[29,-112],[37,-10],[55,77],[79,-33],[11,19],[64,-47],[138,-300],[-193,70],[-17,-28],[35,-9],[-61,-16],[-42,-115],[-43,-27],[0,-70],[-85,-87],[-34,30],[1,79],[93,99],[-21,58],[39,146],[-90,47],[-55,-58],[-16,117],[-95,93],[-74,130],[-104,57],[-38,71],[-126,-6],[-129,73],[-55,-14],[-31,-32],[54,-113],[89,-48],[23,-53],[-159,-21],[-32,-36],[-71,-15],[-35,-34],[13,-89],[-24,-9],[11,17],[-111,59],[-8,46],[-65,22],[-46,80],[-148,55],[63,124],[-20,106],[-31,18],[31,77],[-27,89],[-77,65],[11,44],[-77,16],[-29,-21],[-57,75],[-100,44],[-91,147],[9,52],[121,-81],[156,-23],[44,-45],[76,97],[146,-41],[50,13],[53,68],[111,18],[39,35],[-27,145],[58,128],[53,17],[14,-20],[81,88],[33,1]],[[50645,143617],[12,32],[86,30],[100,-151],[-35,-139],[-89,-35],[1,-77],[-59,-86],[101,-188],[-37,-50],[42,-56],[-70,-137],[-28,-9],[-47,83],[-31,6],[-75,-109],[-44,100],[20,95],[-27,202],[120,184],[60,305]],[[54762,143105],[-70,141],[-75,12],[-43,-49],[-53,43],[67,86],[9,110],[54,30],[46,85],[-42,95],[30,27],[103,-8],[74,58],[5,-58],[58,-21],[207,119],[83,-117],[-13,-38],[-109,36],[-176,-60],[-43,-67],[-21,-132],[43,-109],[81,-63],[-118,-28],[-59,-96],[-38,4]],[[57302,91250],[0,-1]],[[57302,91249],[35,-65],[-50,-73],[72,-84],[-65,-80],[69,-36],[8,-85],[104,-57],[36,6],[54,-70],[53,50],[17,-27],[40,12],[-15,-56],[27,-19],[16,21],[11,-26],[-20,-41],[22,29],[-48,-74],[49,74],[6,24],[-20,21],[52,11],[2,-33],[43,-12],[38,-71],[-27,-165],[40,-21],[11,-195],[116,-86],[75,-256],[121,-134]],[[57723,89000],[-127,9],[-68,-44],[-23,-51],[31,-124],[-73,-4],[-34,-79]],[[57429,88707],[-1,-10]],[[57436,88676],[5,-29],[-31,-20],[-134,37]],[[45221,83712],[-21,80],[-119,144],[-16,87],[-101,28],[-26,128],[37,131],[46,44],[-14,98],[60,27],[2,70],[54,92],[22,114],[-66,73],[12,62],[90,52],[3,135],[63,148],[157,69],[-21,72],[-51,35],[-76,350],[73,193],[58,38],[-102,98],[-30,86],[-41,15],[-42,195],[-122,124],[-44,125],[16,92],[45,35],[380,40],[-22,59],[56,187],[-81,0],[-18,35],[40,124],[-10,87],[109,162],[131,50],[25,116],[405,454],[33,29],[40,-8],[42,213],[-116,-92],[-84,6],[-20,66],[-159,138],[23,54],[-21,29],[30,33],[-92,96],[-18,50],[36,43],[-17,33],[-60,33],[-37,136],[10,89],[-97,53],[-39,58]],[[45536,89125],[13,49],[157,96],[33,-7],[29,57],[51,11],[14,66],[-60,68],[80,181],[59,29],[25,48],[90,-17],[45,70],[139,84]],[[46211,89860],[143,9],[84,58]],[[55253,91763],[44,-47],[72,-1],[1,-60],[141,-28],[-3,-54],[63,-44],[61,23],[25,-30],[170,27],[2,-33],[163,-27],[25,-38],[181,-20],[161,100],[150,39],[16,-32],[90,2],[22,-39],[47,10],[-17,-21],[52,-71],[89,-13],[128,-89],[197,-34],[30,12],[10,49],[27,-23],[13,27],[12,-24],[39,6],[38,-80]],[[61969,145924],[-23,33],[-93,-60],[72,-51],[-43,-9],[-12,-49],[40,-7],[6,-33],[-21,-8],[-32,47],[-31,-21],[-68,34],[-21,-75],[33,-27],[-59,-36],[37,-35],[-91,-56],[-49,53],[-46,-30]],[[61568,145594],[-13,-20],[-6,20],[0,-2]],[[61549,145592],[-38,9],[31,58],[-32,-6]],[[61510,145653],[-28,86],[21,12],[50,-37],[26,43],[-19,13],[48,12],[-55,89],[33,9],[-24,29],[52,-1],[-22,22],[30,-10],[-27,27],[30,-6],[-32,13],[30,25],[-47,34],[41,-19],[4,78],[45,-32],[-23,144],[175,-3],[16,-24],[99,43],[-11,-34],[45,-18],[-54,-35],[-33,-104],[69,1],[0,-48],[54,53],[-15,-129],[-19,38]],[[64495,150703],[13,-24],[-45,-19],[32,43]],[[64444,150992],[-31,-11],[6,21],[25,-10]],[[64373,151010],[-5,-59],[-37,-2],[15,61],[27,0]],[[64125,152262],[47,-36],[-11,-54],[-76,31],[41,17],[-25,26],[24,16]],[[64139,152457],[-40,-14],[2,24],[38,-10]],[[64078,152523],[-22,20],[29,0],[-7,-20]],[[65873,152910],[14,-17],[-36,6],[22,11]],[[65612,153068],[99,-59],[-34,-26],[80,11],[86,-98],[-37,-14],[64,0],[-3,-40],[-26,-9],[12,16],[-62,33],[-22,-25],[53,-30],[-68,-38],[-80,39],[3,68],[-40,38],[22,37],[-87,14],[7,75],[33,8]],[[64047,153263],[-11,-40],[-25,17],[2,72],[34,-49]],[[64072,153401],[50,-49],[59,36],[4,-27],[27,19],[26,-24],[-43,-57],[-14,15],[0,-80],[-9,59],[-35,-35],[17,44],[-50,-27],[-63,113],[31,13]],[[64348,153967],[-23,0],[12,20],[11,-20]],[[64635,154406],[30,-67],[-17,-92],[-140,-290],[-35,-44],[-3,48],[-42,-28],[-13,-65],[51,-15],[-10,-49],[-42,-96],[-69,-64],[14,-60],[-52,-33],[12,29],[-51,6],[15,81],[58,92],[7,-41],[29,118],[42,21],[-59,58],[40,34],[-26,9],[21,107],[-51,31],[22,80],[62,27],[96,178],[12,-30],[30,43],[69,12]],[[64497,154711],[51,-31],[-32,-44],[27,-106],[-38,-21],[-16,-118],[-96,-172],[-63,-58],[11,-106],[-45,-62],[31,-54],[-44,-24],[-11,-96],[-78,-24],[-8,-119],[-47,-13],[-77,-96],[-49,-3],[-50,32],[-12,97],[33,-30],[76,21],[98,167],[33,-4],[9,-37],[53,31],[-36,45],[-55,-3],[-35,107],[72,91],[-36,-11],[-25,69],[64,40],[58,-18],[7,40],[-47,3],[37,73],[108,30],[38,68],[-15,89],[-64,16],[-53,-52],[-68,126],[48,-51],[53,8],[-47,49],[2,32],[33,8],[77,-67],[77,-3],[9,178],[38,21],[4,-18]],[[64041,154802],[20,-48],[54,-22],[-47,-9],[-33,-68],[-54,-21],[-38,103],[98,65]],[[64207,154815],[78,-27],[42,30],[-13,-78],[-49,26],[-26,-29],[-66,12],[22,38],[-52,-18],[48,59],[16,-13]],[[64507,154803],[-24,2],[28,32],[-4,-34]],[[64146,154808],[-12,-23],[-28,68],[40,-45]],[[63977,154846],[-30,-8],[-2,35],[42,-8],[-10,-19]],[[64003,154917],[-14,-41],[-60,15],[74,26]],[[64866,154915],[-14,-53],[-68,-24],[-13,-32],[-18,-253],[-100,-97],[-113,-16],[45,37],[2,61],[-27,-3],[91,47],[-15,265],[25,23],[30,-21],[152,81],[23,-15]],[[64012,154921],[-28,0],[14,29],[14,-29]],[[64174,155060],[38,3],[3,-30],[-55,-3],[-15,21],[29,9]],[[64388,155052],[11,-60],[-40,-30],[21,118],[8,-28]],[[64089,155243],[84,-37],[15,-40],[-44,-99],[-44,-25],[-23,4],[28,55],[-52,-47],[20,36],[-45,-13],[-8,30],[69,136]],[[58116,155043],[-6,-42],[-87,-36],[47,-17],[-25,-41],[38,-16],[-46,-48],[-7,-127],[-34,-64],[-46,2],[1,-35],[-19,18],[-19,-39],[-34,23],[31,31],[-35,49],[-161,45],[-56,145],[-208,74],[45,50],[-41,45],[40,89],[186,106],[5,31],[134,40],[122,-70],[74,50],[-19,-54],[48,-34],[-11,-42],[83,-133]],[[66956,155274],[2,-39],[31,-9],[187,15],[8,-29],[35,9],[23,-176],[-62,-15],[19,-58],[-36,-24],[13,-18],[-109,35],[-83,119],[-19,94],[-79,-49],[17,67],[-30,7],[-15,-27],[4,36],[94,62]],[[63961,155329],[-29,-44],[-4,39],[33,5]],[[62800,155377],[-35,0],[33,24],[2,-24]],[[64334,155460],[15,-35],[-33,-35],[-41,26],[-6,48],[65,-4]],[[64049,155756],[-14,-17],[12,41],[2,-24]],[[64414,155789],[-44,-83],[-7,59],[51,24]],[[66677,154935],[-13,-284],[-53,-75],[18,-83],[-39,15],[-47,84],[-54,-23],[-40,41],[-40,-9],[-209,150]],[[66200,154751],[-42,274],[24,35],[62,10],[34,120],[-35,51],[15,83],[-37,-27],[-9,-64],[-20,112],[-139,65],[-36,130],[-49,12],[11,110],[40,23],[62,-29],[27,63],[37,-1],[79,-76],[43,47],[79,-63],[61,19],[74,-111],[95,-12],[24,49],[-115,68],[38,111],[-46,-5],[88,57],[0,-25],[66,-44],[-2,-109],[-32,-31],[62,-29],[-16,-103],[-56,-40],[53,-94],[57,23],[22,46],[52,-13],[47,124],[33,-12],[19,-41],[-44,-86],[15,-129],[-30,-158],[-102,-57],[-32,-89]],[[66620,155820],[-48,-25],[12,32],[36,-7]],[[66676,155831],[-54,-9],[36,38],[18,-29]],[[63820,155914],[-4,-18],[-7,39],[11,-21]],[[64431,155976],[48,-29],[-14,-44],[-29,49],[-41,-47],[-36,3],[72,68]],[[62107,156113],[95,-25],[-6,-37],[79,-39],[43,-133],[-48,24],[-2,-57],[-59,44],[-86,-2],[-23,-66],[-18,59],[-23,-14],[-69,33],[-23,41],[20,15],[-40,-3],[-4,29],[57,45],[-49,-4],[42,45],[44,-8],[70,53]],[[61727,156151],[19,-24],[-58,16],[39,8]],[[62289,156166],[-44,-12],[-52,38],[46,46],[35,-6],[15,-66]],[[65945,156566],[60,-20],[-119,-66],[59,86]],[[66049,156599],[-32,3],[49,21],[-17,-24]],[[66585,157548],[-1,-28],[-28,3],[29,25]],[[62424,157582],[-28,19],[35,5],[-7,-24]],[[61525,157649],[1,-49],[-29,46],[28,3]],[[62467,157695],[19,-35],[-33,-47],[-42,17],[56,65]],[[62968,157708],[33,-33],[-68,33],[35,0]],[[62970,157812],[25,-7],[-59,-3],[34,10]],[[68105,157868],[-37,-12],[26,29],[11,-17]],[[60726,158018],[39,-8],[-17,-15],[-22,23]],[[60674,158025],[44,-42],[-57,0],[13,42]],[[63114,158093],[25,-44],[-78,-33],[34,-18],[-1,-57],[37,-14],[0,65],[82,12],[49,-80],[19,18],[47,-42],[9,60],[5,-50],[34,38],[41,-68],[-67,3],[-22,-37],[-46,-3],[37,-17],[-87,-78],[-36,25],[-50,-10],[11,-92],[-46,-35],[-32,10],[21,23],[-45,9],[36,57],[-62,53],[61,65],[14,-45],[32,-6],[34,80],[-53,-12],[-15,31],[-65,-37],[-84,15],[48,62],[-20,46],[43,22],[-27,7],[39,6],[-16,30],[94,41]],[[63881,158111],[48,-27],[51,-101],[-48,-3],[-36,-48],[9,-58],[-67,-75],[-47,-5],[-55,74],[-37,2],[35,22],[-16,80],[38,-21],[70,24],[-23,89],[-55,5],[29,30],[104,12]],[[61294,158099],[3,-24],[27,45],[13,-31],[38,1],[8,27],[14,-39],[30,6],[-18,-17],[32,-28],[-30,-53]],[[61411,157986],[-88,-82],[51,-42],[67,30],[13,-61],[-42,-38],[-125,19],[-56,-93],[-38,-24],[-22,15]],[[61171,157710],[-95,-9],[36,18],[-85,30],[32,56],[74,1],[-35,92],[-37,12],[17,-48],[-97,-56],[-19,-45],[0,30],[-42,15],[10,31],[-42,12],[48,21],[-51,1],[3,44],[-46,2],[-18,52],[-36,-9],[33,20],[-47,47],[41,13],[-9,40],[60,-5],[-41,35],[8,49],[80,-30],[41,5],[-20,30],[33,3],[65,-53],[-4,-34],[55,15],[33,49],[15,-30],[-24,-9],[34,-22],[-26,-40],[50,-18],[-19,21],[47,67],[12,-157],[42,-11],[26,50],[51,15],[-12,45],[-8,-27],[-49,0],[17,86],[22,-15]],[[68539,158108],[-58,-60],[-4,32],[62,28]],[[68297,158113],[-36,-73],[-50,15],[53,65],[33,-7]],[[66659,158239],[-25,10],[24,52],[1,-62]],[[66767,158316],[-36,3],[35,20],[1,-23]],[[64146,158393],[5,-95],[-42,-31],[-58,10],[-2,110],[97,6]],[[68112,158360],[-62,-44],[22,47],[40,-3]],[[68169,158460],[-8,-33],[-42,-3],[50,36]],[[67046,158519],[-81,-159],[21,-74],[-82,-50],[-33,188],[55,19],[43,83],[77,-7]],[[68201,158499],[-42,-23],[31,41],[11,-18]],[[67061,158576],[18,-15],[-31,-12],[13,27]],[[60091,158627],[26,-22],[-39,-2],[13,24]],[[67905,158564],[0,-2]],[[67905,158562],[-18,-57],[-97,-86],[8,-54],[-93,-82],[3,-45],[-68,-24],[-63,-104],[-98,-41],[18,-54],[-31,-41]],[[67466,157974],[-10,-30],[-115,-52],[-71,17],[-44,-41],[-106,74],[-43,-13],[-12,58],[-127,6],[-8,88],[88,51],[-17,-16],[37,-27],[15,80],[81,3],[-53,40],[-5,67],[60,113],[129,98],[-19,24],[51,-20],[10,20],[-29,3],[37,29],[5,-45],[97,3],[109,69]],[[67526,158573],[5,90],[68,55],[44,-8],[7,-48],[41,5]],[[67691,158667],[112,-11],[28,-29],[62,65],[92,5],[45,53],[117,-47],[-242,-139]],[[63208,158402],[-24,73],[-66,51],[27,6],[-46,20],[37,15],[-49,24],[30,24],[38,-28],[5,64],[14,-81],[66,14],[-42,33],[23,16],[50,-16],[1,0]],[[63272,158617],[0,46],[14,-15],[29,28],[-56,16],[4,29],[35,-14],[-5,43],[45,12],[-17,16],[31,-10],[31,52],[37,-6],[-21,20],[57,8],[35,-38],[4,45],[27,-65],[59,-16],[46,-68],[29,-2],[10,39],[160,-116],[81,-1],[33,-127],[-21,-142],[-96,-104],[-74,2],[-72,-77],[-152,27],[-20,-47],[-31,-2],[-21,41],[-59,8],[-21,-33],[-54,48],[-21,-11],[-25,62],[-78,51],[15,40],[-40,48],[38,-2]],[[69006,158906],[-26,8],[25,29],[1,-37]],[[69084,159035],[16,-14],[-29,-6],[13,20]],[[69062,159071],[40,-18],[-38,-12],[-2,30]],[[63508,159128],[27,-40],[-22,-13],[-50,61],[45,-8]],[[63568,159142],[-46,-20],[-24,23],[58,20],[12,-23]],[[69595,159361],[16,-12],[-39,-23],[26,-36],[-125,-27],[2,33],[37,-12],[83,77]],[[69675,159340],[-26,0],[37,24],[-11,-24]],[[65944,159403],[-40,27],[26,6],[14,-33]],[[69482,159439],[50,-19],[22,-49],[-35,6],[-5,-37],[-50,-29],[-22,42],[-37,-26],[-13,37],[90,75]],[[69223,159258],[-100,-38],[8,-27],[-69,-69],[-25,6],[63,105],[70,43],[-12,30],[84,0],[93,74],[-121,-26],[57,77],[107,30],[2,-102],[-32,-27],[43,4],[38,-68],[-84,-13],[-54,28],[-47,-30],[-6,33],[-15,-30]],[[63285,159616],[-5,-70],[-39,18],[-27,-28],[19,68],[52,12]],[[63291,159687],[-5,-28],[-31,5],[36,23]],[[65964,159567],[-99,-3],[65,126],[34,-123]],[[66123,159768],[-26,-77],[-40,-21],[4,45],[62,53]],[[66897,159765],[-30,11],[34,55],[21,-45],[-25,-21]],[[61750,160050],[-37,-7],[-15,24],[20,36],[32,-53]],[[61772,160123],[32,-14],[-9,-56],[-48,24],[-1,46],[26,0]],[[65981,160001],[65,-59],[-22,-28],[-80,10],[-105,55],[-2,25],[42,6],[22,104],[80,-113]],[[66375,160151],[-53,-4],[34,65],[19,-61]],[[64873,160511],[69,-29],[5,-67],[-95,65],[21,31]],[[65569,160461],[35,-12],[64,-123],[-25,-49],[-73,51],[-37,124],[-41,24],[39,47],[38,-62]],[[65512,160710],[69,-85],[-21,-47],[-48,55],[0,77]],[[65290,160767],[48,-119],[-55,3],[-83,63],[1,35],[35,-12],[54,30]],[[64745,160791],[33,-4],[3,-40],[-113,-98],[-23,70],[100,72]],[[64939,161733],[-9,-68],[4,88],[5,-20]],[[66948,162036],[-12,-18],[-8,27],[20,-9]],[[63503,162312],[66,-15],[37,-45],[-44,-12],[12,23],[-35,1],[-76,-36],[11,29],[-53,-13],[34,73],[48,-5]],[[67373,162284],[42,-49],[66,29],[36,-20],[30,-60],[-21,-47],[-69,-4],[-12,-91],[-79,-3],[-52,62],[-61,-9],[-18,-41],[33,-92],[-98,18],[-28,61],[130,129],[1,115],[100,2]],[[68751,162412],[72,-97],[17,-143],[-32,-71],[60,-77],[81,67],[-34,-85],[25,-18],[101,24],[62,180],[10,-25],[67,10],[44,61],[33,-18],[-38,-18],[19,-9]],[[69238,162193],[15,-118],[34,19],[47,-40],[-58,-108],[8,-65],[-80,-80],[-46,4],[36,-60],[-61,24],[-36,-38],[34,-80],[-40,5],[-16,-29],[13,-62],[-32,9],[-51,-51],[-40,124],[-31,16],[-34,-48],[-126,134]],[[68774,161749],[-25,73],[-61,-32],[-32,20],[-3,-42],[-48,-22],[-102,154],[-46,-28],[-39,22],[-15,-45],[-105,-1],[-69,42],[-30,-15],[-26,-47],[19,-45],[170,-68],[25,-73],[65,-34],[-1,-53],[50,-29],[-57,-42],[-11,39],[-58,-19],[-1,-44],[-83,15],[-31,-51],[-58,12],[-36,99],[-93,33],[-48,186],[-125,219],[-88,57],[-8,110],[-77,9],[-9,34],[34,39],[-17,87],[82,61],[13,92],[150,-62],[85,47],[-29,-34],[13,-46],[121,-62],[103,33],[54,89],[93,65],[67,0],[88,-65],[125,-17],[3,32],[48,-30]],[[65720,159409],[64,-54],[13,-73],[-190,41],[-43,62],[29,44],[-41,25],[-286,-214],[-11,-44],[-188,-107],[-75,-74],[15,-45],[-21,30],[-15,-33],[26,-23],[103,104],[465,233],[27,-97],[-305,-178],[75,-14],[416,204],[15,-96],[-26,-65],[40,-41],[-38,-30],[41,-24],[-13,-242],[32,-57],[0,-2]],[[65829,158639],[16,97],[-25,-2],[37,85],[98,75],[-38,9],[-20,-40],[41,169],[68,7],[32,-59],[161,65],[-41,65],[-42,-50],[-50,98],[136,120],[24,145],[87,-76],[-42,-35],[-4,-93],[35,-9],[21,41],[87,-5],[-11,83],[-50,-9],[47,12],[-5,48],[84,68],[8,83],[27,27],[62,-7],[72,118],[13,-49],[48,77],[63,-10],[47,43],[22,-18],[-43,-102],[30,-5],[-7,-32],[32,11],[-67,-124],[-113,-81],[-21,-70],[-128,-99],[-39,-88],[-75,-28],[4,-26],[-67,-5],[-64,-63],[-79,2],[-174,-280],[16,-42],[26,42],[15,-21],[31,23],[36,-17],[-43,-78],[26,-59],[-38,-36],[19,15],[-9,-24],[29,-8],[187,370],[22,-32],[63,14],[108,-98],[94,33],[18,-50],[-58,-69],[-18,-82],[57,-7],[-1,-271],[-29,17],[-69,-56],[-20,21],[-7,-19],[-7,21],[-78,-9],[-87,-119],[-79,-28],[-103,76],[-99,-20],[-106,11],[-112,51],[-188,-30],[7,20],[-61,9],[161,-94],[26,-121],[-36,-125],[79,-84],[-11,-43],[28,11],[21,178],[62,50],[63,-147],[20,70],[52,-38],[35,-68],[-11,-44],[34,-48],[15,30],[-38,24],[29,64],[86,-59],[42,59],[64,4],[4,-68],[33,-22],[90,-5],[104,65],[18,-42],[29,1],[-51,-69],[-40,6],[12,-48],[-27,-21],[29,-132],[59,9],[-37,-99],[-114,62],[-63,-40],[-31,40],[-58,-12],[-382,-335],[22,-41],[73,-8],[50,43],[-90,-105],[34,-24],[-40,15],[68,-58],[-19,-59],[26,18],[-2,107],[31,-20],[74,24],[14,-31],[65,24],[-15,-30],[29,-5],[65,30],[-36,5],[12,42],[95,2],[-80,-71],[20,-64],[54,-18],[98,71],[-13,-44],[27,-18],[-25,-31],[22,-12],[-28,-47],[-50,-33],[-80,37],[-15,-16],[-59,59],[-75,-62],[-113,0],[-9,-110],[-82,-82],[24,-14],[96,71],[12,-15],[-71,-36],[-28,-56],[-147,-13],[-27,-65],[-74,36],[7,178],[80,45],[36,70],[-36,10],[-29,-39],[-137,14],[-101,167],[-97,-62],[61,-42],[-19,-145],[89,-10],[15,-118],[-120,-106],[-138,-25],[-12,-59],[-41,9],[-18,-44],[52,-27],[134,-3],[130,104],[89,-45],[-107,-73],[29,-92],[-108,-193],[-74,-45],[-65,-101],[142,68],[23,28],[-29,-4],[7,19],[31,-10],[41,38],[19,61],[162,159],[32,22],[54,-19],[-44,-60],[17,-29],[-54,-11],[-40,-63],[17,-35],[74,17],[4,-33],[-151,-67],[2,-122],[-284,-361],[31,-19],[38,40],[-26,-3],[161,121],[-22,26],[42,-2],[354,317],[17,-35],[-63,-52],[1,-139],[79,36],[42,-38],[-63,-33],[-14,-201],[-95,-57],[41,3],[-28,-60],[51,-6],[0,30],[5,-36],[-21,-8],[36,-18],[-26,-12]],[[65880,155395],[37,-27],[-21,3],[16,-36],[10,19],[21,-28],[51,21],[25,-88],[63,-24],[23,-60],[-44,-56],[-102,101],[-95,-36],[-2,-112],[31,-2],[39,-110],[-25,-75],[-44,12],[-39,167],[-71,9],[-32,-173],[41,-104],[-31,-54],[-117,129],[-138,43],[-23,-102],[96,-72]],[[65549,154740],[-33,-193],[-49,19],[11,-31],[-62,-52],[-135,-27],[169,-158],[-13,-82],[-47,-25],[29,-33],[-11,-59],[-47,-50],[22,-20],[62,17],[-47,-124],[40,-10],[5,-61],[63,-10],[-1,-58],[30,-13],[-59,-65],[4,-44],[66,-54],[61,1],[35,-50],[84,20],[35,-21],[-39,-38],[13,-47],[-35,38],[-193,12],[-64,-47],[-45,79],[47,23],[-13,69],[-67,-103],[33,-75],[-57,-36],[-23,24],[-88,-5],[-18,-96]],[[65212,153355],[52,-145],[49,-47],[-10,-47]],[[65303,153116],[2,-59],[64,-16],[29,-106],[56,-68]],[[65454,152867],[47,-51]],[[65501,152816],[28,-11],[-13,-21],[-16,23],[-66,-27],[22,-14],[-31,-51],[59,-98],[-30,-24],[40,-35],[-44,-36],[-23,21]],[[65427,152543],[-45,54],[23,104],[-49,29],[12,47],[-39,90],[-36,11],[-33,-14],[-50,-206],[-72,34],[24,41],[-37,50],[13,41],[-80,15],[-12,52],[-40,-16],[-22,-101],[-142,40],[-11,-36],[80,-96],[-14,-68],[47,-46],[75,16]],[[65019,152584],[7,-55],[-53,-24],[27,-56],[-46,-34],[76,-59],[-32,0],[34,-91],[-81,-44],[9,-22],[-22,7],[15,-86],[40,-27],[-25,-57],[36,-15],[-30,-15],[27,-29],[-12,-20],[-35,15],[-5,-25]],[[64949,151947],[-57,-17],[24,-71],[-35,-117],[-42,-16],[-124,65],[-13,-24],[68,-118],[59,-34]],[[64829,151615],[73,-58],[-33,-69]],[[64869,151488],[-7,-81],[27,9],[-60,-70],[69,-80],[-20,-48],[-34,-20],[-42,18],[-38,-28],[-6,27],[-72,19],[-58,-43],[23,-24],[156,6],[-35,-34],[37,-39],[-58,-41],[25,-39],[89,58],[42,-13],[-51,-31],[36,-71],[-31,-39],[37,-101],[-38,-105],[-33,-1],[20,45],[-25,51],[-125,156],[27,51],[-66,47],[-38,-8],[-2,-83],[-45,-24],[9,-89],[-30,2],[9,-58],[-19,8],[-29,-57],[34,123],[-61,92],[90,185],[-53,39],[-3,89],[-42,3],[-12,57]],[[64466,151346],[-1,50],[-188,17],[-57,-59],[19,-70],[-31,-60]],[[64208,151224],[-6,-12],[0,-2]],[[64202,151210],[-12,-27],[-18,47],[-19,-17],[-38,112],[-70,-35],[-48,18],[-49,-57],[-34,12],[-29,54],[44,5],[7,27],[-42,30],[-74,252],[7,43],[77,-37],[19,55],[19,-23],[88,21],[43,56],[-77,71],[83,89],[-48,26],[-31,-14],[-6,23],[92,24],[-32,29],[9,49],[23,-3],[-18,85],[168,-53],[0,2]],[[64236,152074],[-19,37],[40,9],[0,55],[22,-52],[89,12],[1,100],[-74,14],[75,172]],[[64370,152421],[-26,61],[-74,2],[-18,-42],[-160,39],[35,3],[-14,54],[42,-24],[27,38],[-34,13],[23,29],[-28,11],[8,45],[132,-100],[1,-52],[51,-3],[31,28],[12,80],[-77,58],[23,22],[-41,106],[-37,9],[-27,128],[44,60],[13,-18],[37,20],[37,98],[34,-65],[64,47],[29,68],[-40,18],[6,77],[132,278],[-17,68],[36,249],[86,164],[48,222],[72,136],[-8,54],[87,21],[-53,48],[96,619],[-48,-93],[13,-32],[-49,-8],[11,46],[-31,15],[-49,-20],[-27,-62],[-85,-7],[-44,45],[-31,-29],[23,88],[110,133],[-2,34],[-102,-10],[58,311],[86,214],[-3,36],[-36,9],[62,128],[-43,22],[-37,-37],[9,62],[-18,-90],[-31,16],[11,-134],[-56,-35],[-128,-351],[-11,203],[48,83],[86,343],[57,77],[41,-33],[181,285],[51,258],[-50,-57],[-92,-295],[-54,21],[-14,-108],[-50,-62],[-31,72],[-198,-554],[13,-58],[-80,-95],[39,218],[73,180],[-9,89],[43,42],[47,258],[50,23],[-15,139],[-33,1],[-4,35],[37,71],[11,-74],[38,3],[2,50],[26,-8],[17,35],[-88,-3],[69,89],[35,216],[-42,-29],[-6,-93],[-83,-165],[-77,-60],[-28,-130],[-270,-337],[-4,233],[-124,22],[-15,86],[30,85],[-75,87],[13,79],[106,-56],[28,23],[-43,120],[-94,-3],[-165,88],[27,-54],[-35,-44],[-122,13],[-20,83],[-128,83],[1,35],[-27,-53],[-124,-9],[25,-25]],[[63468,156764],[154,-20],[47,-42],[24,-98],[66,-15],[94,-100],[107,23],[24,-228],[114,-116],[-26,-236],[26,-68],[-63,-54],[-15,21],[-33,-21],[54,134],[-13,165],[-66,-12],[-26,-88],[-135,-50],[1,251],[-2,10],[-16,11],[3,10],[-3,-7],[-7,14],[4,-17],[18,-12],[-33,4],[-37,-92],[12,-164],[-49,-92],[23,-26],[-31,-93],[23,-35],[33,12],[0,-88],[-83,-54],[-65,-149],[-34,-14],[-6,59],[-45,-26],[-58,35],[6,54],[-44,-9],[27,89],[-24,18],[67,73],[-67,71],[-7,-125],[-67,-80],[-27,31],[-31,-13],[39,-221],[-30,-22],[11,-112],[-50,-83],[-63,-4],[25,69],[-56,78],[-28,-9],[14,55],[-48,-2],[-9,36]],[[63087,155390],[-13,-25],[-89,22],[10,-45],[-26,0],[-17,41],[31,45],[-44,38],[-34,-65],[-62,-6],[-2,35],[-37,-31],[-41,59],[34,47],[-8,69],[-15,-18],[-22,26],[-2,42],[34,6],[-16,76],[-59,-50],[-50,29],[-24,-32],[-20,45],[-34,-44]],[[62581,155654],[8,-16],[-21,19]],[[62568,155657],[-51,16],[-56,86],[14,54],[-25,9],[39,39],[-34,56],[73,45],[-32,65],[72,-6],[38,54],[134,19],[156,-62],[114,-9],[10,66],[-139,-32],[-45,34],[46,63],[209,57],[44,61],[-3,24],[-63,-50],[-255,-56],[11,199],[124,37],[-214,25],[-55,80],[94,64],[-123,13],[-45,62],[-35,-11],[51,-60],[-16,-128],[87,-67],[51,-3],[-66,-83],[3,-75],[-139,-47],[-26,-80],[-49,6],[-58,-116]],[[62409,156006],[27,-32],[-49,23],[-21,-51],[-58,71],[45,46],[6,124],[35,17],[-31,60],[63,12],[-11,26],[-47,-29],[-48,18],[-8,104],[-95,-144],[-166,64],[52,-33],[-2,-37],[-129,31],[-18,-36],[-67,24],[129,-90],[-3,-53],[-71,7],[-25,-27],[-43,8],[17,-24],[-44,1],[0,-23],[-59,-4],[-32,18],[33,21],[-28,51],[-99,5],[-105,57],[-19,50],[43,68],[57,8],[19,77],[-146,-55],[-135,103],[-61,1],[-15,38],[-48,8],[-15,-37],[-32,3],[-8,74]],[[61197,156549],[10,23],[-33,9],[25,36],[-28,21],[26,35],[-64,0],[96,50],[4,50],[-145,19],[118,104],[-61,19],[-3,28],[72,-6],[17,35],[-24,13],[46,28],[-49,46],[25,9],[-14,26],[73,30],[-43,61],[-75,-3],[18,34],[-77,-22],[14,56],[-28,3],[25,31],[-30,30],[41,22],[43,110],[77,45],[133,6],[26,60],[38,-30],[101,-4],[67,69],[84,-47],[108,30],[63,-25],[65,38],[43,-14],[-1,-35],[36,12],[-21,-42],[26,17],[31,-32],[5,-18],[-29,6],[10,-66],[41,-26],[37,26],[17,-46]],[[62133,157370],[53,-62],[71,-22],[9,80],[-72,27],[16,44],[-55,25],[48,44],[49,-41],[7,-74],[91,43],[84,-38],[37,30],[84,-72],[-5,102],[-107,3],[-15,101],[54,58],[73,-29],[11,38],[95,56]],[[62661,157683],[118,74],[124,-28],[39,-211],[71,-157],[-5,-102],[59,3],[12,-25],[-45,-15],[-3,-52],[28,-65],[-21,-21],[36,4],[15,42],[36,6],[-13,35],[-34,-9],[8,32],[-32,-24],[21,45],[47,32],[23,-20],[-6,62],[92,13],[-36,21],[12,35],[-98,-71],[-43,14],[2,33],[-31,-1],[24,36],[-25,148],[-64,22],[6,33],[67,-21],[51,31],[70,-127],[50,16],[82,-21],[-27,-56],[50,38],[39,-4],[5,49],[-40,-13],[-129,32],[11,34],[-37,23],[54,-11],[9,26],[63,-6],[120,44],[-50,-5],[-18,24],[-34,-33],[-59,39],[-57,-12],[-4,47],[73,68],[97,20],[-43,54],[57,-29],[-2,30],[75,-6],[-2,58],[38,-5],[-3,38],[34,10],[32,-54],[-25,-47],[33,-6],[27,-99],[68,78],[207,-99],[23,-100],[-42,-29],[92,-102],[-8,-168],[56,-4],[-24,-26],[20,-14],[43,20],[29,208],[165,62],[52,-22],[22,9],[-1,-25],[3,25],[-15,18],[-37,15],[-129,-29],[-44,24],[-43,98],[10,129],[-70,54],[51,-15],[34,83],[-33,136],[126,126],[65,-6],[27,-110],[58,-57],[29,53],[44,4],[-67,80],[1,103],[37,53],[-63,66],[12,35],[101,-36],[244,49],[209,-120],[49,-61],[84,41],[-80,72],[-125,12],[-22,97],[-129,98],[-262,-18],[-100,-50],[-187,61],[37,55],[67,6],[26,129],[52,12],[-8,30],[-58,2],[-16,158]],[[64165,158908],[-7,0]],[[64158,158908],[-7,0]],[[64151,158908],[7,0]],[[64158,158908],[-106,-48],[-104,-231],[-49,1],[-38,44],[-37,-9],[-158,112],[-22,63],[23,74],[43,-18],[63,35],[25,-23],[38,38],[45,0],[-58,48],[-52,-59],[-105,48],[-3,50],[-50,14],[24,104],[48,41],[31,-23],[29,18],[54,-77],[39,-4],[-85,166],[-10,-34],[-101,5],[-64,-38],[-69,14],[-22,-38],[-93,38],[-46,-27],[-59,28],[-12,49],[52,66],[-56,5],[-30,104],[16,59],[33,-17],[30,42],[-4,119],[68,53]],[[63386,159700],[41,-24],[63,65],[71,9],[-119,5],[-93,-35],[-39,36],[-100,-23],[-3,46],[-17,-20],[-18,24],[2,89],[-34,18],[65,74],[168,-6],[21,91],[90,6],[-65,33],[-128,-94],[-95,-3],[-37,34],[41,57],[-19,30]],[[63181,160112],[49,147],[53,45],[-1,30],[-38,12],[-46,-9],[-123,-181],[-102,-38],[-4,-33],[73,-51],[-22,-77],[-57,-32],[13,-63],[-53,-17],[-20,-69],[-54,28],[-9,73],[-70,39],[6,54],[-37,9],[82,50],[-20,62],[126,39],[-35,67],[13,51],[-52,8],[-147,-94],[-100,53],[-63,-38],[-96,157],[-52,14],[-119,-126],[-12,-55],[-26,6],[9,-41],[-16,15]],[[62231,160147],[-20,45],[-56,-9],[3,29],[-33,1],[-63,-72],[-75,42],[-47,-10],[2,-70],[-50,8],[-15,-26],[-26,12],[34,47],[-51,13],[-1,40],[-108,12],[-22,86],[43,44],[73,10],[-47,8],[85,125],[5,112],[37,28],[82,2],[48,-49],[32,25],[34,-43],[46,61],[83,-129],[106,64],[-13,32],[-105,4],[-30,36],[27,2],[33,74],[27,-24],[27,42],[-25,44],[32,87],[-33,8],[-6,36],[34,83],[-10,81],[54,-15],[-14,68],[19,59],[49,12],[-12,36],[85,46],[32,-22],[12,50],[65,46],[79,-49],[45,-81],[-28,-159],[31,-10],[7,-73],[32,-28],[60,1],[57,-74],[95,-35],[202,-188],[94,-17],[107,-80],[153,64],[120,1],[173,59],[-30,51],[-113,-54],[-165,21],[-141,-57],[-92,28],[-104,93],[-131,199],[-90,36],[-25,47]],[[62914,161033],[-20,69],[41,63],[-24,28],[106,25],[85,58],[32,75],[-41,30],[138,74],[82,118],[135,29],[6,126],[-44,41],[-40,-9],[-16,57],[74,127],[40,0],[115,83],[0,27],[-137,-9],[9,35],[14,-17],[10,31],[46,4],[12,51],[48,20],[-31,8],[32,18],[-25,18],[142,19],[18,-66],[118,21],[45,-77],[46,32],[39,-58],[94,56],[19,-57],[36,68],[37,-33],[40,30],[9,-77],[48,27],[15,-36],[33,3],[-8,-80],[50,7],[13,29],[-80,157],[-59,8],[-35,40],[60,184],[34,-46],[8,42],[7,-33],[60,10],[-3,-25]],[[64347,162358],[16,-35],[58,39],[29,110],[29,-15],[81,107],[-18,-122],[-53,0],[19,-77],[41,12],[44,-36],[7,24],[26,-60],[-45,-23],[20,-211],[-48,-41],[35,-18],[-21,-47],[27,-40],[-129,-180],[-47,56],[-100,-56],[64,-85],[-19,-25],[61,39],[-3,-72],[66,6],[23,-47],[1,-198],[-36,-62],[19,-193],[-51,-66],[-109,56],[-66,-55],[-104,74],[-45,-179],[-76,-52],[243,53],[71,-10],[66,-56],[-47,-38],[-168,3],[-35,-21],[15,-44],[-22,30],[-86,-59],[54,-16],[62,50],[105,4],[33,-71],[43,2],[3,-42],[40,-23],[-21,-57],[-76,0],[-78,-56],[23,-32],[61,15],[-26,-198],[-173,-147],[219,-13],[14,31],[-44,69],[116,189],[58,7],[47,-36],[2,-29],[-67,-49],[60,-109],[-51,-56],[-96,14],[-30,-28],[56,-110],[-74,-140],[75,-59],[39,-95],[-33,-48],[-91,-6],[-44,110],[-90,12],[68,-69],[30,6],[-55,-153],[-109,-45],[41,-53],[-33,8],[-14,-77],[-52,-23],[7,-136],[51,-44],[9,-61],[-61,-29],[-69,45],[-30,-95],[40,-39],[-71,-33],[-51,12],[-1,-100],[74,-57],[60,69],[136,27],[65,112],[86,8],[71,45],[-131,-15],[-36,54],[23,198],[120,158],[124,5],[183,96],[99,-34],[-9,-74],[31,-2],[30,42],[-36,10],[51,46],[-24,33],[17,44],[86,-99],[70,28],[-2,77],[-108,67],[-40,77],[-100,-17],[-132,104],[2,95],[127,67],[14,151],[49,10],[10,38],[67,-32],[17,-128],[78,-14],[134,133],[53,122],[112,24],[131,-101],[58,-65],[44,-185],[-74,-80],[13,-148],[170,118],[92,-55],[23,-60],[-10,-45],[-227,-133],[240,29],[91,-105],[-11,-40],[-93,1],[-66,-30],[8,-33],[-25,21],[-71,-42],[35,-24],[66,46],[86,9],[-27,-78]],[[68158,162478],[-21,-4],[48,62],[4,-49],[-31,-9]],[[68037,162628],[47,-8],[-27,-71],[-38,6],[18,73]],[[67808,162684],[-6,-35],[-62,27],[68,8]],[[64630,162803],[-1,-32],[-52,11],[26,34],[27,-13]],[[68692,162981],[39,-70],[-36,-21],[-58,64],[55,27]],[[67722,163065],[-21,3],[23,15],[-2,-18]],[[67396,163091],[145,-155],[-15,-40],[-33,-3],[-123,159],[26,39]],[[68086,163195],[23,-39],[78,-5],[87,-86],[81,5],[-20,-47],[-59,-7],[-7,-40],[33,-16],[-35,-64],[-32,64],[-90,-41],[-19,98],[-141,80],[-5,74],[106,24]],[[66957,163945],[26,24],[69,-78],[37,0],[-1,30],[75,-9],[-24,-65],[25,-38],[34,-4],[25,45],[48,-26],[-9,-78],[-60,-2],[-15,-43],[43,-106],[51,18],[30,-74],[75,-28],[-47,-28],[-102,80],[-37,-37],[74,-14],[41,-41],[-58,-15],[-3,-51],[53,-53],[-51,-101],[52,-12],[19,-54],[-43,-86],[23,6],[-15,-71],[72,-234],[-57,-14],[-33,-48],[25,-106],[52,-39],[57,27],[24,-18],[-9,-53],[-61,2],[-34,-39]],[[67328,162512],[-44,-11],[-36,83],[-126,-5],[-201,108],[-50,80],[24,49],[-24,46],[-33,43],[-84,29],[-91,143],[45,-141],[-15,-55],[16,12],[73,-80],[39,-126],[-25,-61],[96,-60],[-10,-42],[52,-71],[133,-23],[34,-183],[-78,-167],[-107,-5],[-55,-72],[-47,29],[-34,80],[-126,55],[-25,-36],[-160,-66],[51,13],[21,-37],[25,48],[102,-21],[36,-21],[19,-80],[73,15],[64,-44],[133,20],[17,-159],[38,-4],[15,47],[49,16],[23,-30],[-21,-97],[63,14],[66,-33],[-7,-68],[-36,-8]],[[67200,161636],[-25,-9],[57,-145],[-24,6],[-9,-43],[-27,18],[-115,-52],[68,-30],[-11,-71],[52,-18],[-18,-68],[-62,-27],[-58,38],[-93,-30],[-41,47],[-51,-10],[1,-102],[117,-79],[-76,-63],[74,-57],[122,42],[-75,-124],[55,-80],[-62,-3],[-1,0]],[[66998,160776],[-7,-72],[57,-67],[-94,12],[28,-63],[-22,3],[-23,-74],[26,-60],[53,-12],[-29,-46],[-15,26],[-34,-14],[-44,-75],[-15,38],[-81,-2],[140,73],[-3,28],[-185,-74],[-84,-65],[-192,148],[-96,-51],[-74,33],[-15,59],[8,-26],[165,-7],[-67,35],[-41,-11],[-2,42],[-57,-3],[-58,83],[13,-42],[-61,-47],[60,8],[-54,-76],[50,-93],[72,9],[95,-53],[-12,-60],[-94,-47],[-106,77],[-105,-38],[-64,50],[-49,-79],[-23,43],[32,13],[-69,18],[-4,103],[-27,32],[-9,-32],[-89,54],[-63,269],[17,51],[-32,49],[-60,-46],[-40,29],[9,53],[77,-24],[16,33],[-117,300],[82,121],[-31,74],[30,194],[-116,22],[56,-121],[-23,-61],[-45,5],[-65,86],[41,56],[7,118],[24,31],[46,-3],[21,33],[18,-15],[-2,9],[-63,38],[-29,109],[-48,45],[28,97],[-15,27],[-21,-15],[-12,60],[32,41],[49,4],[-30,160],[54,-16],[31,19],[-4,227],[52,-3],[24,33],[-18,56],[89,21],[-3,77],[94,54],[23,67],[28,4]],[[65904,162842],[-24,23],[50,-20],[-34,-196],[27,-332],[21,-18],[24,38],[100,-8],[78,-100],[53,-141],[133,-25]],[[66332,162063],[-82,61],[-23,102],[-97,129],[-94,16],[-52,42],[-3,269],[19,76],[59,-5],[-23,50],[44,160],[-20,56],[62,57],[-15,69],[34,70]],[[66141,163215],[-45,116],[67,62],[-31,10],[12,38],[-43,9],[21,47],[-34,32],[2,51]],[[66090,163580],[38,30]],[[66128,163610],[38,53],[-32,63],[53,26]],[[66187,163752],[35,44],[-59,10],[-18,106],[25,-12],[19,33],[53,-32],[0,2]],[[66242,163903],[-1,35],[66,25]],[[66307,163963],[206,-28],[30,-115],[59,-56],[-15,-77],[28,-74],[1,181],[-29,71],[45,35],[-42,54],[11,52],[46,-13],[24,-60],[46,41],[10,-44],[77,-3],[9,-39],[87,-41],[11,44],[41,-6],[15,34],[-78,64],[68,-38]],[[66279,164085],[43,-33],[-51,-28],[18,30],[-33,13],[23,18]],[[68962,164090],[-13,-77],[-43,-38],[1,79],[55,36]],[[69121,164405],[-12,-98],[54,-24],[-35,-50],[38,-24],[-59,-92],[-38,-9],[-35,77],[55,32],[11,87],[-42,52],[29,60],[34,-11]],[[67665,164749],[-5,-22],[-20,24],[25,-2]],[[69282,165477],[-38,-18],[5,37],[41,-3],[-8,-16]],[[69278,165521],[15,-19],[-36,-1],[21,20]],[[68422,165492],[-35,-296],[-73,-104],[123,9],[72,175],[47,20],[-22,87],[54,112]],[[68588,165495],[26,30],[-23,32],[29,-17],[-19,42],[68,31],[25,-14],[23,79],[18,-135],[60,-60],[79,62],[88,-76],[83,77],[24,-62],[-20,-30],[41,18],[17,-24],[60,39],[-2,-36]],[[69165,165451],[30,23],[29,-17],[-90,-51],[52,-94],[111,11],[18,-51],[61,16]],[[69376,165288],[0,-32]],[[69376,165256],[-310,-30],[-76,-60],[40,-75],[106,-5],[22,-74],[59,-12],[17,-32],[-47,-77],[37,-92],[-29,0],[2,-83],[-39,-1],[0,28],[-26,-18],[-144,92],[-37,-39],[-128,80],[-109,-44],[131,-86],[39,-96],[-46,-29],[109,-56],[-8,-80],[93,-48],[-28,-30],[-78,-6],[-132,39],[-108,-30],[-23,28],[-68,-45],[-144,-3],[50,-13],[20,-41],[91,0],[90,-42],[141,58],[75,-86],[-41,-179],[-185,-131],[-24,-103],[-30,21],[-73,-13],[-37,-35],[-48,-201],[-73,-68],[43,-75],[95,13],[108,-116],[46,97],[31,-3],[22,-174],[-76,-53],[-26,28],[-60,-79]],[[68590,163177],[-60,-65],[-71,82],[-82,-25],[-75,46],[-193,39],[-29,59],[28,-5],[-1,37],[-27,15],[-139,-61],[-31,-93],[-101,-89],[-78,-14],[-50,47],[-116,-6],[-2,133],[-130,-12],[50,158],[93,21],[-48,41],[-7,142],[-47,28],[-14,97],[-53,50],[39,42],[17,-45],[121,-6],[21,-53],[67,3],[-6,142],[-104,30],[84,53],[-70,98],[55,39],[-17,63],[47,-6],[13,34],[64,-34],[-10,89],[60,-12],[18,34],[-69,158],[66,21],[49,183],[-20,92],[34,15],[-119,95],[-39,-5],[-42,52],[33,1],[-1,0]],[[67698,164885],[39,55],[1,78],[124,54],[64,88],[-113,29],[0,22],[57,17],[40,51],[81,-33],[44,14],[-6,36],[57,37],[-13,74],[33,43],[47,-18],[10,40],[28,-4],[-26,111]],[[68165,165579],[-20,49],[29,-6],[26,42],[55,7],[14,29],[51,-22],[49,27],[78,-183],[-25,-30]],[[68215,165779],[-19,-18],[29,52],[-10,-34]],[[31139,81275],[-69,-60],[-64,32],[29,129],[61,-18],[61,-68],[-18,-15]],[[33433,82108],[20,18],[-8,-18],[-34,-13],[-1,-17],[-22,-7],[38,62],[7,-25]],[[31747,77458],[-88,147],[18,61],[-61,0],[-49,203],[7,102],[68,160],[-16,96],[19,65],[204,418],[125,95],[67,95],[-29,-7],[20,21],[-20,4],[4,58],[-20,-111],[8,198],[73,57],[59,269],[-9,189],[41,77],[369,298],[73,14],[86,128],[35,142],[157,258],[254,231],[14,50],[62,0],[50,48],[21,73],[37,25],[8,74],[-50,198],[59,-29],[25,9],[-15,50],[7,-53],[-41,35],[-27,-9],[34,14],[12,96],[48,45],[54,206],[77,102],[20,103],[-6,419],[-40,147],[-51,48],[69,84],[151,102]],[[33660,82563],[-17,-40],[22,-3],[-2,31]],[[33663,82551],[28,-17],[70,71],[11,131],[32,35],[178,80],[88,63],[29,56],[26,145],[-27,228],[24,193],[100,90],[41,145],[150,132],[129,24],[78,96],[99,9],[72,-25],[141,99],[221,46],[-22,-23],[29,11],[32,-53],[-23,72],[35,-22]],[[35204,84137],[-34,24],[78,341],[-36,75],[211,-151],[-63,82],[-98,60],[23,38],[-33,-30],[-26,16],[84,29],[50,66],[9,193],[62,71],[-5,141],[-101,222],[57,-14],[52,-131],[3,28],[-56,112],[-72,26],[-134,110],[-122,222],[-95,-20],[-92,77],[11,83],[1,-39],[56,-23],[6,-39],[37,3],[-90,86],[102,-74],[99,35],[14,336]],[[39146,90067],[35,-26],[57,74],[61,-12],[45,-173],[32,-20],[120,71],[108,8],[133,75],[175,-110],[-8,48],[44,85]],[[39948,90087],[338,-190],[189,-148],[52,-50],[-106,-116],[43,-61],[54,-18],[150,-172],[68,2],[27,-56],[136,-36],[-25,-43],[29,-33],[-34,-45],[238,-47],[21,-16],[-14,-53],[116,-59],[71,-94],[107,-65],[96,-1],[63,-168],[44,-40],[79,217],[110,115],[72,36],[89,-15],[72,45],[14,47],[145,-5],[347,52],[151,67],[126,-33],[80,37],[48,-29],[197,179]],[[43141,89291],[99,-61],[112,150],[131,43],[56,59],[113,42],[52,-50],[233,127],[333,9],[31,38],[180,69],[32,-127],[40,-47],[249,-196],[70,76],[129,-106],[436,-176],[99,-16]],[[38685,89335],[64,33],[64,-68],[83,-19],[19,45],[-47,24],[53,91],[172,128],[-62,-1],[-28,223],[-97,-44],[-21,91],[-52,7],[-10,77],[54,11],[-16,122],[-26,15],[49,104]],[[38884,90174],[44,-27],[-3,-63],[20,-24],[10,0],[57,52],[93,27],[7,31],[-35,36],[17,26],[75,-82],[-35,-53],[12,-30]],[[41240,94727],[-29,-18],[26,21],[25,-3],[-22,0]],[[41909,94534],[-40,32],[-27,-16],[-102,-135],[-28,13],[44,26],[0,36],[-75,41],[-53,-127],[-113,-18],[-25,41],[80,-6],[-16,108],[53,71],[-86,8],[-20,-42],[25,-50],[-25,-20],[-42,9],[-16,65],[-34,20],[-44,9],[-95,-17],[-10,30],[55,38],[9,38],[-59,74],[27,9],[23,-18],[21,30],[-22,-24],[-23,15],[-27,-8],[-1,-22],[26,-31],[-26,22],[-20,1],[-70,-53],[22,12],[-10,-21],[68,51],[58,-28],[-4,-41],[-60,-42],[4,-29],[19,-10],[87,13],[65,-16],[42,-82],[34,-3],[32,21],[-22,58],[16,33],[74,-2],[-52,-66],[16,-106],[-80,6],[36,-56],[116,18],[45,126],[71,-36],[-51,-53],[35,-27],[35,10],[74,113],[38,2],[60,-94],[-8,-57],[-48,21],[-26,-12],[7,-65],[23,8],[13,-3],[-1,-8],[-11,-3],[-8,-15],[15,-21],[-28,-8]],[[41869,94271],[-37,24],[5,-22]],[[41837,94273],[-25,16],[-34,-24]],[[41778,94265],[-22,15]],[[41756,94280],[-37,-15],[18,-12],[19,27]],[[41778,94265],[35,23],[24,-15]],[[41837,94273],[-3,21],[35,-23]],[[41869,94271],[28,6],[7,44],[-2,6],[-12,3],[-23,-6],[-2,63],[71,-15],[5,29],[42,-27],[69,24],[32,-78],[-65,-44],[-13,-42],[45,-61],[70,17],[48,57],[-1,122],[127,-33],[23,-30],[-34,-116],[24,-71],[-40,4]],[[42268,94123],[87,-48],[105,3],[5,-23]],[[40713,93004],[-196,22],[-28,29],[-280,-54],[-39,-38],[1,29],[-128,4],[-32,-124],[-101,-68],[-78,-15],[-29,-57],[-112,-57],[-142,27]],[[39549,92702],[-43,83],[5,176],[-52,77],[-54,-16],[-50,-169],[-207,-119],[-76,104],[-83,9],[-56,40],[-163,-57],[-141,11],[-41,59],[-99,30],[-20,84],[-54,-4],[-131,-41],[-28,-125],[47,-132],[98,-144],[57,-32],[13,-57],[6,-246],[-40,3],[-14,-28],[68,-151],[-139,23],[-44,-60],[50,-29],[13,-47],[-152,-9],[-101,50],[-45,-32],[-131,15],[-69,50],[-74,133],[-109,68],[-23,66],[-78,11],[-154,-39],[-47,-29],[0,-53],[-34,-19]],[[37354,92156],[-105,-8],[-143,116],[22,35],[-98,125],[-78,219],[-196,-30],[-61,116],[-48,26],[29,129],[-85,71],[10,73],[-36,25],[40,117],[-103,129],[162,59],[52,71],[-31,29],[23,47],[-34,-32],[-47,29],[-31,-12],[19,58],[-47,-34],[-118,87],[1,-81],[44,-17],[-58,-38],[-74,117],[-155,107],[-218,-33],[-132,51],[-134,-21],[-46,34],[-49,132]],[[35629,93852],[-62,71],[126,229],[5,103],[-82,66],[-290,48],[-74,76],[-15,151],[-75,157],[4,98],[-57,99],[15,121],[-176,183],[-106,161],[-68,172],[5,67],[87,176],[-144,595],[34,101],[3,196],[37,66],[107,-28],[76,72],[44,-36],[60,27],[-26,98],[-135,23],[-31,131],[101,71],[-59,84],[6,73],[45,18],[34,75],[61,-54],[30,29],[-10,68],[-77,63],[-88,6],[-162,-60],[-56,60],[-122,53],[-29,-8],[19,-110],[-42,-10],[8,87],[-167,70],[-32,-3],[-83,-100],[-289,-20],[-61,141],[124,89],[-40,74],[-103,59],[-55,117],[-79,3],[-189,166],[-162,29],[-38,30],[184,122],[-14,171],[198,121],[-42,72],[8,48],[39,23],[-25,44],[28,107],[115,-12],[30,89],[49,19],[-3,50],[73,-4],[150,75],[-31,68],[134,9],[171,-44],[92,184],[-10,52],[-81,77],[61,69],[49,-13],[140,48],[42,84],[96,-77],[200,-12],[8,-21],[41,138],[49,57],[102,6],[41,39]],[[35270,99764],[44,-50],[49,24],[72,93],[-47,46],[5,46],[92,43],[122,124],[143,30],[63,85],[72,-27],[61,12],[29,36],[26,-33],[151,39],[90,-32],[-39,138],[36,69],[189,72],[0,-46],[22,-28],[23,11],[69,-98],[149,4],[66,46],[163,42],[83,104],[98,12],[70,-24],[125,56],[51,-27],[111,107],[103,-5],[38,40],[25,137],[56,27],[297,-122],[-33,-85],[16,-62],[49,-45],[54,-143],[99,-18],[21,-245],[30,-80],[54,-15],[8,-28],[-45,-141],[49,-104],[195,54],[280,144],[426,108],[351,227],[107,-88],[141,-56],[154,-179],[89,-356],[-45,27],[-107,-70],[-162,23],[-125,-112],[4,-34],[-133,-147],[-27,62],[-92,27],[-157,121],[-38,15],[-28,-25],[49,-1073],[-387,-35],[22,-255],[-35,-222],[51,-75],[120,-83],[-40,-16],[-86,-116],[-4,-66],[143,-145],[84,-21],[19,-54],[101,-3],[85,-154],[233,-14],[102,-74],[90,-9],[187,-151],[26,-102],[127,-34],[151,32],[37,36],[12,100],[231,-248],[121,103],[31,-63],[-41,-71],[18,-35],[284,87],[336,-446],[96,19],[107,-172],[33,-108],[100,43],[55,-18],[55,-72],[138,139],[15,-98],[182,-116],[17,-70],[28,-12],[71,85],[157,89],[-10,-49],[48,-54],[22,-113],[-31,-150],[66,-93],[62,13]],[[57936,110871],[-152,-533],[-147,-3],[-33,26],[-70,-9],[-7,-12],[25,-46],[-17,52],[60,10],[52,-44],[136,5],[23,-394],[24,-53],[41,-41],[68,41],[-71,-53],[-29,-6],[-28,46],[-31,-17],[-74,39],[-65,-13],[139,-37],[-105,-9],[136,-25],[-155,-20],[-42,-146],[-144,-20],[-90,-140],[96,130],[-19,-35],[36,41],[73,-15],[69,40],[35,138],[180,13],[85,53],[52,-12],[0,36],[22,-68],[55,-3],[2,-25],[-96,-46],[-7,-57],[86,-51],[-43,-89],[-26,-3],[26,-5],[-15,-47],[-43,-13],[6,-77],[-63,-50],[28,-33],[-86,-53],[7,-97],[-48,-16],[2,-27]],[[57794,109098],[-47,-38],[21,-45],[-41,-47]],[[57727,108968],[-295,68],[-21,350],[-30,0],[-14,72],[-151,-16],[-148,-68],[-103,27],[-62,-113],[-84,13],[-38,-53],[-82,7],[-119,-68],[-55,19],[-117,-111],[-94,25],[-119,-12],[-10,-142],[-81,-95],[-64,-22],[-108,24],[-161,-52],[-82,58],[231,125],[23,81],[74,56],[-38,89],[-52,-16],[-124,42],[-52,-33],[-185,-20],[-58,15],[-60,62],[-145,39],[1,37],[80,138],[9,154],[-28,29],[23,41],[157,-58],[85,-95],[171,-31],[0,36],[71,39],[109,36],[57,-28],[25,45],[-29,95],[205,303],[-58,175],[-59,50],[-30,-6],[-16,122],[-111,103],[-84,152],[49,61],[88,-9],[10,45],[-29,42],[34,91],[-50,18],[41,83],[-2,130],[46,28],[-11,61],[86,-30],[30,-56],[61,25],[22,46],[99,31],[41,-89],[52,26],[29,-42],[29,30],[114,-17],[51,35],[32,-131],[191,-106],[46,-83],[26,33],[43,-22],[53,43],[156,-39],[57,51],[-11,29],[57,20],[28,143],[459,-137],[128,-95]],[[60475,114788],[12,-24],[-41,-6],[1,29],[28,1]],[[52412,118024],[34,9],[-9,-44],[45,-14],[124,118],[54,-21],[-1,-41],[113,18],[4,-60],[33,4],[-24,-43],[46,22],[33,-36],[202,20],[-8,-32],[33,-5],[43,35],[81,11],[49,-56],[80,-14],[66,74],[33,-1],[48,-112],[119,-65],[109,-22],[143,33],[33,-11],[-17,5],[-2,-20],[15,14],[10,-68],[52,-26],[6,-75],[-130,-118],[122,83],[22,29],[-12,80],[132,87],[8,47],[77,-21],[98,30],[44,-48],[30,27],[27,0],[-4,-24],[102,22],[17,-37],[54,-14],[29,39],[94,6]],[[54669,117809],[46,36],[-6,-30],[50,-24],[129,15],[6,-31],[96,-19],[146,28],[158,89],[105,-97],[47,5],[64,43],[-14,14],[123,57],[-18,133],[138,101],[28,-22],[93,70],[65,-28],[-20,-74],[182,-48],[-22,-28],[19,-34],[46,-5],[31,-38],[143,50],[82,-45],[102,12],[49,-42],[78,30],[31,-51],[143,-74],[147,34],[122,163],[47,-43],[333,295],[30,-30],[36,9],[-30,-16],[35,-21],[242,51],[102,-17],[114,-25],[-16,-12],[32,-31],[5,34],[31,-58],[81,-25],[176,84],[60,11],[40,-37],[53,50],[50,-25],[5,-61],[36,-21],[-45,21],[-12,42],[-2,-31]],[[58461,118143],[17,-24],[-29,15],[18,-14],[-23,-4],[23,-35],[28,16],[-26,22],[33,-15],[-35,-114],[51,-42],[191,-72],[172,-18],[-97,-20],[-51,-77],[51,74],[98,20],[74,84]],[[58956,117939],[47,2],[185,-97],[8,-95],[170,-187],[6,-61],[109,-194],[-40,7],[22,-42],[-26,-30],[36,35],[12,-20],[-13,51],[197,-199],[329,-161],[30,-38],[23,-71],[-45,-89],[-20,-145],[52,-323],[-26,8],[-10,-50],[46,30],[77,-140],[74,-62],[-19,-74],[38,-100],[-44,-208],[30,-86],[41,-29],[14,-90],[-3,-14],[-98,8],[-37,87],[13,-72],[16,-21],[52,-8],[148,3],[32,-56],[142,-87],[-20,-32],[26,-30],[-45,-74],[5,47],[-72,-11],[46,14],[30,63],[1,23],[-24,-14],[-16,23],[1,-24],[28,-12],[-15,-41],[-142,15],[-36,-91],[21,-7],[-21,6],[1,-39],[53,22],[-15,-19],[58,-56],[63,80],[-72,-119],[-110,-59],[15,-45],[70,-22],[35,-54],[62,-30],[-29,4],[27,-13],[-7,-47],[-43,-42],[31,-17],[-34,-6]],[[60396,114714],[24,-6],[-41,-54],[24,-21],[-78,-43],[-1,-39],[-98,-33],[39,-38],[-25,-37],[17,-23],[-75,-30],[12,-24],[-45,-71]],[[60149,114295],[-86,-53],[29,-11],[-36,-31],[51,-31],[-35,-39],[27,-7],[-55,-23],[-26,-60],[-35,-2],[-9,-63],[-35,-21],[54,7],[-72,-41],[2,-46],[-23,28],[-3,-45],[-48,3],[-45,94],[12,-38],[-128,-125],[-11,-157],[46,-77],[-74,-27],[-15,-49],[-36,-6],[-26,-63],[-39,-8],[-73,-102],[-47,6],[-123,-124],[-24,9],[-42,-53],[27,-43],[-35,7],[-62,-75],[14,-26],[-34,-39],[21,-8],[-44,-4],[-21,-38],[-19,15],[-7,-27],[-13,16],[-4,-54],[-42,-6],[-27,-68],[-115,-75],[27,-36],[-29,-31],[-111,-37],[-171,-261],[-35,27],[55,90],[-74,141],[7,64],[-38,17],[-10,97],[24,69],[60,44],[-9,39],[-58,33],[5,36],[-10,-28],[-67,22],[-115,121],[21,3]],[[58335,113125],[-8,18]],[[58327,113143],[8,-18]],[[58335,113125],[-324,32],[307,-54],[69,-73],[14,-84],[117,-41],[-26,-36],[-47,15],[-39,-38],[14,-107],[-24,30],[-38,-44],[6,18],[-13,5],[-14,-3]],[[58337,112745],[-38,-12]],[[58299,112733],[15,-12],[35,25],[6,-24],[97,3],[35,-48],[-9,-115],[48,-34],[-48,-12],[-26,-73],[24,50],[47,3],[28,-53],[-32,-62],[43,-111],[-418,-799],[-208,-600]],[[57727,108968],[-41,-30],[22,-15],[-38,-46],[26,-6],[-66,-83],[32,-19],[-20,-67],[23,-4],[-120,-68],[7,-94],[-53,-3],[0,-53],[-107,-83],[32,-57],[-114,-89],[17,-18],[-30,-11],[-1,-43],[-81,-8],[13,-47],[-46,-21],[-5,-74],[-119,-84],[26,-23],[-50,-44],[26,-60],[-60,-9],[5,-116],[-69,-62],[-62,-171],[4,-78],[39,-15],[-90,-17],[7,-29],[-87,-45],[-81,-104],[-29,11],[24,-14],[2,-69],[53,-25],[-30,-3],[2,-25],[77,3],[-51,-79],[82,-42],[-54,9],[12,-23],[-41,-21],[49,-30],[-39,-25],[34,-37],[-24,-36]],[[56733,106766],[21,-3],[-35,-21],[15,-65],[-36,-12],[45,-41],[-25,-44],[29,-4],[-39,-72],[40,-191],[-28,-45]],[[56720,106268],[-33,15],[2,-98]],[[56689,106185],[-43,-29],[12,-30],[-85,-45],[29,-50],[-53,-71],[50,-45],[-178,-278],[4,-36],[-28,-1],[-23,-47],[-30,12],[-173,-240],[-68,-17],[-42,32],[31,-26],[-37,-39],[-17,-173],[-77,-38]],[[55961,105064],[-38,0],[-157,-303],[-159,-168],[-281,-133],[-29,-56],[-62,-34],[-20,15],[18,-24],[-61,-53],[0,-53],[-93,36],[-115,-25],[-252,-316],[2,29],[-41,-20],[24,-4],[-20,-20],[-78,-12],[42,-4],[-77,6]],[[54564,103925],[-149,-64],[-110,112],[-53,133],[-183,87],[-48,64],[-69,18],[-61,102],[-70,52],[-124,-55],[-111,80],[-128,-19],[-183,42],[-106,-85],[-108,9],[-12,147],[-79,90],[-48,153],[-107,45],[-79,-26],[26,76],[-10,108],[-134,183],[3,51],[-42,64],[28,42],[-38,35],[35,43],[-34,127],[58,36],[34,367],[-11,53],[-60,24],[-100,-44],[-15,162],[32,74],[-11,83],[-60,96],[-207,141],[-75,-18],[-51,39],[-135,342],[-54,2],[-172,172],[-154,-48],[-363,77],[-81,166],[5,61],[-67,-49],[-91,-17],[-61,26],[-29,69],[-117,21],[-81,80],[-75,18],[-181,-78],[24,-88],[-52,-3],[-70,-49],[-181,22],[-21,-81],[-62,-24],[-117,42],[-234,-23],[-41,39],[-75,-58],[-167,90],[-17,-41],[-174,-101],[-92,11],[-74,-55],[-23,19],[-121,-50],[-3,-116],[-91,-8],[-17,-68],[-25,-6],[36,-196],[-143,-205],[18,-163],[-32,-71],[50,-124],[-79,-36],[-40,-64],[-91,0],[-37,28],[-37,111],[-75,82],[-113,57],[-59,18],[-48,-25],[-11,-89],[-53,81],[-57,-26],[-107,26],[-44,48],[-183,73],[-73,59],[-255,60],[-73,-27],[-75,117],[-50,14],[-61,-48],[68,-180],[-13,-93],[-115,-38],[-38,-74],[-78,-41],[-228,-21],[-102,-90],[-44,-89],[-75,0],[-45,-34],[5,-69],[-47,-38]],[[46411,105779],[-100,71],[-97,2],[-93,69],[-48,-48],[-95,-18],[-75,104],[-72,-15],[-48,-80],[-26,3],[1,-73],[-61,12],[-109,-54],[-35,29],[-68,-9],[-109,39],[-18,72],[-60,9],[-5,59],[-29,17],[-69,16],[-42,-34],[-59,21],[-65,-56],[-74,131],[-69,-80],[-135,-43],[-67,158],[60,27],[26,59],[-119,161],[-51,151],[11,76],[-52,74],[-175,4],[-71,-18],[-66,-57],[-172,-9],[-71,-39],[-38,10],[-40,139],[-84,-27],[-99,19],[-5,-107],[-61,-63],[-5,-76],[-114,5],[-121,-42],[10,45],[-141,27],[-67,193],[-69,37],[-204,-44],[-173,-115],[-65,33],[-94,160]],[[51428,118161],[81,83],[34,-5],[-8,-42],[29,-6],[3,-35],[69,-36],[31,21],[28,-24],[86,5],[24,28],[18,-60],[68,9],[12,-127],[64,-10],[229,161],[67,-99],[69,12],[42,-37],[38,25]],[[26963,81782],[151,-3],[8,-40],[-37,-44],[-94,-14],[-19,-46],[-21,31],[-41,-9],[-64,39],[27,76],[79,36],[11,-26]],[[27080,81865],[-27,2],[-7,63],[34,-65]],[[27292,83934],[57,21],[31,-78],[-101,-26],[-53,52],[66,31]],[[22122,86866],[19,-39],[-76,-30],[-14,-51],[-96,16],[31,55],[136,49]],[[25526,87133],[18,-49],[-23,-100],[-49,-57],[-52,50],[59,93],[-8,29],[55,34]],[[25591,87292],[-31,-21],[36,56],[-5,-35]],[[22531,87201],[41,-13],[1,-38],[-70,-32],[-16,22],[20,24],[2,13],[14,6],[8,18]],[[22507,87203],[16,-8],[0,-9],[-29,-1],[13,18]],[[22960,87437],[-8,-52],[-19,31],[27,21]],[[25667,87601],[-19,3],[19,18],[0,-21]],[[22820,87437],[-32,-30],[49,74],[-17,-44]],[[23125,87597],[18,-6],[-43,-68],[-24,57],[49,17]],[[23062,87597],[-15,-12],[33,37],[-18,-25]],[[23067,87645],[-16,-36],[-44,7],[60,29]],[[22926,87624],[-12,17],[48,42],[-36,-59]],[[18774,87696],[40,-10],[36,-65],[-76,-8],[-19,56],[36,2],[-17,25]],[[18754,87791],[21,-74],[-58,50],[37,24]],[[25710,87810],[75,63],[-14,-60],[-30,-20],[-31,17]],[[25710,87810],[19,-44],[-21,13],[-39,-37],[-18,19],[-47,-122],[18,-14],[-17,-55],[59,19],[21,-36],[-47,-112],[-49,11],[-67,-92],[-46,-11],[-32,-95],[-64,-18],[22,80],[-35,35],[-28,-15],[-3,40],[24,80],[53,50],[-30,-12],[16,45],[15,-22],[2,59],[-14,16],[-22,-36],[8,26],[-31,21],[-36,-35],[-35,133],[67,65],[49,143],[58,27],[35,107],[48,52],[-33,50],[26,49],[33,-37],[47,7],[-17,58],[43,169],[-80,-62],[15,81],[32,32],[48,-39],[81,102],[14,-36],[21,6],[-15,-47],[43,-13],[18,21],[20,-47],[-25,-62],[-145,-110],[-19,-66],[65,-38],[-12,-65],[29,24],[-6,-38],[22,15],[-42,-43],[-6,28],[-36,-69],[30,-47],[-56,-99],[16,-26],[56,17]],[[26857,88949],[-20,33],[47,44],[8,-39],[-35,-38]],[[30685,89638],[114,-306],[-59,-119],[-35,-6],[-86,220],[13,175],[53,36]],[[23391,89399],[-15,-38],[-31,22],[27,49],[30,-6],[-11,-27]],[[21002,89313],[-2,-25],[-36,19],[38,6]],[[23000,89421],[-53,3],[8,47],[45,-50]],[[22646,89735],[1,-24],[-26,32],[25,-8]],[[23864,90081],[25,83],[39,13],[-64,-96]],[[23978,90292],[17,-8],[-36,-49],[19,57]],[[24100,90494],[24,-26],[-34,-48],[10,74]],[[20176,90880],[-15,11],[36,21],[20,-15],[-41,-17]],[[31593,90150],[1,0]],[[31594,90150],[46,-15],[48,56],[132,57],[59,-29],[-2,-245],[33,-13],[-25,-132],[15,-126],[77,-164],[3,-157],[98,-198],[8,-75],[-67,-95],[-72,3],[-103,-53],[-33,-86],[177,-136],[42,-69],[32,-156],[-53,3],[20,-51],[-97,3],[-95,-91],[-214,176],[40,52],[-68,59],[13,45],[-58,61],[10,163],[-51,60],[-67,17],[-20,60],[-67,6],[-72,54],[-6,90],[-39,31],[-59,-7],[-111,-114],[-31,11],[-9,122],[-35,27],[-31,126],[45,69],[2,106]],[[31009,89595],[-36,117],[-70,-31],[-21,-86],[24,122],[-43,38],[-8,-49],[-16,49],[24,33],[15,318],[24,44],[62,11],[-4,84],[-146,101],[-85,-74],[-123,73],[-97,166],[-105,69],[-109,225],[-63,29],[-14,203],[-13,31],[-57,12],[82,84],[17,59],[73,53],[38,-5],[96,201],[54,-35],[28,12],[93,-72],[49,29],[65,-106],[353,-343],[151,-71],[84,-86],[76,-9],[30,-108],[-149,-121],[-3,-44],[46,-36],[11,29],[29,-41],[83,17],[97,-32],[-3,-249],[45,-56]],[[25634,91303],[37,23],[-59,-97],[-19,56],[38,53],[3,-35]],[[25835,91387],[-29,-51],[1,45],[28,6]],[[25793,91409],[5,-44],[-44,-61],[39,105]],[[20411,91120],[-77,-108],[-61,18],[16,41],[122,49]],[[25876,91627],[-15,-12],[21,43],[-6,-31]],[[25883,91725],[-19,-40],[21,59],[-2,-19]],[[22671,87518],[-22,-34],[20,-29],[-56,-17],[50,-63],[-13,-47],[33,-1],[-35,-144],[-71,-15],[2,24],[-35,34],[0,58],[-27,-45],[-121,-86],[-61,-12],[-91,-87],[-22,-10],[-8,40],[-63,-27],[22,-31],[-59,-12],[-52,-60],[-85,-21],[2,45]],[[21979,86978],[-67,-12],[-23,38],[-42,6],[-104,-94],[-76,-19],[-37,22],[58,56],[-35,11],[-28,-38],[-4,72],[-60,21]],[[21561,87041],[-173,-36],[-21,-59],[74,-96],[-47,-36],[-80,-174],[-61,-32],[-25,-48],[13,-66],[-57,-73],[-157,-36],[-79,-155],[-162,28],[-74,-19],[-79,69],[-75,-32],[-18,101],[-89,-21],[8,17],[-71,20],[-50,-13],[6,28],[-24,3],[63,92],[-23,9],[34,81],[-20,24]],[[20374,86617],[46,68],[-40,43],[15,75],[-26,36],[53,24],[-7,65],[60,46],[-9,55],[59,43],[9,61],[15,-12],[31,40],[5,72],[55,24],[11,36]],[[20651,87293],[163,26],[84,-27],[35,50],[20,-9],[-2,28],[58,40],[-2,34],[25,-15],[-66,240],[24,-21]],[[20990,87639],[-173,382],[-166,214],[-88,60],[2,52],[-24,-55],[-81,13],[-56,-47],[-61,30]],[[20343,88288],[-42,9],[-1,27],[37,30],[5,52]],[[20342,88406],[-1,68],[-28,27],[59,46],[16,141],[128,45],[24,66],[80,-16],[103,125],[277,109],[-1,28]],[[20999,89045],[2,44],[80,39],[13,53],[-8,43],[-32,9],[26,13],[-30,-10],[7,22],[-36,11],[-4,51]],[[21017,89320],[-145,-12],[33,-1],[-63,-29],[-141,59],[-87,-40],[-169,68],[-190,-42],[-47,-53],[-8,-84],[-91,-215],[-54,-63],[-22,-179],[-61,-47],[19,-27],[-65,-132],[-247,-305],[-24,-73],[-212,-200],[-100,-33],[-5,-36],[-77,-27],[-65,-74],[-66,-8],[14,-21],[-32,-60],[-102,-70],[2,22],[-55,-4],[11,23],[-104,11],[-44,36],[25,48],[-25,-7],[-34,36],[1,62],[-22,4],[28,17],[-50,39],[-24,-18],[-39,62],[38,45],[14,-39],[9,29],[29,-9],[-11,34],[34,56],[128,82],[-23,48],[69,59],[-10,42],[-91,15],[-22,29],[54,119],[-24,4],[59,64],[-8,65],[101,63],[-6,45],[60,77],[76,44],[66,-6],[29,32],[-51,3],[9,18],[-40,-15],[17,31],[-24,0],[28,55],[-11,47],[114,167],[-10,148],[-45,69],[-96,-21],[-43,38],[-54,-2],[11,37],[-34,13],[-2,20],[41,3],[1,38],[-26,3],[39,10],[-14,45],[92,41],[-6,36],[23,-1]],[[19170,89628],[-6,21],[36,-7],[-3,24],[91,36],[-19,93],[36,34],[-47,48],[41,32],[-1,36],[-29,-15],[-6,44],[-49,9],[46,40],[27,-9],[8,32],[-35,17]],[[19260,90063],[41,3],[-15,25],[23,15],[-29,18],[54,71],[-69,-25],[14,40],[56,9],[-45,79],[37,21],[-22,35],[70,9],[-15,21],[27,-15],[23,35],[60,-6],[13,57],[42,-12],[13,35],[45,-22],[-15,-45],[31,8],[54,-74],[32,60],[170,35],[71,121],[-18,10],[96,45],[34,76],[132,12],[-22,50],[67,18],[40,77],[96,80],[71,15],[52,-77],[-41,-131],[-102,-139],[11,-196],[-83,-317],[78,-144],[36,-1],[-11,-6],[-3,-6],[-1,-29],[8,35],[17,-5],[0,8],[19,-17],[51,20],[-4,-15]],[[20449,89924],[51,-30],[-47,66],[-33,142],[73,89],[-9,121],[51,95],[44,16],[43,147],[-59,105],[226,50],[155,77],[-7,104],[239,127],[114,113],[24,75],[157,80],[96,174],[59,-30],[149,16],[83,94]],[[21858,91555],[42,30],[167,-4],[42,54],[57,9],[74,-35],[4,-211],[-103,-483],[35,-81],[70,-29],[96,-300],[-1,-115],[30,-27],[40,-192],[-34,-62],[26,-164],[-32,-94],[17,-93],[48,-64],[11,-87],[43,-58],[11,-138],[46,-28],[17,-83],[182,-113],[144,-173],[-52,-326],[46,-115],[57,-56],[63,0],[45,-107],[-102,-210],[3,-65],[45,-64],[38,3],[-49,-89],[25,-37],[-22,-24],[68,58],[41,-13],[-24,-55],[28,-35],[-63,-86],[90,23],[-109,-141],[-47,-18],[4,65],[-117,-128],[6,30],[-74,-104],[61,9],[-57,-86],[-28,21],[-41,-45],[0,68],[-54,31]],[[26219,91993],[-67,-102],[1,-69],[-112,-217],[-49,-61],[-23,40],[-21,-28],[-61,102],[63,223],[64,59],[100,-85],[117,171],[-12,-33]],[[26321,92278],[-9,-26],[-25,14],[16,-23],[-30,3],[12,24],[36,8]],[[26339,92272],[33,16],[-45,-46],[5,69],[31,5],[-24,-44]],[[28600,92566],[-20,-18],[48,97],[-28,-79]],[[26820,92718],[-47,-51],[-16,15],[38,82],[25,-46]],[[26189,92788],[-22,-51],[45,90],[-23,-39]],[[20892,92583],[27,-26],[-37,-11],[-15,16],[25,21]],[[20925,92589],[9,-27],[-37,21],[28,6]],[[21014,92608],[30,-48],[-49,-5],[-65,64],[22,16],[44,-31],[-19,37],[37,-33]],[[21384,92694],[-43,-57],[3,42],[40,15]],[[26310,92993],[-15,-68],[-38,-27],[0,47],[53,48]],[[26349,92975],[-58,-74],[95,143],[-37,-69]],[[26896,93052],[-18,-20],[28,41],[-10,-21]],[[20916,92856],[56,0],[28,-30],[-75,-17],[-85,27],[29,29],[47,-9]],[[26464,93253],[-37,-117],[4,77],[33,40]],[[21372,92989],[79,9],[8,-92],[33,-25],[-36,-18],[-33,47],[-64,-50],[-16,21],[-73,-13],[-55,-177],[-84,-36],[-17,-48],[-74,-11],[-9,33],[36,-3],[-39,35],[31,17],[20,107],[-17,35],[-59,6],[13,46],[-125,20],[49,14],[-22,33],[213,47],[107,-23],[74,48],[60,-22]],[[21137,93028],[22,-14],[-36,-4],[-8,33],[22,-15]],[[29990,94116],[-14,-15],[2,31],[12,-16]],[[27344,93988],[-23,-6],[19,39],[22,-15],[-18,-18]],[[26650,94273],[-12,-21],[39,63],[-27,-42]],[[26757,94446],[-72,-89],[31,92],[41,-3]],[[26441,94584],[-44,-56],[48,98],[-4,-42]],[[27206,94722],[9,-51],[-47,-74],[-121,-84],[104,190],[55,19]],[[21355,93191],[-10,1]],[[21345,93192],[5,3]],[[21350,93195],[-5,-3]],[[21345,93192],[-70,-60],[26,-27],[-68,-3],[-41,-35],[-29,41],[-56,-11],[-29,33],[104,102],[-45,34],[-144,-87],[-22,-41],[-88,-32],[-41,33],[9,34],[101,24],[-10,62],[117,60],[-23,63],[87,32],[-14,24],[-73,-25],[-31,31],[138,94],[-92,7],[-20,29],[74,3],[5,62],[71,38],[-108,40],[51,38],[-18,45],[34,74],[97,71],[21,55],[43,-12],[24,61],[121,56],[16,26],[-29,1],[-10,41],[43,-3],[31,39],[111,-30],[44,-56],[31,-9],[-18,8],[96,71],[-43,81],[43,50],[-44,-7],[-4,40],[36,47],[72,-12],[5,59],[85,9],[4,39],[76,33],[12,29],[-43,9],[45,27],[12,-44],[46,-12],[-9,-28],[36,-18],[-16,-61],[58,-24],[-83,-107],[-24,-104],[-51,-30],[12,-41],[-85,-106],[6,-48],[-44,-26],[-35,-190],[-185,-131],[65,-33],[-23,-32],[-112,-48],[127,-145],[-55,-79],[33,-48],[-59,-75],[-49,-12],[28,-17],[-32,-2],[-76,-102],[-32,9],[-60,-36],[-35,80],[16,84],[-24,20]],[[26648,94870],[-49,-113],[12,104],[37,9]],[[23871,90589],[-80,-293]],[[23791,90296],[-58,-211],[69,-60],[6,-71],[26,0],[-116,-130],[14,-71],[-58,-92],[7,-68],[-62,-145],[-27,20],[-25,-32],[-12,27],[-60,-18],[-14,47],[-39,15],[-55,-48],[-172,74],[-228,-38],[-10,57],[-43,38],[-119,15],[-81,50],[-122,181],[-33,141],[-42,58],[7,132],[-46,102],[46,252],[-91,127],[44,97],[-18,185],[51,76],[4,62],[121,92],[34,122],[38,39],[0,66],[77,82],[123,216],[83,21],[55,75],[91,-7],[142,98],[33,-45],[96,30],[57,-44],[132,56],[46,54],[170,-25],[53,58],[59,18],[106,-52],[19,43],[58,11],[73,81],[45,-7],[54,63],[18,-60],[53,107],[45,-9],[69,71],[-6,-50],[60,59],[95,21],[-38,18],[4,49],[-18,-14],[28,94],[-30,36],[-102,-192],[-70,-41],[-20,21],[-51,-96],[-56,17],[49,51],[-45,4],[28,88],[-69,-54],[34,55],[-38,28],[-33,-67],[32,-24],[-13,-32],[-52,38],[-43,-53],[-24,12],[14,29],[-36,-51],[-27,28],[-59,-77],[-32,-107],[-35,-15],[-2,18],[-10,-24],[12,53],[-19,-2],[-85,-58],[15,27],[-79,19],[-23,-19],[-14,50],[-66,43],[-72,-54],[-50,94],[-60,-16],[-66,23],[-58,63],[-49,-9],[16,-12],[-25,-18],[-43,-4],[-8,27],[77,121],[-36,16],[2,70],[69,81],[44,116],[100,92],[24,85],[89,33],[5,186],[89,117],[240,178],[90,32],[100,92],[13,89],[104,91],[102,30],[60,78],[161,109],[33,-11],[24,44],[31,-15],[67,92],[140,9],[-17,92],[59,94],[119,30],[-4,94],[75,52],[48,-80],[38,2],[51,127],[58,9],[20,60],[92,50],[-3,-39],[32,0],[29,90],[70,23],[-32,78],[40,53],[77,-23],[-22,67],[83,9],[60,-63],[38,42],[-54,59],[13,49],[111,32],[51,-18],[106,-175],[1,-115],[39,-1],[-8,-74],[-44,0],[-13,-45],[64,-111],[-17,-77],[-64,-33],[-9,-80],[-92,-96],[-393,-716],[-22,2],[-5,-130],[-46,-63],[-22,9],[3,-53],[-49,-39],[2,-61],[-70,-131],[-48,-45],[-6,57],[-50,-63],[-40,-2],[-240,-605],[-74,-72],[-31,48],[-36,-11],[17,-39],[-34,-199],[-115,-235],[57,13],[-72,-191],[-99,-144],[-34,-10],[-2,-71],[-68,-113],[15,-79],[-32,-107],[46,-47],[-123,-163],[44,79],[2,110],[-57,19],[-81,-43],[-24,-130],[48,-73],[-37,-55],[44,-11],[-73,-75],[-4,34],[-31,-28],[-4,52],[-93,25],[-88,-14],[20,-5],[-92,-51]],[[27123,94982],[16,-51],[-27,21],[11,30]],[[26802,95003],[-7,-47],[-22,2],[29,45]],[[27251,95039],[-84,-110],[20,104],[64,6]],[[27449,95097],[-177,-307],[-61,12],[80,94],[64,158],[109,73],[-15,-30]],[[27297,95077],[-26,-1],[32,84],[126,166],[28,-36],[-160,-213]],[[26483,95439],[27,-6],[-15,-51],[-33,41],[21,16]],[[26079,95564],[27,-66],[46,-24],[-37,-79],[78,-170],[-9,-106],[-66,-19],[-36,37],[-147,-147],[-63,19],[-138,-27],[-26,24],[-35,-27],[-139,41],[-50,130],[72,116],[46,-17],[52,50],[16,125],[240,100],[12,28],[79,5],[27,54],[51,-47]],[[27079,95681],[-30,15],[35,48],[22,-20],[-27,-43]],[[25746,95746],[29,-12],[-4,-31],[-41,-27],[16,70]],[[26754,96017],[-4,-24],[46,50],[100,-97],[-14,-191],[28,-3],[9,-41],[-9,-45],[-189,-136],[-7,160],[-58,45],[43,213],[37,27],[-30,30],[20,42],[28,-30]],[[25078,96008],[-27,-75],[-154,-88],[147,180],[18,12],[16,-29]],[[25845,96129],[1,-44],[-66,-71],[-58,-12],[16,20],[-46,12],[46,65],[107,30]],[[27006,96173],[-9,27],[25,-17],[-16,-10]],[[25933,95987],[9,20],[14,-25],[-6,47],[72,124],[-11,-124],[-12,15],[-29,-25],[37,-2],[7,-68],[-59,9],[8,-34],[52,6],[-26,-181],[61,-55],[13,-57],[-107,-5],[-51,172],[-37,-70],[-56,16],[20,136],[46,-17],[0,35],[65,9],[-10,74]],[[26251,96198],[25,-13],[-18,-76],[-26,46],[19,43]],[[25781,96195],[16,-54],[-31,-21],[-36,38],[51,37]],[[25230,96176],[-19,-58],[-67,-30],[36,76],[50,12]],[[27775,96444],[-2,-4]],[[27773,96440],[1,3]],[[27774,96443],[1,1]],[[25494,96293],[-23,-63],[-91,-11],[-73,-58],[-49,-2],[-4,57],[53,77],[30,-9],[21,34],[109,33],[32,-20],[-5,-38]],[[25565,96378],[-43,-65],[4,44],[39,21]],[[26017,96408],[18,-36],[-40,-5],[-7,35],[29,6]],[[26623,96437],[-13,-64],[-20,40],[33,24]],[[26623,96437],[44,99],[70,56],[21,-96],[-44,-123],[-76,-15],[-15,79]],[[26477,96668],[70,-82],[-20,-161],[88,-61],[3,-56],[31,29],[15,-18],[-82,-355],[-65,-78],[53,-45],[-46,-120],[22,14],[11,-69],[-30,39],[-20,-21],[61,-94],[-33,-170],[-22,37],[-76,5],[-40,62],[-19,210],[-44,4],[-31,45],[16,74],[-77,26],[43,109],[-8,93],[60,89],[39,139],[-47,72],[14,61],[55,128],[51,24],[28,70]],[[20738,96619],[-43,5],[17,45],[26,-50]],[[26859,97016],[-13,-27],[-31,11],[44,16]],[[26326,97018],[21,-20],[-21,18],[-2,-36],[37,14],[-10,-40],[-65,20],[-30,-26],[20,67],[50,3]],[[20273,96693],[20,-24],[-43,15],[23,9]],[[20220,96737],[51,-23],[-39,-33],[-63,33],[51,23]],[[20206,96828],[-51,-16],[17,43],[34,-27]],[[19855,96942],[8,-54],[-29,47],[21,7]],[[19300,96911],[35,-28],[-32,0],[9,-34],[-58,49],[46,-13],[0,26]],[[19930,97013],[-39,-68],[-8,40],[47,28]],[[26264,97374],[8,-39],[-34,-5],[-71,-112],[-20,53],[33,56],[84,47]],[[19932,97084],[18,-13],[-40,-2],[22,15]],[[26920,97493],[-24,-45],[-5,39],[29,6]],[[20023,97120],[77,5],[27,-36],[58,1],[-68,-216],[-87,23],[17,20],[-36,16],[23,48],[-44,-19],[-20,-62],[-28,5],[1,42],[-31,-21],[24,69],[65,38],[-16,56],[38,31]],[[26692,96754],[26,-8],[-9,-69],[-87,-95],[-39,7],[-73,106],[8,41],[-25,6],[36,0],[-43,86],[38,141],[-73,47],[-79,-10],[10,25],[-39,43],[63,30],[-13,28],[89,168],[149,90],[19,49],[20,7],[-15,-45],[54,-6],[8,-62],[77,44],[-46,-73],[2,11],[-48,-21],[-2,-35],[13,35],[23,9],[-17,-51],[77,77],[8,-44],[10,81],[4,-21],[33,21],[8,49],[48,-5],[78,107],[-21,-170],[-68,-165],[10,-47],[-61,-48],[-41,26],[-85,-115],[98,-35],[-26,-55],[36,-102],[-70,-34],[-16,30],[-49,-48]],[[26961,97555],[-41,-54],[-10,16],[51,38]],[[26912,97606],[-8,-47],[-32,0],[11,46],[29,1]],[[23419,97452],[1,-3]],[[23420,97449],[-1,3]],[[19486,97221],[-24,-18],[0,26],[24,-8]],[[21102,97470],[-39,23],[24,11],[15,-34]],[[21416,97665],[22,-6],[-15,-24],[-7,30]],[[24470,97869],[-40,6],[32,24],[8,-30]],[[20091,97703],[-58,-94],[6,79],[33,3],[-5,31],[24,-19]],[[26648,98118],[-19,-11],[-2,21],[21,-10]],[[19204,97816],[-22,-3],[11,20],[11,-17]],[[19913,97863],[36,-21],[-34,-83],[3,-109],[-62,-66],[-133,-257],[-130,-118],[-133,59],[-31,-13],[5,40],[-32,2],[-2,41],[62,10],[-6,24],[108,59],[2,47],[27,9],[-7,57],[-73,67],[36,80],[108,47],[59,73],[20,-15],[36,32],[90,6],[32,42],[19,-13]],[[19264,97846],[-19,-21],[-23,20],[42,1]],[[26826,98358],[0,-35],[-30,24],[30,11]],[[27362,98836],[-18,-15],[10,44],[8,-29]],[[27705,99002],[90,-66],[-79,-18],[4,-108],[-43,-6],[-75,-74],[-37,-87],[-100,-83],[7,-48],[-36,-53],[-60,-14],[15,-44],[-145,-194],[-74,-36],[54,123],[-34,-4],[-1,28],[-46,-25],[-14,54],[-214,-25],[55,159],[81,19],[-13,84],[84,2],[-17,89],[35,66],[108,20],[73,-29],[37,59],[75,42],[7,-42],[56,-5],[88,52],[10,55],[56,0],[53,109]],[[28308,99458],[-31,19],[19,38],[33,-24],[-21,-33]],[[26808,99499],[-62,-52],[67,71],[-5,-19]],[[20262,99155],[61,73],[19,-48],[-39,-90],[-41,65]],[[21977,99330],[8,-25],[-101,-87],[-22,-65],[-17,39],[26,27],[-27,53],[133,58]],[[27566,99755],[-22,17],[25,9],[-3,-26]],[[21811,99493],[15,-22],[-28,5],[13,17]],[[20990,99449],[44,-24],[-21,31],[39,-12],[55,-47],[-17,-54],[-32,5],[-29,-34],[-68,56],[-6,88],[35,-9]],[[19071,99413],[-1,0]],[[19070,99413],[-17,-55],[-16,26],[31,51],[3,-22]],[[21217,99563],[-8,-28],[-41,10],[43,38],[6,-20]],[[22511,99677],[77,-2],[45,-42],[-38,-68],[-86,-14],[-90,34],[28,54],[64,38]],[[27532,99932],[-65,-37],[14,37],[51,0]],[[27610,99950],[28,-35],[-44,-21],[29,33],[-15,15],[-50,-48],[52,56]],[[19167,99576],[-90,-115],[20,80],[71,54],[-1,-19]],[[20599,99729],[10,-21],[-31,-19],[21,40]],[[27009,100089],[38,-14],[-44,-45],[-139,-52],[145,111]],[[21937,99924],[28,-54],[-60,53],[32,1]],[[21859,99968],[8,-18],[-30,19],[22,-1]],[[20763,100083],[77,10],[65,-124],[73,89],[22,-31],[53,37],[17,-24],[-69,-131],[-96,-62],[7,-57],[-58,-56],[-32,59],[3,78],[-70,-21],[-22,-53],[-16,52],[-66,-26],[-14,56],[-5,-54],[-32,15],[-10,146],[31,-12],[14,45],[18,-47],[31,52],[-27,59],[106,0]],[[21319,100129],[142,-57],[59,-65],[37,21],[59,-105],[100,-22],[16,-46],[33,7],[-17,55],[29,34],[59,-39],[41,-107],[41,4],[-21,47],[50,8],[-2,-61],[29,-18],[-21,-22],[26,4],[12,-36],[36,48],[29,-86],[-111,-25],[9,-44],[-32,4],[-27,-54],[-250,48],[-95,-42],[46,0],[-1,-50],[-10,20],[-82,-21],[26,57],[-64,-24],[5,84],[22,6],[-23,61],[-82,-50],[-27,32],[-38,-6],[-16,-55],[-53,26],[-90,-44],[7,33],[-52,28],[38,24],[-134,36],[-81,63],[120,201],[42,23],[6,48],[47,20],[99,-55],[26,18],[-4,85],[42,-11]],[[20614,100087],[26,-62],[-71,49],[23,28],[22,-15]],[[28057,100437],[-17,-10],[19,60],[49,26],[-51,-76]],[[19604,100077],[30,-68],[-70,-91],[4,-44],[-62,-43],[-21,24],[65,77],[-7,69],[61,76]],[[19593,100110],[-35,-26],[52,57],[-17,-31]],[[23966,100396],[4,2]],[[23970,100398],[-4,-2]],[[19667,100169],[-9,-20],[4,56],[5,-36]],[[28519,100686],[46,-4],[7,-31],[-72,-125],[-88,11],[-4,33],[-98,-66],[81,117],[128,65]],[[19889,100277],[-17,-47],[-38,-6],[-7,23],[-22,-39],[-2,56],[24,22],[4,-27],[15,71],[43,-53]],[[19993,100428],[1,-23],[-22,7],[21,16]],[[27897,100906],[-29,4],[37,39],[-8,-43]],[[28157,100977],[-28,-1],[42,50],[-14,-49]],[[28222,101021],[-37,-33],[47,53],[-10,-20]],[[28333,101039],[-55,-139],[-459,-495],[-64,-146],[-117,-161],[-232,-126],[-167,-215],[-17,15],[-290,-230],[-102,-4],[197,220],[37,344],[26,15],[4,-54],[317,181],[33,83],[43,18],[-12,-35],[27,5],[17,57],[173,175],[93,126],[-26,10],[102,89],[13,51],[108,44],[9,53],[-52,6],[6,68],[73,5],[13,-103],[73,29],[-17,-47],[170,149],[65,35],[11,-23]],[[28401,101045],[-13,-13],[22,37],[-9,-24]],[[16563,100449],[4,-19],[-19,33],[15,-14]],[[14460,100504],[26,-32],[-37,13],[11,19]],[[28682,101564],[66,5],[-94,-234],[-51,-24],[-60,106],[12,70],[127,77]],[[35629,93852],[-40,-210],[-131,-231],[-37,-151],[16,-84],[163,-290],[-80,-92],[-168,-62],[63,-50],[-68,-60],[-199,81],[-61,-81],[49,-23],[-15,-30],[20,-12],[141,17],[-36,-83],[70,-29],[80,-89],[63,44],[-8,-62],[37,-64],[-94,-126],[200,-218],[-65,-172]],[[35529,91775],[-119,71],[-89,9],[-122,61],[-66,65],[-104,-28],[-78,59],[-74,130],[-41,5],[-19,-41],[-98,-18],[-29,77],[38,42],[82,-32],[55,38],[-95,71],[18,72],[-60,121],[-64,-9],[-54,29],[-92,102],[-81,18],[-34,-22],[12,31],[-154,35],[-66,36],[-5,56]],[[34190,92753],[-79,33],[-18,-37],[13,27],[-30,-3],[-50,59],[-61,-23],[28,62],[-32,98],[-98,115],[-71,175],[-55,62]],[[33737,93321],[-61,78],[26,165],[-79,42],[-28,173],[-65,5]],[[33530,93784],[-43,-316],[142,-381],[170,-311],[94,-5],[-6,-68],[46,-55],[-15,-55],[41,14],[30,-24],[85,49],[37,-33],[25,-63],[-34,-61],[39,-37],[-3,-39],[-110,12],[-67,-46],[-98,-6],[-38,-40],[-128,42],[-151,-27],[-161,101],[-6,210]],[[33379,92645],[-114,140],[-3,367],[-25,70],[-59,31],[-37,74],[10,132],[260,598],[44,26],[57,211],[116,89],[53,83],[76,269],[205,333],[63,177],[100,158],[183,133],[36,111],[-17,56],[-28,-4],[-103,-148],[-126,-60],[-39,-44],[13,-41],[-35,5],[10,-28],[-43,2],[-50,-151],[-49,-47],[-26,-86],[-229,-386],[-47,-264],[-62,-5],[-74,-84],[-127,-266],[-95,62],[-90,-7],[-36,78],[-41,216],[65,146],[12,145],[-37,124],[-125,211],[-2,82],[-53,21],[11,30],[-101,-148],[155,-270],[-16,-195],[-62,-68],[-22,-149],[19,-100],[82,-128],[62,-15],[36,-73],[114,-57],[15,-116],[-213,-421],[-116,-65],[-25,-44],[60,-98],[6,-188],[66,-186],[-34,-92],[71,-251],[-21,-208],[-169,47],[-29,33],[-70,0],[-72,79],[-113,58],[-110,121],[32,-53],[-17,-16],[-7,36],[-13,-29],[14,-15],[-22,-4],[39,0],[20,19],[19,-63],[-4,-41],[-23,17],[5,-27],[-23,-14],[-2,26],[-30,-37],[17,-45],[149,-133],[76,-6],[39,29],[154,-107],[44,-70],[-14,-158],[-128,-146],[36,-76],[-120,-28],[-7,-49]],[[32668,91680],[-17,-161],[-72,-145],[-52,-335],[-215,-311],[-30,-232],[-46,-11],[-35,50],[-285,15],[-1,33],[-48,18],[-75,9],[-35,-33],[7,30],[-36,2],[21,22],[-48,0],[39,166],[-21,-1],[-42,137],[-18,254],[-65,197],[17,106],[-16,60],[-9,-16],[-18,22],[-74,304],[-132,145],[-114,39],[-79,109],[-90,344],[-64,78],[39,-6]],[[31054,92569],[-10,151],[-29,-15],[-2,22],[-43,-61],[-14,-111],[95,-264],[6,-128],[63,-118],[47,-24],[21,-69],[84,-61],[99,-238],[77,-487],[-33,-126],[-96,-3],[-205,58],[-184,205],[-53,20],[-81,93],[-45,-4],[-26,64],[-60,29],[-32,59],[-106,6],[0,80],[-37,23],[-20,-23],[-7,89],[-38,50],[42,140],[-37,186],[52,51],[-51,89],[16,50],[-8,60],[20,2],[-21,3],[-1,-20],[-13,8],[9,-27],[-17,21],[-37,-23],[-10,32],[31,18],[-35,-15],[14,-41],[38,24],[19,-30],[-46,-26],[-45,-152],[18,-94],[-49,-300],[73,-119],[-29,-36],[14,-31],[-30,4],[-71,-240],[-78,-2],[-179,-178],[-48,-152],[144,-271],[109,-303],[42,-1],[1,-178],[59,-70],[15,-80],[-36,-116],[-37,-12],[-30,29],[-32,-23],[-87,172],[-211,41],[-19,129],[-41,38],[-115,26],[13,-76],[-102,-9],[-26,29],[-24,-21],[-38,32],[14,99],[-36,9],[-40,-39],[-64,8],[42,-29],[-24,-27],[-95,10],[1,26],[70,20],[-112,27],[71,184],[-16,36],[-46,-17],[43,73],[-18,6],[-33,-79],[-31,68],[61,38],[-84,29],[-1,-27],[-33,1],[34,38],[-15,38],[-52,45],[-54,-41],[15,57],[-38,9],[-5,31],[-30,-34],[-37,3],[18,139],[-57,21],[73,83],[-60,55],[31,136],[39,37],[-19,-42],[19,3],[26,20],[-10,15],[-3,-23],[-13,-9],[22,60],[30,-12],[-34,15],[-9,-16],[0,30],[-42,5],[-14,33],[23,95],[40,25],[-22,100],[145,260],[-22,43],[-1,-60],[-35,106],[-71,19],[-46,91],[-1,81],[74,113],[-29,198],[71,47],[10,83],[44,66],[88,18],[43,62],[99,154],[-6,59],[80,151],[-5,77],[47,124],[171,178],[-9,38],[39,33],[10,59],[182,155],[10,44]],[[29964,93855],[200,173],[44,103],[55,42],[33,6],[37,35],[-38,-30],[-10,33],[-37,-2],[22,88],[-33,21],[72,195],[157,98],[175,62],[112,-21],[447,276],[194,176],[-37,119],[118,323],[94,121],[-15,26],[259,255],[231,118],[110,13]],[[32154,96085],[166,103],[96,114],[126,58],[57,99],[30,-36],[199,267],[-30,-27],[-79,5],[-169,-177],[-167,-66],[-266,-187],[-99,4],[-316,-134],[-18,139],[32,78],[-30,38],[71,99],[1,31],[-8,-16],[-18,23],[21,8],[-8,4],[-17,-15],[-54,-96],[26,-100],[-75,1],[-141,-160],[-17,37],[11,-41],[-30,-47],[29,-15],[-46,-50],[-17,-74],[-114,-86],[-36,-151],[-89,-86],[-20,-81],[-33,44],[44,-190],[-101,-243],[-252,-212],[-52,15],[-107,-27],[-89,-81],[-60,24],[-98,-35],[-210,-167],[-88,-114],[-18,16],[-76,-59],[-1,-64],[-25,20],[-42,-38],[-96,-146],[-11,-101],[24,-11],[-58,-72],[29,-55],[-231,-125],[-79,-140],[-45,-220],[-44,-13],[-28,-48],[-85,-53],[-48,15],[-32,64],[31,25],[-29,17],[26,42],[-101,3],[-35,-86],[15,-36],[78,-41],[-138,-129],[42,-88],[-9,-186],[-48,-51],[-28,-93],[-66,4],[-28,54],[-60,-45],[-22,-102],[-156,-200],[2,77],[-54,-46],[-35,40],[-98,-102],[-16,86],[-131,46],[-20,46],[-26,-14],[-27,353],[-87,52],[7,-43],[23,12],[-34,-28],[-63,-257],[34,-60],[-18,-14],[26,2],[-64,-67],[51,-377],[-47,-78],[36,-52],[-45,-39],[57,-124],[-5,-84],[97,-51],[48,-120],[69,-567],[26,-29],[-14,-163],[37,-90],[65,28],[48,-61],[-7,-23],[-87,47],[82,-200],[74,-93],[-92,-38],[-5,45],[-76,-111],[100,44],[163,-61],[21,-77],[144,-155],[93,-192],[141,-108],[65,-126],[13,-119],[57,-48],[50,-157],[-4,-103],[40,-87],[-14,-144],[-100,-161],[-151,36],[-52,-14],[-23,-57],[-118,-89],[-185,-87],[-57,0],[0,21],[-15,-49],[-102,-96],[-29,-104],[-96,-41],[-40,-98],[-74,-65],[-143,-225],[37,-53],[-18,-57],[26,-38],[-26,-145],[-101,-75],[34,-53],[-107,-323],[-9,-110],[-82,-53],[-41,-66],[64,-131],[2,-159],[-24,-48],[31,-73],[-5,-160],[44,-132],[105,-80],[-4,-61],[-49,-19],[46,-44],[11,-92],[-34,-30],[-48,4],[8,-54],[-29,170],[-153,-52],[27,84],[-35,5],[33,-5],[-43,-71],[23,-93],[-75,-108],[59,-46],[-46,-142],[18,-59],[-21,-77],[42,-121],[-3,-107],[-125,-42],[-4,-189],[-71,-142],[51,-78],[-77,-56],[20,-29],[-16,-84],[44,-18],[-57,-8],[-8,-33],[-48,-18],[11,-57],[-72,-32],[-46,-83],[-39,13],[20,-16],[-61,-65],[-11,-275],[-36,-34],[8,-55],[-35,14],[-21,-41],[41,-115],[-68,13],[-84,-103],[-119,-54]],[[26984,83900],[-53,49],[-108,11],[-39,-42],[177,-184],[133,9],[47,60],[105,-8],[92,-230],[104,-94],[111,-409],[-38,-131],[-114,-181],[-101,-104],[-57,-106],[-85,-69],[-2,-96],[-401,-252],[-98,-10],[-193,39],[-8,29],[10,-38],[-36,-24],[-8,44],[-65,21],[-98,-41],[-148,3],[-92,-27],[52,33],[-25,-1],[-28,-15],[2,-38],[-32,-29],[-59,-6],[-163,-146],[-102,-43],[-42,20],[-223,-44],[-326,159],[-54,173],[55,153],[-26,86],[34,65],[2,155],[-64,106],[49,75],[-26,56],[21,77],[-40,39],[68,65],[-22,97],[50,120],[-26,123],[182,184],[18,69],[160,89],[44,159],[39,-31],[83,6],[57,14],[61,69],[7,-28],[79,428],[15,397],[-23,107],[26,106],[-31,208],[9,171],[71,161]],[[25891,85508],[11,150]],[[25902,85658],[-24,175]],[[25878,85833],[-75,234],[3,154],[199,134],[16,128],[39,36],[27,129],[-17,122],[44,16],[17,153],[52,99],[-14,95]],[[26169,87133],[39,260]],[[26208,87393],[57,175],[-118,220],[344,216],[153,196],[198,405],[-34,56],[46,7],[104,110],[9,111],[118,175],[145,3],[249,226],[80,41],[52,140],[96,27],[73,62]],[[27780,89563],[23,53],[27,-33],[54,40],[6,28],[-44,16],[22,24],[24,-36],[-2,56],[85,77],[13,60],[-40,15],[62,118],[41,9],[1,42],[43,15],[10,59],[64,12],[-34,156],[131,152],[-6,36],[-38,11],[-93,-109],[-1,-39],[-46,-12],[23,-12],[-33,-116],[-46,-68],[-27,-26],[-6,45],[-61,-21],[-97,-256],[-8,19],[-35,-45],[-65,-6],[-172,-226],[-25,-79],[-81,-45],[-94,-124],[-65,-12],[-81,-84],[-165,-76],[37,47],[-4,51]],[[27077,89279],[-68,-31],[-20,-83],[-76,-97],[-153,-87],[-76,-11],[8,171],[124,83],[-116,-19],[6,34],[-29,-5],[-40,57],[11,41],[99,71],[-16,53],[47,-20],[-42,30],[14,23],[-191,-113],[-92,-12],[-155,166],[-58,22],[-4,90],[-32,12],[12,96],[-37,21],[75,209],[-1,298],[68,83],[43,187],[219,274],[15,71],[-46,-5],[83,68],[-21,80],[62,69],[64,150],[31,45],[163,80],[7,87],[122,117],[-1,49],[-36,5],[33,4],[-42,20],[72,-29],[-36,32],[26,14],[-26,3],[-2,-26],[-50,24],[-189,-172],[-21,24],[-64,-19],[-57,-82],[-38,-1],[-36,-98],[-10,30],[-68,-62],[-2,-54],[-49,-11],[-75,-151],[9,53],[-109,-26],[-157,-237],[-69,-3],[17,59],[-1,0]],[[26096,90930],[-9,44],[-30,9],[-1,60],[49,73],[2,66],[-64,55],[75,187],[-16,36],[139,291],[-1,56],[224,237],[66,151],[114,121],[36,146],[138,211],[61,67],[27,-14],[121,53],[113,234],[-30,13],[-92,-142],[-13,25],[-127,-115],[18,80],[-58,-56],[32,50],[-1,0]],[[26869,92868],[126,163],[36,24],[11,-33],[25,7],[22,41],[-55,-6],[81,143],[-200,-170],[69,131],[-48,3],[-16,-68],[-50,-62],[-5,-40]],[[26865,93001],[-28,-49],[-17,-7],[25,31],[-44,-28],[-18,25],[-42,-30],[197,275],[11,71],[71,72],[7,52],[-107,-114],[-67,-163],[-139,-188],[-59,-12],[-10,37]],[[26645,92973],[-64,-69],[41,-15],[20,33],[-7,-25],[86,-28],[-164,-253],[-60,-169],[-104,-124],[-87,11],[71,90],[120,355],[-91,-190],[-43,3],[-37,-154],[-75,-115],[11,-54],[-26,30],[10,-56],[-63,24],[18,-90],[43,24],[-2,41],[97,-3],[-120,-203],[-31,-34],[1,33],[-94,-128],[-47,9],[49,145],[48,55],[-100,-71],[-10,-39],[-57,-22],[-18,18],[-51,-40],[-92,-160],[86,191],[-1,24],[-20,-18],[28,55],[-34,-16],[13,44],[249,365],[-2,18],[-88,-103],[196,390],[31,36],[27,-9],[37,110],[-18,38],[97,101],[70,-29]],[[26488,92999],[10,95],[-46,-6],[43,106],[-15,44],[84,149],[-36,-32],[5,18],[145,175],[1,-63],[90,207],[154,193],[31,81],[73,-1],[79,-60],[60,61],[65,-10],[49,-67],[-30,-73],[31,-34],[164,-80],[69,-63],[-50,47],[95,-2],[31,24],[-45,38],[3,26],[47,-17],[22,18],[-57,12],[-18,-9],[-6,-27],[30,-53],[-103,18],[0,20],[-13,-24],[-35,75],[42,61],[-12,19],[-69,18],[-70,-37],[97,173],[39,20],[-9,60],[-30,26],[-44,-12],[19,28],[-24,16],[-137,-55],[63,148],[-34,-24],[5,35],[-22,4],[-81,-96],[23,60],[-71,9],[-4,59],[176,373],[3,72],[60,45],[214,344],[-24,86],[53,88],[110,84],[-61,76],[1,1]],[[27628,95466],[-154,-45],[-55,-90],[-114,-94],[-46,-98],[-181,-159],[-77,-28],[22,-44],[-32,-124],[-98,-51],[-1,-66],[-57,-83],[-70,-43],[-15,26],[-59,0],[96,175],[140,155],[-59,0],[-52,-96],[-22,18],[63,181],[-41,12],[15,33],[43,58],[75,27],[-16,15],[28,27],[-43,12],[18,74],[36,62],[33,-9],[34,44],[40,172],[65,60],[22,70],[29,1],[-7,39],[-24,-7],[6,48],[-58,24],[64,41],[-40,-44],[63,-24],[24,50],[-38,13],[26,26],[20,5],[3,-53],[106,87],[-46,24]],[[27294,95887],[-21,172],[-79,50],[-48,-30],[-36,53],[11,33],[74,38],[56,-29],[68,21],[60,83],[61,-12],[32,36],[-12,41],[34,6],[23,-51],[82,6],[-1,66],[39,52],[75,43],[62,-22]],[[27774,96443],[-1,-3]],[[27775,96444],[56,-19],[19,28]],[[27850,96453],[-131,106],[35,100],[-13,-25],[-87,23],[-108,-160],[-3,41],[-44,12],[-108,-77],[-236,42],[-174,-188],[-61,31],[-65,-22],[-28,81],[60,122],[-10,77],[126,249],[-5,40],[-44,12],[-61,-82],[43,240],[-15,124],[19,-6],[49,127],[-18,48],[46,246],[203,213],[47,16],[30,-63],[27,3],[37,84],[162,-149],[-12,42],[82,0],[116,134],[259,28],[145,104],[74,19],[26,56],[-11,27],[-91,5],[-125,-80],[-17,-60],[-92,-49],[-143,38],[24,50],[22,21]],[[27780,98053],[-2,-3]],[[27778,98050],[2,-3]],[[27780,98047],[0,6]],[[27780,98053],[-54,-15]],[[27726,98038],[6,-30],[-145,-112],[-20,-71],[-47,-33],[-29,12],[-27,113],[-76,8],[9,36],[-34,48],[85,165],[-39,1],[-3,26],[92,78],[-23,46],[-39,-14],[60,56],[-1,51],[83,80],[-3,53],[66,41],[28,71],[125,72],[45,57],[51,-12],[48,32],[-119,201],[34,65],[-12,83],[14,16],[18,-41],[50,20],[45,38],[36,117],[121,83],[68,2],[-8,30],[34,30],[47,-18],[-30,-16],[-11,-56],[-12,19],[-33,-30],[47,-22],[120,57],[36,-12],[1,33],[64,39],[6,-83],[59,15],[22,37],[64,-14],[55,48],[53,-22],[168,9],[143,78],[84,-53],[16,-57],[43,17],[30,-46],[44,11],[81,98],[28,-68],[116,44],[33,-39],[69,-17],[18,-56],[97,76],[51,-49],[-12,80],[32,32],[161,-309],[85,7],[16,-24],[49,20],[-20,30],[46,69],[-7,-45],[51,-18]],[[30129,99221],[21,12],[-62,12],[27,38],[86,6],[92,51],[63,-15],[65,21],[180,151]],[[30601,99497],[64,62],[-23,41],[74,102],[190,74],[-56,30],[-21,49],[75,84],[-7,35],[129,-2],[30,-33],[-6,32],[-81,35],[74,89],[18,93],[127,127],[65,241]],[[35381,101871],[146,-12],[110,-159],[99,-69],[88,-171],[49,-182],[94,-50],[-17,-44],[-53,29],[-87,-12],[-103,54],[-59,-4],[-30,33],[-116,-103],[-253,-29],[-65,-102],[-110,16],[-183,-137],[-88,-3],[-48,-45],[0,-136],[152,-20],[113,-113],[70,35],[51,-128],[10,-110],[-50,-121],[-157,-160],[-89,-145],[136,-162],[193,-12],[86,-45]],[[15350,100482],[111,31],[37,-31],[10,-64],[106,-9],[133,99],[-11,48],[26,17],[-20,26],[47,13],[23,-27],[-2,26],[56,-5],[3,38],[87,29],[27,55],[61,20],[42,-23],[29,56],[18,-21],[73,8],[80,-112],[88,36],[-16,53],[27,-60],[67,-2],[52,97],[85,18],[-20,38],[21,-19],[14,38],[21,-7],[10,105],[33,26],[107,-189],[42,-28],[55,27],[21,-15],[47,-118],[-3,-54],[-26,3],[31,-32],[-26,-5],[6,-40],[-13,24],[-44,-50],[-19,23],[7,-27],[-77,83],[2,-47],[-43,6],[-5,-32],[-15,23],[-10,-30],[-33,57],[-37,-17],[27,-56],[-38,28],[-40,-44],[-134,77],[-214,-58],[-71,-92],[-20,-83],[60,2],[17,-36],[81,-24],[10,-38],[-61,-26],[-7,-60],[-27,21],[21,-30],[-55,-32],[27,-53],[-17,-34],[-40,-6],[14,-40],[-48,-12],[-37,46],[-29,-20],[-13,23],[-26,-37],[-31,44],[-28,-39],[-58,39],[-29,-68],[-32,79],[-171,-23],[-91,-47],[0,-60],[-37,-51],[-95,-49],[25,5],[-57,-104]],[[15411,99683],[32,-20],[-9,-63],[34,-77],[-31,-142],[53,-35],[-33,-44],[-171,-75],[-15,27],[-43,-13],[-1,28],[-32,-18],[-94,17],[-91,208],[-66,29],[-138,-5],[-54,-103],[-67,2],[-13,112],[24,6]],[[14696,99517],[7,49],[27,-7],[-11,23],[49,61],[-70,79],[-2,81],[29,44],[-31,35],[46,69],[-58,41],[18,100],[-43,49],[-43,-12],[17,53],[-60,14],[-49,-38],[-5,21],[43,51],[91,-10],[56,158],[50,5],[34,44]],[[14791,100427],[17,25],[97,-10],[35,46],[-27,31],[31,12],[-4,33],[27,-21],[14,32],[116,-13],[0,25],[20,-49],[71,-16],[88,68],[74,-34],[0,-74]],[[17757,101110],[9,-38],[-24,20],[15,18]],[[17745,101159],[32,-28],[-43,-21],[11,49]],[[17081,101146],[-2,-49],[-52,6],[-102,-71],[-68,3],[-3,42],[32,23],[44,-17],[64,63],[87,0]],[[17043,101199],[7,-30],[-30,21],[23,9]],[[31238,100665],[-100,-217],[-93,-129],[-84,-45],[-50,-96],[-24,52],[-55,-55],[-41,12],[-58,-47],[-17,18],[-47,-219],[-107,-93],[-6,-150],[-88,-80],[5,-80],[-246,-146],[-22,18],[-116,-32],[52,-15],[-69,-41],[-20,16],[28,46],[-133,58],[-108,143],[-56,-18],[-117,27],[-104,-63],[-88,45],[-73,-15],[-107,17],[-55,46],[-64,-9],[-52,64]],[[29123,99677],[-74,24],[-119,-23]],[[28930,99678],[-33,-35],[20,-84],[-45,-51],[-182,7],[-42,-38],[-8,20]],[[28640,99497],[-123,9],[58,142],[-44,241],[-72,120],[-118,52],[55,71],[11,109],[-35,-17],[-13,-110],[-91,-84],[-163,-264],[-44,-21],[67,150],[-3,50],[-30,6],[-134,-122],[5,26],[-36,-15],[19,60],[58,41],[-12,36],[40,57],[39,-9],[52,56],[-35,15],[-17,-24],[27,47],[66,44],[-56,-14],[125,255],[42,44],[23,-18],[-30,-12],[38,-31],[39,22],[52,119],[69,-17],[7,-72],[73,77],[21,-8],[-8,-131],[103,-47],[3,-50],[118,15],[102,85],[52,-48],[46,22],[-19,38],[39,35],[71,-22],[85,25],[0,1]],[[29162,100431],[38,62],[40,9]],[[29240,100502],[5,36],[92,26],[26,53],[-1,-29]],[[29362,100588],[9,-24],[77,217],[35,-7],[33,57],[155,-41],[231,67],[37,71]],[[29939,100928],[-33,66],[51,44],[3,59],[48,-28],[52,22],[-52,-19],[-46,32],[-106,-115],[-277,-138],[-111,12],[-27,37],[-185,-49]],[[29256,100851],[-115,-165],[-268,-201],[-66,83],[-74,-81],[8,41],[-45,12],[-3,38]],[[28693,100578],[4,58],[-56,-3],[-24,64],[27,86],[-49,4],[-163,-72],[102,151],[-46,34],[-85,-73],[-11,16],[55,92],[78,39],[-19,68],[151,123],[49,-26],[-43,-115],[59,76],[126,21],[-112,71],[-2,83],[-48,-12],[34,98],[22,-56],[65,167],[93,124],[23,98],[315,254]],[[18376,101528],[-24,-22],[-3,22],[27,0]],[[22900,102013],[105,-85],[43,-106],[-81,20],[-58,54],[10,49],[19,-9],[-38,77]],[[18714,101782],[12,-27],[-34,-9],[17,-25],[-22,6],[-5,-39],[-13,79],[45,33],[0,-18]],[[23970,100398],[33,-23],[182,79],[394,-15],[48,-17],[77,-90],[21,-67],[120,-45],[9,166],[78,-44],[90,-7],[37,28],[49,-21],[64,-128],[121,-88],[-19,-10],[1,-23]],[[25275,100093],[2,20],[12,-14],[-11,-38],[36,-13],[25,-83],[156,-47],[81,-65],[93,0],[30,53],[80,0],[78,-112],[-38,-43],[113,-100],[43,33],[113,-146],[43,-5],[-44,-134],[78,33],[-11,-41],[124,-46],[30,18],[8,120],[43,-10],[57,-143],[-45,-338],[-8,19],[-25,-38],[-47,59],[-34,-25],[-56,43],[55,59],[-31,35],[-41,-6],[-44,41],[4,40],[-41,6]],[[26103,99225],[11,-22],[-20,16],[-42,-58]],[[26052,99161],[-20,-86]],[[26032,99075],[-51,-44],[9,-50],[62,56],[12,105],[91,0],[-24,-15],[33,-80],[-6,-134],[67,54],[12,-90],[29,-15],[53,51],[8,-50],[32,8],[-90,-243],[-41,-15],[27,-52],[-22,-87],[-112,-103],[-56,52],[-206,1],[-72,53],[-6,125],[26,23],[-19,57],[54,32],[-17,27],[32,80],[-76,20]],[[25781,98841],[-37,-2],[-14,-77],[-51,29],[1,47],[-77,-46],[-86,29],[23,-71],[86,-27],[34,-54],[1,-111],[-92,-70],[-108,48],[-31,-202],[-86,-67],[-3,-32],[-215,-104]],[[25126,98131],[-20,-21],[82,-19],[258,75],[242,184],[266,27],[70,-42],[-43,-161],[-93,-144],[-48,-10],[-76,-79],[-70,-16],[-35,-71],[-92,-61],[-34,-59],[-260,-125],[-33,-50],[-63,-19],[-7,-35],[-65,-4],[-129,-102],[-186,-45],[22,-48],[-51,-33],[-356,62],[-126,101],[100,42],[112,109],[13,74],[39,13],[-17,42],[101,35],[28,45],[-39,26],[43,20]],[[24659,97842],[-18,49],[-105,43]],[[24536,97934],[-59,-30],[-13,33],[-77,19],[-36,-49],[-89,4],[-10,-56],[-33,-1]],[[24219,97854],[-127,-112]],[[24092,97742],[-136,-223],[-104,-100],[-159,-33],[-274,66]],[[23420,97449],[-22,-63],[-134,-103],[-5,-30],[-355,-258],[-105,-6],[-191,155],[-70,-67],[-82,-19],[-267,0],[-143,-185],[-22,22],[13,47],[-108,-77],[-18,40],[-21,-8],[27,29],[-55,-14],[-25,47],[-73,-12],[-36,-53],[-45,54],[-20,-42],[-23,3],[28,45],[-15,20],[-56,-23],[-14,24],[-29,-37],[2,51],[-35,-56],[14,50],[-49,-41],[-1,20],[-21,-21],[-72,16],[-18,-66],[-22,23],[-32,-56],[-7,39],[-54,-21],[-19,41],[-96,18]],[[21144,96935],[-57,-37],[-29,-64],[13,-64],[-46,-60],[14,-30],[-37,-8],[16,-23],[-45,-27],[3,-54],[-71,14],[20,43],[-32,26],[47,14],[-7,51],[-71,-42],[-29,31],[-39,-56],[-127,70],[-7,-68],[-41,-39],[-51,27],[-7,35],[-12,-35],[-9,20],[-83,-14],[-64,75],[20,22],[-18,43],[36,8],[-12,32],[43,21],[-79,43],[-58,-60],[-45,24],[-34,-27],[-20,23],[15,146],[-43,15],[-4,53],[15,80],[39,17],[-24,13],[38,11]],[[20262,97184],[-42,34],[-28,-45],[-93,-18],[-32,27],[37,59],[-41,5],[33,30],[-108,-35],[45,27],[-14,38],[40,7],[-43,100],[23,85],[49,0],[-30,33],[32,142],[61,37],[10,58],[45,-5],[-13,29],[49,-21],[-23,56],[59,-19],[1,-28],[39,50],[200,-80],[39,31],[68,-50],[13,55],[74,-11],[71,-170],[13,114],[57,-46],[46,7],[0,-81],[52,-124],[-110,1],[-53,44],[-37,-6],[2,-39],[-70,1],[93,-37],[19,24],[86,-9],[63,-74],[90,33],[123,-17],[58,-49],[53,22]],[[21268,97369],[-56,21],[-49,74],[63,59],[-35,86],[-45,-60],[-23,9],[31,36],[-32,6],[-49,91],[44,68],[91,16],[108,-31],[57,-79],[33,-1],[17,-56],[24,-3],[-11,31],[56,-1],[-19,30],[57,9],[12,-45],[87,-35],[27,39],[95,-7],[-80,54],[69,47],[178,-63],[137,7],[-3,38],[114,27],[-9,77],[31,-32],[155,-4],[54,-32],[23,56],[94,12],[5,69],[118,34],[42,45],[239,54],[18,33],[84,29],[119,5],[-1,1]],[[23138,98083],[136,208],[-8,35],[-71,-33],[8,42],[-48,71],[16,32],[43,6],[14,-36],[17,15],[33,-35],[21,24],[-4,-47],[22,26],[6,-30],[44,-5],[100,24],[22,91],[-40,-18],[13,22],[-71,2],[-47,-60],[-70,105],[-105,-34],[-66,49],[-152,-78],[-136,-134],[-35,-73],[-46,6],[40,73],[-109,43],[-3,-71],[-65,-89],[-106,-28],[-77,-62],[-142,-26],[-48,30],[-106,-25],[-86,24]],[[22032,98127],[-238,-142],[-205,11],[-128,203],[25,68],[-20,56],[81,161],[43,13],[102,116],[116,48],[165,154],[4,63],[25,14],[-33,4],[60,86],[-1,52],[61,47],[-18,119],[68,22],[28,126],[94,45],[408,-54],[152,54],[114,180],[210,67],[82,150],[60,4],[52,109],[-67,146],[11,47],[54,-60],[-42,65],[-25,-9],[-28,39],[-56,-6],[-192,-175],[-174,-17],[-86,-65],[-140,-31],[-1,-23],[-186,0],[-175,-109],[-34,52],[-78,28],[-12,70],[-34,-30],[-31,28],[0,-33],[-56,21],[-15,65],[41,20],[21,-46],[-14,53],[70,64],[-53,27],[-14,40],[-35,-1],[7,66],[-52,40],[-171,45],[-14,53],[34,12],[-83,45],[-9,-60],[-39,9],[-47,92],[-38,7],[-4,-25],[-89,96],[-125,30],[-37,89],[-315,-45],[-25,-41],[-149,23],[-65,-17],[-23,19],[11,36],[-50,28],[-119,-9],[-52,56],[-160,17],[-64,57],[31,130]],[[20341,100816],[-7,71]],[[20334,100887],[35,72],[250,49],[-19,25],[23,26]],[[20623,101059],[143,198],[74,19],[-8,62],[-107,3],[-111,-66],[-83,15],[-14,229],[-45,51],[18,31],[-35,128],[51,-11],[19,-52],[35,-10],[49,46],[37,-23],[75,62],[103,-3],[64,-62],[39,35],[64,-5],[0,139],[45,0],[101,-81],[31,-8],[17,29],[38,-27],[33,-100],[6,97],[6,-50],[173,-138],[84,-140],[0,23],[70,-50],[19,29],[33,-59],[9,69]],[[21656,101439],[-197,118],[-60,107],[-68,44],[21,-3],[-9,36],[96,-59],[-96,85],[-37,83],[7,25],[18,-10],[-41,96],[31,35],[-15,143],[15,12],[15,-33],[50,35],[205,-160]],[[21591,101993],[-119,178],[85,-53],[-41,47],[48,59],[-5,50],[81,19],[54,-33],[147,6],[12,54],[43,8],[111,109],[71,-38],[70,0],[18,86],[106,-48],[0,-98],[40,-41],[136,-26],[103,-56],[166,2],[56,-61],[17,-98],[-40,-69],[-60,-36]],[[22690,101954],[158,-141],[42,56],[127,-80],[127,-188],[51,-147],[103,-108],[84,-9],[28,-31],[34,-81],[-39,-23],[-2,-50]],[[23403,101152],[78,-138],[2,43],[56,-58],[12,-162],[87,-140],[-29,-5],[7,-69],[-95,-23],[100,-21],[108,-181],[26,-3],[2,45],[54,3],[15,59],[77,-83],[63,-23]],[[18831,102814],[0,1]],[[18831,102815],[0,-1]],[[18860,102837],[-2,-2]],[[18858,102835],[2,2]],[[18860,102837],[-2,-2]],[[18858,102835],[3,-1]],[[18861,102834],[-30,-17],[20,42],[-21,17],[81,7],[-39,46],[53,-5],[45,-53],[5,44],[-50,21],[49,5],[-21,60],[60,-18],[11,-36],[74,33],[42,-35],[0,61],[41,10],[48,-41],[21,22],[23,-40],[43,3],[17,-42],[-5,-77],[-22,26],[-14,-15],[30,-88],[-34,17],[11,-73],[-110,-182],[0,-83],[-73,-59],[7,-33],[-58,-97],[-27,2],[2,-37],[-30,11],[15,-33],[-51,-77],[-7,-68],[-65,-14],[24,-51],[-55,-44],[-21,-59],[-108,104],[-73,120],[17,19],[-80,103],[75,-171],[20,-224],[-48,-46],[-34,8],[-2,-85],[-38,26],[-32,-53],[-25,36],[18,-51],[-20,-9],[-10,29],[-14,-21],[-31,-114],[-31,12],[-43,-34],[-17,57],[-44,-35],[-11,-123],[-54,18],[-48,-29],[-11,54],[-27,-15],[21,53],[-73,-93],[-28,19],[-68,-62],[-13,94],[-33,-101],[-49,-29],[-5,-78],[-14,86],[-42,-6],[-9,-44],[-20,16],[23,109],[-47,63],[11,38],[-25,-1],[-46,-55],[-9,-167],[-35,12],[-26,-85],[-81,6],[-6,34],[35,33],[-32,75],[-166,18],[-106,-40],[-29,-47],[19,-101],[-40,-32],[19,-68],[-35,15],[-21,-45],[-59,3],[-45,157],[-44,30],[-43,-7],[-1,68],[59,43],[73,-6],[90,107],[16,67],[50,7],[-11,18],[27,-19],[-2,-38],[41,-12],[139,42],[-27,107],[125,20],[44,193],[39,15],[-20,35],[55,0],[15,33],[59,-13],[58,64],[16,38],[-30,83],[46,94],[19,-18],[12,30],[25,-14],[23,24],[31,-18],[49,107],[101,14],[-20,60],[122,-13],[47,142],[72,4],[8,36],[40,-31],[41,12],[7,95],[12,-17],[11,30],[59,9],[6,43],[65,25],[-43,31],[20,27],[30,-17],[37,32],[64,-27],[7,90],[67,-47]],[[18831,102814],[30,20]],[[18861,102834],[-1,3]],[[19404,103126],[-2,-63],[-44,4],[6,46],[40,13]],[[19333,103200],[22,-30],[-31,11],[9,19]],[[47137,92453],[-13,-21],[-14,45],[22,35],[22,-8],[-17,-51]],[[46211,89860],[35,80],[-45,101],[-72,41],[-59,80],[17,24],[-98,71],[47,82],[-17,37],[35,23],[-44,45],[7,31],[64,75],[35,-6],[49,57],[30,-1],[-26,34],[-49,-15],[-76,127],[110,51],[-26,68],[120,85],[35,77],[-39,57],[30,32],[-297,-17],[-110,59],[-73,-15],[-17,45],[17,79],[47,4],[29,123],[48,63],[-29,95],[89,-3],[28,35],[-170,84],[-106,172],[130,0],[86,44],[-8,83],[-154,33],[11,115],[-54,128],[163,63],[-20,112],[47,11],[11,59]],[[45942,92488],[71,-5],[38,62],[-26,-56],[50,-23],[28,23],[-19,50],[24,-57],[148,-56],[113,27],[96,109],[123,43],[159,-134],[63,-113],[197,-59],[22,-26],[-18,-65],[51,108],[56,-49],[250,-1],[116,72],[142,-3],[33,51],[62,11],[-41,-11],[18,-31],[36,16],[-3,-80],[31,-6],[6,83],[-26,31],[27,-29],[-5,-83],[186,3],[12,63],[97,67],[34,-17],[-13,48],[220,-143],[38,-71],[103,-71],[30,-59],[189,-176],[178,-110],[161,-46]],[[37773,90663],[11,-140],[-65,-42],[-37,-83],[-142,15],[9,-80],[35,6],[69,-91],[-117,-336]],[[35488,91528],[372,-106],[134,20],[227,-27],[130,43],[100,-46],[123,60],[164,-51],[281,-293],[123,-80],[-13,21],[42,3],[-102,63],[115,-34],[127,-147],[-3,-120],[-43,-46],[-63,23],[-174,-51],[-41,-62],[-85,0],[-69,-62],[-55,65],[-29,-3],[85,-68],[4,-63],[0,66],[70,59],[78,-3],[53,66],[165,48],[68,-25],[36,30],[-34,-140],[-92,-89],[-43,-191],[41,-57],[-36,59],[35,44],[15,146],[103,112],[43,249],[92,-41],[-5,-18],[89,-17],[-3,-39],[40,12],[220,-175]],[[37354,92156],[35,-249],[102,-43],[9,-101],[-41,-21],[29,-68],[-27,-50],[8,-40],[76,-32],[-33,-56],[39,-107]],[[37551,91389],[-3,-33],[-69,-33],[8,-82],[-27,-10],[127,-159],[-29,2],[-42,-121],[-31,-12],[16,-18],[-62,-8]],[[37439,90915],[-87,48],[89,-34],[-63,54],[-54,3],[-10,62],[-25,-17],[-74,86],[-226,80],[68,31],[-70,-29],[-201,247],[-147,80],[-79,14],[45,-20],[-45,15],[-90,-25],[-38,6],[4,25],[-80,-16],[-16,39],[-210,6],[-36,36],[-102,26],[7,42],[-11,-51],[-50,-20],[-8,110],[-89,17],[12,112],[-44,27],[42,90],[-37,65],[22,38],[36,-15],[4,27],[-15,12],[-25,-10],[31,4],[1,-29],[-31,17],[-28,-32],[22,-102]],[[35831,91934],[-6,1]],[[35831,91934],[5,-6]],[[35836,91928],[-46,-46],[48,-61],[-15,-83],[95,-77],[-148,-9],[-241,123]],[[45148,92613],[25,-39],[72,-23],[245,-5],[37,34],[334,-100],[81,8]],[[43141,89291],[92,166],[-71,97],[233,220],[-154,138],[-64,111],[-91,430],[34,23],[-8,75],[318,126],[-7,125],[-55,57],[-61,-15],[-297,-117],[-30,-67],[-70,65],[-1,60],[-27,0],[-43,-72],[-51,20],[-99,-61],[-66,26],[-81,131],[-95,0],[-73,147],[75,43]],[[54564,103925],[113,-17],[-31,-11],[17,-31]],[[54663,103866],[53,74],[-122,-343],[-81,-365],[-34,-35],[-83,-3],[-61,50],[-37,-3],[25,118],[-52,119],[-36,-23],[-295,44],[-108,-202],[-40,30],[23,47],[-84,78],[-3,-27],[73,-62],[-25,-34],[-56,7],[-34,57],[-103,-6],[-22,-48],[29,48],[101,-1],[17,-45],[87,-67],[-12,-77],[49,24],[104,-99],[204,9],[50,30],[64,-21],[-7,57],[44,26],[100,-60],[246,9],[-61,-129],[43,-59],[-92,-90],[19,-50],[-18,39],[-18,-65],[-136,-39],[-18,-75],[-52,24]],[[54304,102728],[-79,-11],[-6,-34]],[[54219,102683],[-140,-104],[-57,-165],[-23,-14],[23,40],[-33,18],[-70,-76],[-44,-1]],[[53875,102381],[-7,9],[-12,-3],[-2,-9],[12,-33],[-40,-5],[42,5],[-14,34],[5,8],[9,1],[7,-7]],[[53875,102381],[45,1],[70,74],[29,-16],[-40,-29],[49,-30],[-9,-156],[46,-135]],[[54065,102090],[164,-22],[24,-110],[-50,-21],[-12,-78],[-36,-24],[-41,-105],[-54,-33],[-15,-81],[-121,-88],[-3,-102],[-45,-35],[19,-33]],[[53895,101358],[-145,-85],[-25,-45],[22,-91],[-32,-27]],[[53715,101110],[-19,12],[-21,-33]],[[53675,101089],[-76,-53],[-115,3],[-132,-96],[-6,34],[-46,-64],[-146,-22],[-147,-132],[42,37],[-166,-262],[-253,-160],[-76,-103],[-175,-87],[-27,-41],[-104,-27],[-58,-55],[-15,-24],[-16,14],[8,-15],[7,-2],[14,8],[5,-20],[-54,-210],[-122,-206],[-130,1],[-200,125],[-223,89],[79,-3]],[[51543,99818],[-126,10],[-291,-65],[-25,-28]],[[51101,99735],[-61,58],[88,163],[-24,57],[-195,-3],[-19,57],[-163,-31],[-69,28],[-18,-33],[-47,-7],[-103,69],[-90,-19],[-36,92],[-181,-34],[-36,55],[-18,-65],[-86,-14],[-4,23],[-79,0],[-10,-92],[-99,1],[-125,61],[-51,3],[-4,-20],[-74,68],[-193,12],[-1,-33],[-177,-51],[6,-56],[35,-15],[-35,6],[1,-153],[-197,30],[-74,-19],[-19,-65],[-47,50],[-75,-44],[76,-187]],[[48897,99627],[-266,12],[-33,98],[58,-2],[-17,41],[-219,44],[14,119],[-190,47],[-177,160],[-69,30],[-16,33],[78,35],[-49,15],[-36,71],[-114,74],[-43,89],[98,24],[137,-41],[109,46],[-6,72],[85,107],[-135,124],[-41,113],[-56,38],[1,75],[327,198],[134,33],[130,112],[96,149],[125,67],[-31,110],[-34,27],[151,88],[-35,60],[-77,-21],[6,-23],[-88,-4],[17,-18],[-41,3],[-2,-50],[-133,-80],[-35,-41],[16,-18],[-45,13],[-13,-52],[-74,-11],[15,-24],[-82,51],[-113,-1],[41,99],[63,46],[37,-6],[-28,87],[-69,80],[-176,-51],[-91,92],[175,63],[-57,64],[-2,80],[214,34],[45,89],[-24,142],[-52,45],[-110,-6],[-52,-57],[-49,-4],[-44,40],[-233,15],[-259,77],[-193,153],[-41,-8],[-26,-59],[-108,-9],[-24,163],[26,21],[-137,88],[-32,71],[-48,24],[57,75],[-42,118],[-63,54],[-12,56],[-145,3],[-59,139],[-126,103],[33,48],[-130,131],[53,76],[1,69],[-77,74],[-99,9],[-106,242],[91,119],[-5,65],[52,119],[65,59],[80,169],[-80,136],[133,104],[-158,160],[-64,-17],[-41,100],[-99,93],[-125,12],[81,115],[60,6],[109,145],[-5,113],[62,92]],[[51101,99735],[-86,-84],[-191,-92],[-5,26],[-157,69],[-183,-11],[-70,-13],[1,-24],[-140,6],[-157,-55],[-15,31],[-27,-26],[29,-11],[-320,-160],[-431,-4],[-58,24],[-63,86]],[[49228,99497],[-8,9]],[[49220,99506],[-89,89],[-69,-39],[-149,-5],[-16,76]],[[39549,92702],[56,-175],[105,-85],[22,-65],[126,-132],[38,-6],[-33,-145],[47,-98],[-117,-79],[15,-44],[119,0],[58,79],[352,149],[55,-1],[49,-58],[-41,-101],[32,-24],[-12,-35],[50,17],[7,-38],[-215,-126],[118,-308],[-72,4],[-28,29],[-370,-36],[19,-88],[-75,26],[16,-71],[-77,-44],[-43,-4],[-36,51],[-191,-23],[-9,27],[-134,26],[-201,-54],[9,-73],[115,-51]],[[39303,91146],[-91,-80],[-72,-24],[-329,-18],[-12,121],[-80,-17],[-23,80],[-32,13],[17,17],[-44,47],[-37,-18],[-29,90],[-45,20],[1,127],[-67,15],[-71,-30],[-120,24],[-29,-193],[82,-32],[14,-38],[-93,-45],[3,-50],[-112,24],[-53,-89],[-74,-22],[-63,61],[-119,22],[-2,150],[22,20],[-99,63],[-195,5]],[[47022,93047],[54,-33],[-43,17],[-50,-48],[39,64]],[[48483,93123],[53,-128],[-91,99],[26,44],[12,-15]],[[53561,95435],[125,-123],[-43,-7],[-66,41],[-57,93],[41,-4]],[[53530,95478],[25,-33],[-66,24],[41,9]],[[50530,98145],[-34,-5]],[[50530,98145],[75,9],[55,-57],[-7,-117],[-66,-42],[-125,-15],[-54,-130],[-74,-66],[78,68],[60,124],[195,28],[11,98],[157,-33],[44,62],[47,-74],[174,-93],[99,40],[66,186],[73,-100],[50,-253],[130,-20],[104,-57],[-37,6],[0,-48],[-37,-26],[-26,15]],[[51522,97650],[21,-17],[9,2],[35,23],[2,-7],[6,55],[43,-104],[248,-6],[18,-38],[72,-33],[154,-26],[71,32],[49,-15],[18,-38],[143,27],[94,-77],[-15,-44],[74,35],[106,-33],[53,-146],[81,-64],[56,-96],[40,-13],[30,-64],[157,-98],[119,1],[22,-62],[101,-51],[-154,-236],[-88,-36],[-47,11],[-100,-65],[3,-63],[-223,-213],[-164,-82],[-131,-173],[-60,-5],[-11,-41],[4,34],[-21,-12],[-17,27],[25,-43],[-27,44],[-38,0],[21,-9],[-50,-98],[-100,-7],[-76,-55],[11,20],[-144,-30],[-198,-115],[15,26],[-70,-47],[-86,-12],[-164,-118],[-83,-137],[-30,-11],[20,36],[-30,29],[-52,-32],[33,40],[-22,24],[-110,-17],[-58,-42],[-5,-36],[-50,1],[-3,35],[-65,48],[-152,-28],[19,98],[-45,21],[-86,-30],[12,28],[54,21],[0,20],[53,0]],[[50839,95563],[-61,8],[-1,-28],[-71,97],[-82,60],[-141,58],[16,-14],[-154,39],[-154,-15],[-10,35],[1,-30],[-210,-62],[-256,-226],[-50,-7],[-85,41]],[[49581,95519],[77,-42],[38,-3],[18,-35],[-101,-151],[48,80],[-21,14],[-21,-56],[-77,-54],[-17,-59],[-161,-118],[-87,17],[-138,-125],[-207,-302],[-76,10],[-56,-36],[-135,-128],[-71,-118],[-7,33],[3,-28],[-64,-37],[-83,8],[-67,-86],[-6,57],[6,-68],[-19,52],[-93,-267],[22,-233],[-64,-164],[-66,-62],[-8,-92],[-67,-11],[-24,33],[-100,-25],[-64,30],[-117,-9],[-76,-45],[26,-64],[-116,-42],[5,24],[-47,23],[15,-35],[-84,51],[-22,46],[-144,-28],[-150,-45],[-24,-62],[30,-25],[-46,-3],[-55,48],[16,-29],[-35,-7],[-22,-56],[-37,7],[-15,-45],[-43,-16],[-3,-41],[34,-18],[-125,-85],[-24,61],[-114,18],[-92,-43],[48,-52],[-74,-40],[-17,-36],[21,-9],[-63,-21],[-57,-3],[-99,51],[-123,-71],[-59,68],[2,-36],[-66,-38],[130,-27],[-23,-109],[26,-57],[-30,-21],[22,-9],[-21,-54],[-44,63],[-29,-9],[-2,-41],[-85,144],[-266,90],[-5,29],[-19,-20],[-16,32],[-25,-41],[32,-15],[-51,2],[54,-52],[-117,38],[-10,41],[-49,13],[32,59],[-35,35],[-52,-12],[-72,33],[-14,-21],[-29,54],[-100,23],[-53,-27],[-25,30],[-26,-20],[-55,92],[-86,21],[-50,-4],[-41,-57],[3,33],[-135,0],[-253,288],[-132,7],[41,-75],[-6,-53],[-60,-75],[-136,6],[-41,119],[-36,27],[-246,-39]],[[44006,93387],[-201,-104],[-149,19],[-202,130],[-266,332]],[[44158,94585],[416,98],[24,27],[-49,46],[8,102],[124,124],[10,-17],[32,28],[66,-38],[92,18],[53,-181],[93,26],[34,-31],[299,55],[111,-44],[101,33],[63,-42],[58,62],[15,-50],[154,-30],[14,-44],[141,-57],[413,111],[29,139],[-45,142],[118,41],[108,86],[58,16],[133,-30],[70,-81],[87,21],[-9,27],[97,14],[31,43],[-50,29],[-12,48],[-56,14],[-24,87],[424,163],[-50,103],[-30,-3],[-44,173],[61,7],[-15,21],[42,62],[-89,55],[-133,18],[-10,71],[100,61],[-74,25],[-149,17],[-84,45],[-127,-33],[-250,54],[-86,-16],[125,234],[-211,110],[-55,93],[280,175],[13,20],[-30,18],[25,42],[71,28],[13,-18],[51,46],[94,-99],[210,107],[63,-18],[12,62],[-34,71],[20,42],[-51,145],[46,19],[-53,43],[157,153],[141,61],[-8,63],[-49,3],[48,47],[1,51],[102,15],[-21,35],[24,59],[-52,35],[-107,-14],[-31,41]],[[47245,97869],[188,12],[226,74],[34,-15],[-27,16],[310,124],[126,115],[562,299],[183,31],[137,92],[138,43],[144,86],[70,108],[211,27],[123,52],[102,-2],[199,157],[77,11],[110,66],[77,154],[150,78],[325,11],[119,-98],[37,-88],[92,-21],[235,76],[99,0],[75,-32],[25,-90],[0,-290],[29,127],[10,-23],[-59,-263],[-40,26],[38,-48],[-21,-178],[-95,-115],[-44,-112],[-112,-95],[-54,3],[58,21],[-46,-9],[-95,-51],[-47,36],[-76,-57],[-116,12],[-63,-33],[-54,51],[-24,-3],[-29,59],[23,-61],[-45,-7]],[[47369,97935],[-53,0],[212,47],[-159,-47]],[[46011,98290],[-78,10],[22,216],[13,-96],[58,-109],[-15,-21]],[[49228,99497],[-8,9]],[[49220,99506],[-55,-90],[-92,-6],[-1,-31],[-114,12],[-109,-52],[84,28],[-130,-167],[-233,-113],[-204,-254],[-108,48],[62,-40],[-6,-17],[-12,2],[-12,-11],[-9,0],[-18,15],[17,-17],[13,0],[10,10],[12,0],[14,19],[36,-16],[-60,-53],[-21,-64],[-299,-279],[-1,-47],[-85,0],[-42,-90],[-52,-35],[18,50],[-29,-56],[-109,-63],[-12,16],[-9,-48],[-31,-5],[28,5],[-9,27],[-109,-27],[87,-6],[-181,-3],[-140,-77]],[[47309,98071],[-62,-47],[-209,-50],[-208,144],[97,-14],[-5,29]],[[46922,98133],[4,-27],[-98,15],[-138,133],[-284,102],[125,-65],[-33,6],[-167,101],[-181,-78],[-101,-12],[-77,125],[-10,154],[-68,195]],[[45894,98782],[-141,155],[20,-44],[-82,65],[38,-33],[-14,-16],[110,-68],[80,-138],[37,-149],[-18,-263],[69,-22],[157,21],[168,87],[23,-39],[230,-87],[75,-59],[-22,43],[70,-28],[139,-190],[201,-100],[-65,-71],[-233,56],[-24,-51],[46,-101],[-55,-53],[-20,19],[21,65],[-41,41],[-12,71],[-78,-36],[-120,51],[-111,-51],[-53,33],[-132,-33],[-45,45],[-64,17],[-67,104],[-26,-11],[10,-87],[-40,0],[-11,68],[-138,-20],[-22,23],[14,-26],[142,18],[10,-65],[33,-7],[29,16],[-23,48],[20,38],[67,-107],[67,-18],[45,-59],[-8,18],[147,29]],[[46297,97881],[47,-30],[108,49],[72,-52],[74,0],[53,33],[0,-57],[24,-25],[-11,-1],[-19,-20],[-10,-34],[32,54],[15,-2],[15,-21],[-24,-63],[31,-27],[-29,-11],[61,20],[41,50],[-47,114],[19,30],[84,-46],[119,-14],[-15,-35],[109,89],[199,-13]],[[37773,90663],[17,-113],[5,100],[127,-56],[105,-8],[0,-39],[19,41],[37,-11],[175,-89],[7,-66],[40,22],[-24,20],[165,-59],[174,-12],[104,-48],[74,-55],[-25,-74],[52,-16],[22,-45],[-21,45],[58,-26]],[[39303,91146],[62,-119],[104,15],[-1,-156],[-71,-22],[47,-39],[53,34],[16,-31],[32,12],[17,40],[28,-55],[55,-11],[113,6],[-7,32],[196,30],[9,-44],[99,11],[49,-56],[65,41],[27,-40],[-8,-200],[71,-106],[-126,-39],[-21,-74],[121,-146],[-90,18],[-152,-43],[-32,-49],[27,-19],[-48,-7],[10,-42]],[[39146,90067],[32,74],[-71,91],[-26,3],[-9,-34],[27,-57],[-83,-23],[-71,-55],[-16,28],[7,55],[-70,57],[-81,10],[24,74],[-91,74],[-92,46],[-190,15],[-258,119],[80,57],[-85,-50],[-98,47],[-184,24],[-348,255],[-104,38]],[[37315,49430],[-53,-92],[-30,6],[71,134],[12,-48]],[[39531,50776],[-8,-21],[-28,17],[15,28],[21,-24]],[[40626,52072],[-19,16],[19,37],[86,36],[-86,-89]],[[35594,50977],[-97,53],[-10,28],[29,18]],[[35516,51076],[3,65]],[[35519,51141],[0,2]],[[35519,51143],[20,29],[-44,39],[19,25],[-33,2],[0,41],[-51,-3],[18,56],[-52,24],[12,49]],[[35408,51405],[35,19],[-24,45],[49,16],[-7,37],[-38,18],[-26,-29],[-11,33],[-19,-16],[-4,28],[-17,-19],[-47,28],[-24,-19],[11,54],[-31,14],[-57,-23]],[[35198,51591],[-27,6]],[[35171,51597],[-11,57],[-26,-28],[-47,7],[-4,-48],[-46,5],[-15,-35],[-73,66],[-64,-54],[-32,30],[24,36],[-40,27],[83,74],[-10,61],[20,16],[-29,37],[-39,-11],[0,-1]],[[34862,51836],[-47,7],[-26,77]],[[34789,51920],[-25,24],[24,48],[68,14],[48,68],[-16,103],[24,10]],[[34912,52187],[56,-36],[41,10],[29,-45],[32,6],[64,35],[-5,26],[53,-34],[18,32],[10,5],[17,25],[14,9],[121,5],[81,81],[-80,-83],[-112,-4],[-19,-6],[-21,-30],[2,-5],[-23,-39],[-1,-20],[23,-25],[26,36],[79,-29],[43,-45],[37,72],[40,-27],[-22,-44],[24,-4],[-81,-11],[-21,-87],[57,75],[36,-1],[0,-32],[67,-35],[-19,-34],[37,-49],[51,-4],[10,39],[62,9],[54,-63],[54,-8],[-32,-26],[-5,-92],[48,-45],[-57,15],[-44,-54],[-58,6],[-12,-23],[41,2],[11,-45],[-101,-3],[-8,-25],[39,9],[-42,-46],[49,46],[56,5],[54,-48],[-49,-77],[28,18],[5,-44],[10,39],[43,-25],[37,19],[53,-28],[11,-20],[-32,-15],[18,-56],[-59,-56],[144,47],[54,-35],[-95,-37],[71,-38],[53,-76],[-3,-46],[-51,24],[32,-65],[68,-18],[-29,-30],[-50,27],[-23,-36],[-102,-29],[-15,16],[-10,-46],[-32,-9],[-39,19],[-2,55],[-36,-8],[-7,-65],[-5,29],[-39,-26],[-40,41]],[[35570,53693],[-24,0],[29,21],[-5,-21]],[[37237,53746],[88,14],[-13,-70],[37,-29],[49,29],[12,48],[242,-28],[-17,-32],[39,-63],[81,-55],[124,46],[16,33],[31,-8]],[[37926,53631],[47,-33],[-24,-51],[80,77],[7,-24],[72,-2],[111,-54],[9,22],[47,-6],[38,-46],[27,22],[-12,76],[31,-6],[39,-97],[-12,-57],[66,-46]],[[38452,53406],[30,-34],[-17,-47],[51,-56],[-2,-125],[-176,-272]],[[38338,52872],[-48,-62],[43,46],[-2,-29],[30,-8],[98,91],[-41,74],[62,-12],[88,-121],[-7,-96],[71,-25],[58,31],[0,-22],[53,3],[55,-43],[68,9],[4,-32],[-56,-45],[4,-71],[38,-12],[24,-48],[-47,-50],[31,-58],[50,18],[49,-286],[130,-79],[-27,-128],[-63,-98],[38,-38],[78,-13],[-24,-47],[43,68],[125,24],[114,71],[252,33],[73,143],[141,68],[181,-22],[56,-46],[19,17],[165,-56],[126,39],[100,-51],[34,12],[12,-24],[-50,-85],[-88,-25],[-26,-118],[-59,-13],[-56,-77],[-34,-127],[-92,-94],[-9,-176],[-92,-29],[-44,-68],[18,-32],[-42,0],[-165,-110],[-277,-225],[-31,22],[10,-20],[-5,-48],[-17,-15],[12,-11],[-7,-17],[30,8],[-24,-14],[-7,6],[-27,-78],[-59,29],[-13,-19],[5,47],[-65,-21],[-70,-98],[-145,-23],[-105,-166],[5,-178],[-38,-110],[-35,5],[-72,-67],[-126,-34],[-183,-186],[-74,-32],[-73,-135],[-145,-111],[-129,-54],[-99,2],[55,73],[-78,-45],[-111,24],[18,59],[32,35],[3,35],[58,46],[-18,-7],[3,35],[-13,1],[3,36]],[[37985,49792],[-4,-37],[13,0],[-8,-13],[5,-24],[11,3],[-50,-37],[-6,-38],[-34,-29]],[[37912,49617],[-21,-62],[46,-52],[-58,-169],[52,-55],[64,-13],[2,-49],[-66,40],[-208,45],[-222,163],[-122,35],[-73,-14],[-95,281],[13,48],[61,-2],[79,41],[26,32],[-16,57],[83,-10],[-3,-55],[49,166],[29,8],[3,-24],[8,37],[-39,136],[129,97],[207,68],[300,410],[-301,-409],[-210,-69],[-230,-153],[-50,-102],[-79,-44],[-26,-115],[-109,-80],[-11,-71],[-69,-18],[-66,-66],[23,44]],[[37012,49693],[-14,39],[-30,-3],[7,30],[-16,-15]],[[36959,49744],[-33,53],[-32,-24],[32,59],[-13,48],[-38,6],[-13,128],[-77,76],[59,157],[-65,-142],[6,-44],[-79,-35],[-45,12],[-32,-37]],[[36629,50001],[-17,-17],[-28,27],[-2,54],[30,34],[-16,27],[-44,-33],[15,48],[-59,-29],[-68,50],[-2,115],[78,155],[-66,-4],[-2,43],[33,31],[-89,135],[-64,47],[-33,-26],[-12,71],[29,88],[-20,83]],[[36292,50900],[41,-26],[8,30],[7,-10],[34,13],[-34,-12],[-4,20],[-12,-38],[-40,23]],[[36292,50900],[9,-89],[-37,53],[-87,22],[-27,61],[-144,128],[61,74],[-104,72],[51,95],[33,-16],[-36,54],[-30,-59],[-20,9],[-20,55],[-32,3],[2,78],[-33,-21],[-18,32],[-19,-20],[-7,36],[-47,-12],[-34,44],[15,47],[-36,-35],[-18,45],[51,-3],[-6,35],[64,38],[-65,63],[77,-35],[122,123],[11,72],[29,-41],[82,34]],[[36079,51842],[38,98],[30,1],[23,42],[44,-18]],[[36214,51965],[4,5]],[[36214,51965],[-55,47],[-8,-60],[-55,1]],[[36096,51953],[-46,-69],[-66,-11],[-6,27],[25,8],[-22,-3],[-34,-42],[3,-35],[-44,24],[35,95],[3,144],[-70,25],[-18,89],[-92,20],[16,47],[-30,36],[24,45],[63,-15],[43,59],[-19,45],[43,61],[-28,40],[38,71],[-32,32],[32,29],[-10,25],[50,27],[54,224],[-24,46],[-49,14],[5,63],[-41,35],[21,92],[-61,20],[21,41],[-35,1],[33,6],[-2,51],[-50,20],[20,68],[50,21]],[[35896,53429],[55,27],[62,-53],[61,41],[93,-9],[35,24],[29,-21],[23,97],[61,-6],[88,72],[-42,-84],[94,-34],[17,55],[39,16],[53,-39],[-5,18],[44,8],[-17,33],[32,63],[47,-12],[18,56],[59,-10],[-36,-46],[71,-28],[0,-28],[112,23],[42,-51],[24,42],[-46,35],[63,50],[-43,16],[12,23],[65,9],[0,30],[49,24],[72,-9],[-14,24],[31,15],[53,-60],[40,6]],[[39948,41321],[11,-37],[-61,50],[69,-1],[-19,-12]],[[33896,43715],[-9,68],[23,35],[121,-39],[-2,-106],[-32,-59],[-26,-30],[-87,9],[9,-65],[-53,-65],[0,89],[59,82],[-3,81]],[[36757,44242],[-26,23],[15,56],[11,-79]],[[36856,44366],[-27,-20],[-29,29],[29,29],[27,-38]],[[39740,44646],[-25,-12],[41,26],[-16,-14]],[[40194,45996],[-23,-37],[-19,18],[8,37],[34,-18]],[[45655,47082],[71,-1],[51,-67],[65,6],[-105,-105],[18,-160],[-129,-123],[-43,-9],[-130,-145],[-26,-30],[15,-47],[-80,-92],[35,-67],[39,6],[-1,-41],[55,-20],[7,-30],[84,-8],[12,-42],[-26,-45],[18,-74],[-126,-54],[-17,-138],[-68,-59],[144,-369],[-82,-88]],[[45436,45280],[-197,-356],[-110,-68],[-140,11],[-289,-121],[20,-56],[-34,-53],[-161,73],[-93,-205],[2,-138],[-104,-164],[20,-107],[83,-53],[-20,-71],[80,-195],[-41,-133],[15,-101],[44,-49],[-29,-80],[21,-37],[49,-12],[-6,-30],[-67,-27],[-66,-134],[-48,-257],[24,-57],[-109,-47],[-46,-68],[-253,-20],[-10,-39],[-92,-41],[-143,50],[-12,-25],[-59,18],[-81,-104],[-29,22],[-57,-84],[17,-74],[-47,-30],[6,-41],[-29,-30],[-43,10],[24,41],[-46,65],[-168,-14],[-71,52],[-136,-180],[-53,56],[-27,-41],[-173,9],[-62,26],[-53,77],[-60,1],[-13,-56],[-74,-22],[10,-47],[-30,-7],[-145,-194],[-35,-81],[-29,-147],[18,-45],[67,-28],[-2,-49],[-102,-65],[23,-92],[-60,-31],[47,-141],[-32,-60],[50,-41],[8,-74],[-61,24],[-92,-21],[-58,-122],[-75,23],[-15,-23],[33,-48],[-24,-74],[-67,-8],[-1,-87],[-40,15],[-41,-23]],[[41837,40925],[-69,32],[-83,-23],[-75,44],[28,-20],[-8,-12],[15,-50],[-85,-64],[-27,18],[-21,-9],[-16,-85],[28,-44],[1,-75],[-34,-59],[-32,23]],[[41459,40601],[-40,80],[-53,-9],[11,25],[-18,-27],[-25,24],[24,-25],[-24,-11],[-40,3],[-5,26],[-1,-24],[-51,18],[-95,-80],[-135,-11],[-274,-121],[-78,2],[-298,-85],[-52,9],[-64,76],[-289,667],[-99,167],[-74,83],[4,16]],[[39783,41404],[189,-142],[121,21],[8,54],[-56,44],[-177,-36],[-77,60],[-17,3],[-19,42],[128,491],[172,366],[103,53],[227,230],[-13,314],[79,111],[-67,-139],[53,-36],[168,71],[-49,83],[118,11],[73,89],[24,-53],[-15,-30],[21,-32],[13,3],[-22,17],[40,81]],[[40808,43080],[108,92],[18,-23],[-6,41],[-11,-15],[65,150],[168,57],[8,-17],[91,127],[105,32],[-56,0],[14,18],[101,-21]],[[41413,43521],[28,-18],[25,19]],[[41466,43522],[44,52]],[[41510,43574],[58,22],[16,26],[26,16],[29,-95],[-5,24],[35,16],[9,-16],[51,-6],[-48,8],[-5,18],[22,-16],[36,4],[-33,9],[60,42],[-27,-4]],[[41734,43622],[-31,-21],[-5,-26],[-15,21],[-47,-18],[-15,63],[-14,0],[-47,-21],[-16,-21],[-58,-12]],[[41486,43587],[6,2]],[[41492,43589],[-6,-2]],[[41486,43587],[-41,-63],[-56,74],[34,-61],[-96,44],[-68,-41],[-73,-4],[-179,-157],[-77,-11],[-10,35],[-31,-62],[-30,17],[-7,-20],[29,6],[-43,-19],[-159,-22],[6,25],[-117,-228],[-41,12],[-33,-39],[-55,7],[-25,-26],[15,-22],[-46,18],[-249,522],[-413,576],[-152,256],[-14,114],[108,119],[61,49],[35,0],[-45,-17],[-9,-17],[12,8],[-4,-11],[-29,-22],[-2,-30],[-30,-38],[-2,-17],[7,17]],[[39657,44559],[-1,-6]],[[39656,44553],[3,6]],[[39656,44553],[1,6]],[[39657,44559],[7,4],[4,-4],[-1,-5],[3,-7],[1,4],[0,-6],[-5,-3]],[[39666,44542],[12,-15],[1,6],[-5,2],[-3,16],[-3,3],[1,5],[-4,4],[19,3]],[[39684,44566],[-1,-10]],[[39683,44556],[1,10]],[[39684,44566],[26,-9],[10,25],[-27,-8],[33,18],[-8,41],[16,-21],[102,65],[10,72],[19,-3],[-12,-26],[19,28],[69,-55],[-62,83],[-65,-13],[24,-3],[-86,-61],[91,317],[-79,239],[-161,309],[-5,104],[64,82],[81,-5],[-3,24],[24,-16],[53,22],[-6,-56],[26,47],[39,-9],[-11,20],[61,31],[108,8]],[[40034,45816],[95,15],[29,-23]],[[40158,45808],[0,-30],[13,17],[28,-36]],[[40199,45759],[4,0]],[[40199,45759],[4,25],[-43,20],[35,23],[1,19],[9,-4],[-17,18],[35,6],[37,28],[-43,-19],[21,12]],[[40238,45887],[6,18],[-7,3],[10,2],[-1,6],[11,-5],[2,-3],[7,-3],[0,-5],[2,0],[1,0],[10,10],[7,34],[-17,-42],[-2,-2],[0,5],[-7,5],[1,6],[-10,4]],[[40251,45920],[7,-9],[-13,5],[-10,-8],[3,-21]],[[40238,45887],[-29,-17],[2,21],[-9,-25]],[[40202,45866],[-18,-6],[7,-32],[-24,18]],[[40167,45846],[-30,3],[30,36],[3,-7],[4,-3],[8,1],[-1,-7],[4,-2],[23,40],[11,-7],[19,23],[-18,-21],[-12,6],[-25,-39],[1,9],[-13,1],[11,32],[9,-1]],[[40191,45910],[3,9]],[[40194,45919],[2,-3]],[[40194,45919],[-3,-9]],[[40191,45910],[5,30],[15,-8],[33,9],[-41,-1],[16,24],[6,-18]],[[40225,45946],[7,1]],[[40232,45947],[8,5]],[[40240,45952],[11,6]],[[40251,45958],[4,-2]],[[40255,45956],[2,5]],[[40257,45961],[5,0]],[[40262,45961],[0,6]],[[40262,45967],[0,3]],[[40262,45970],[4,-11]],[[40266,45959],[4,3]],[[40270,45962],[1,6]],[[40271,45968],[-1,-6]],[[40270,45962],[-4,-3]],[[40266,45959],[-4,11]],[[40262,45970],[0,-3]],[[40262,45967],[0,-6]],[[40257,45961],[-2,-5]],[[40255,45956],[-4,2]],[[40251,45958],[-11,-6]],[[40240,45952],[-8,-5]],[[40232,45947],[-7,-1]],[[40225,45946],[7,19]],[[40232,45965],[13,6]],[[40245,45971],[-13,-6]],[[40232,45965],[8,65],[7,-19],[33,16]],[[40280,46027],[6,-56]],[[40286,45971],[12,25]],[[40298,45996],[-26,49],[29,-6]],[[40301,46039],[-5,-9]],[[40296,46030],[3,-3]],[[40299,46027],[0,-1]],[[40299,46026],[1,-8]],[[40300,46018],[6,3]],[[40306,46021],[0,-1]],[[40306,46020],[-4,-9]],[[40302,46011],[11,4]],[[40313,46015],[-11,-4]],[[40302,46011],[4,9]],[[40306,46020],[0,1]],[[40306,46021],[-6,-3]],[[40300,46018],[-1,8]],[[40299,46026],[0,1]],[[40299,46027],[-3,3]],[[40296,46030],[5,9]],[[40301,46039],[30,6],[-73,12],[70,20],[6,-29]],[[40334,46048],[18,-1]],[[40334,46048],[23,28],[18,-22]],[[40375,46054],[-18,23],[42,77],[104,53],[54,142],[120,7],[39,50],[52,15],[61,-32],[21,-48],[-11,33],[10,-3],[24,15],[40,31],[19,24],[-25,-5],[8,26],[-12,22],[14,13],[18,-13],[33,10],[22,22],[-21,-19],[-32,-8],[-19,12],[-15,-10],[-4,-10],[12,-19],[-10,-26],[21,-7],[-76,-53],[-64,56],[-63,-17],[-79,-56],[-77,3],[20,24],[-47,-45],[-50,-124],[-57,-1],[-50,-36]],[[40379,46180],[-28,-31],[-80,2],[37,41]],[[40308,46192],[-170,-97],[-154,-158],[-43,43],[-39,2],[12,60],[-73,46],[9,40],[64,-55],[-20,39],[25,-9],[-140,57],[-20,-30],[45,80],[-26,30],[-46,-183],[-39,-9],[9,-37],[-38,-40],[-102,-19],[-10,-55],[-170,-3],[-208,127],[-55,-16],[-159,84],[-90,-3],[-22,-59],[-198,-21],[-57,-41],[-47,31],[-92,-14],[-44,27],[-24,51],[22,-64],[57,-22],[87,11],[19,-20],[-322,-3],[-144,-33],[-73,-57],[-19,-193],[-426,68],[-118,-13],[-108,-75],[-14,-63],[32,-14],[-40,-20],[-35,112],[-81,-63],[16,-33],[53,30],[-27,-53],[36,13],[66,-27],[44,52],[-14,-61],[-267,-48],[-259,-118],[-71,-51],[9,-59],[-110,-93],[-21,-67],[76,-51],[0,-32],[-213,-140],[-103,-204],[49,26],[29,-17],[-36,-107],[13,-91],[61,-46],[42,30],[44,-95],[-31,-160],[-42,-54],[-51,61],[-154,-30],[-42,-110],[6,-59],[-80,-62],[-128,135],[4,107],[53,98],[-315,265],[-275,109],[-91,-29],[-96,-203],[-175,-148],[-46,-11],[-16,79],[-87,28],[-155,-81],[-83,-104],[-34,16],[0,70],[-208,60],[-47,-16],[-95,-310],[-50,21],[-8,32],[-51,-30],[-70,80]],[[34273,44123],[-19,27],[-24,-36],[-27,59],[-56,27],[-7,63],[132,95],[8,171],[98,81],[29,55],[-8,46],[30,23],[-18,18],[125,88],[2,92],[-41,34],[15,55]],[[34512,45021],[22,34],[-26,0],[19,20],[-26,18],[25,33],[33,9],[32,-30],[77,80],[99,2],[43,77],[11,149],[29,27],[64,-21],[79,38],[51,104],[-23,56],[15,28]],[[35036,45645],[111,145],[42,85],[-22,-8],[7,24],[96,-24],[19,27],[38,-6],[131,249],[96,56],[112,14],[114,99]],[[35780,46306],[10,65],[93,33],[-9,59],[26,70]],[[35900,46533],[33,-20],[-36,-53],[7,-46],[39,-37],[128,-10],[100,59],[2,-53],[66,-8],[156,113],[56,88],[44,-3],[142,208]],[[36637,46771],[46,45],[59,-9],[90,227],[158,130],[58,128],[73,19],[120,-42],[41,11],[359,427],[138,105],[38,172],[57,31],[17,69],[12,-17],[24,512],[-95,407],[11,61],[88,121],[69,4],[-24,-21],[22,-24],[89,16],[-100,-61],[-16,-58],[65,-66],[9,-91]],[[38045,48867],[1,-1]],[[38046,48866],[10,0]],[[38056,48866],[-4,-3]],[[38052,48863],[0,-58],[10,47],[9,-6]],[[38071,48846],[14,-3]],[[38085,48843],[19,14],[-14,-17]],[[38090,48840],[-12,-18]],[[38078,48822],[-13,20],[17,-132],[-5,101],[35,11],[66,103],[-48,-5],[23,128],[-28,130],[23,54],[255,183],[87,-48],[-6,-53],[24,51],[-67,39],[7,70],[5,-18],[16,45],[44,21],[109,219],[102,101]],[[38724,49842],[23,41],[132,69]],[[38879,49952],[127,100],[53,83],[-12,219],[90,125],[208,127],[134,21],[123,140],[86,27],[78,73],[47,21],[76,-86],[24,3],[-19,66],[25,-34],[-25,48],[61,-70],[133,67],[27,-80],[45,-44],[-23,-44],[56,68],[111,52],[163,6],[149,52],[39,79],[141,24],[28,41]],[[40824,51036],[28,-29],[53,51],[166,-249],[282,-184],[60,-12],[45,-60],[-31,-220],[-50,-55],[-58,-16],[-122,-185],[15,-144],[-61,-206],[-187,-86],[-144,-161],[-107,-287],[100,-6],[91,36],[24,-27],[-90,-45],[-133,39],[21,-33],[-110,-241],[17,-74],[69,10],[37,36],[26,-15],[-18,-30],[35,-75],[-12,-104],[37,-3],[115,-100],[84,20],[-40,-117],[44,-13],[81,-101],[-13,-115],[-126,-168],[-5,-123],[-33,-65],[65,-163],[-30,-154],[69,-91],[194,2],[201,115],[80,-17],[61,44],[63,-2],[20,38],[141,-30],[29,-115],[69,-21],[-77,-252],[110,-33],[305,-233],[74,-226],[64,-3],[44,-125],[136,-67],[103,32],[31,47],[249,71],[139,190],[163,121],[274,104],[186,1],[89,154],[117,-3],[215,163],[53,-7],[121,63],[138,4],[-31,-128],[-67,-108],[31,10],[44,-48],[-8,-59],[31,-8],[29,-170],[47,-103],[70,-53],[112,37],[97,-34],[133,10],[91,81],[162,-77],[64,14],[-1,-52],[33,-10],[127,95],[62,-33],[97,134],[122,98]],[[42162,52465],[128,-71],[69,16],[41,-128],[-18,-38],[101,-63],[120,2],[151,34],[85,59],[31,-13],[58,-102],[28,3],[-27,-7],[17,-27],[238,-80],[14,-154],[88,-85],[102,-22],[8,-30],[160,-23],[141,18],[230,-35],[174,31]],[[44101,51750],[114,-56],[183,16],[382,157],[340,196],[108,35],[-40,-68],[92,-131]],[[45280,51899],[-3,-5]],[[45280,51899],[27,-50]],[[45307,51849],[-5,-26],[-75,-6],[13,-113],[-64,-13],[14,-68],[-96,-36],[-40,-251],[69,-56],[-16,-41],[18,-60],[-59,8],[-43,-31],[20,-28],[-50,-18],[2,-44],[62,-130],[110,-21],[37,42],[50,-62],[177,-111],[19,-61],[135,-81],[10,-82],[-53,-188],[25,-82],[-43,-173],[30,-56],[-44,-89],[28,-20],[3,-71],[88,-81],[-106,-36],[-27,-55],[-94,9],[-36,-63],[-107,-32],[-23,-50],[-35,0],[-198,-166],[-17,14],[-45,-74],[-64,-35],[-49,-144],[-99,-55],[29,-72],[-56,-47],[92,-74],[-250,-139],[-56,-75],[-75,-14],[-20,-96],[76,-100],[239,193],[7,50],[90,-23],[25,-59],[318,8],[51,-202],[83,84],[119,31],[32,-151],[-32,-123],[191,-193],[23,-104],[-198,-42],[-40,-83],[59,-89],[-18,-65],[76,-20],[-43,-119],[53,-7],[69,-117],[36,-3],[-18,-30],[39,-51],[-29,-26],[84,-77],[-26,-44],[26,-111],[-25,-3],[-5,-38]],[[40824,51036],[67,33],[13,39],[-28,0],[24,20]],[[40900,51128],[14,-33]],[[40914,51095],[-14,33]],[[40900,51128],[-25,-20],[0,-29],[-9,5],[9,41],[123,53],[36,48],[553,195],[344,255],[111,-28],[77,38],[94,97],[70,-14],[37,-53],[-43,0],[65,-49],[-31,-22],[72,-12],[3,-45],[48,-48],[-41,-21],[112,-37],[28,-135],[31,-20],[-116,-89],[-48,-116],[37,-71],[126,-91],[15,-89],[-132,-111],[18,-70],[-73,-62],[-2,-108],[-45,-26]],[[42344,50494],[0,-3]],[[42344,50491],[-5,-3]],[[42339,50488],[5,3]],[[42344,50494],[39,15],[-13,-29],[27,-49],[-45,-76],[-16,26],[-17,-20],[15,17],[14,-26],[3,-72],[-66,-74],[58,51],[52,-93],[21,-76],[-74,-51],[77,50],[53,-49],[6,-66],[-29,-15],[-25,-79],[-3,-62],[22,-33],[-16,-99],[22,-55],[6,40],[69,-53],[12,4],[13,35],[-24,-36],[-79,57],[-5,44]],[[42441,49720],[7,63],[-23,47],[4,51],[26,74],[33,-6],[-6,71],[-25,47],[-39,29],[-14,69],[-50,72],[29,55],[-29,51],[61,53],[-6,213],[66,80],[-18,57],[142,112],[24,-26],[-37,134],[-126,136],[35,88],[143,101],[30,80],[1,63],[-22,-6],[-120,119]],[[42527,51547],[-37,27],[-43,-33],[45,43],[-42,48],[13,22],[-62,68],[-1,-31],[-23,54],[-62,23],[-27,164],[-43,21],[12,171],[-298,228],[-13,72],[48,36],[52,21],[116,-16]],[[48543,48402],[20,-57],[-16,-107],[-164,-267],[83,-70],[67,-227],[-24,-83],[-119,-151],[13,-97],[-29,-54],[50,-74],[198,-124],[-15,-131],[43,-33],[108,-18],[-54,-61],[123,54],[62,-21],[-30,-28],[14,-82],[-164,-39],[129,-20],[-6,-18],[-112,-24],[-9,-36],[-235,-17],[-218,-96],[-90,15],[-226,-68],[-347,102],[-18,-37],[-100,-41],[-409,-42],[-149,57],[-88,-226],[-21,9],[-117,-112],[-117,-45],[39,-86],[-49,-39],[-44,-126],[-120,-65],[-17,-129]],[[46385,45688],[-121,-248],[-330,-131],[-378,-83],[-120,54]],[[45307,51849],[9,18],[92,-48],[28,-45],[57,-35],[-9,-21],[11,21],[32,-41],[55,-35],[40,-45],[22,-1],[-9,-95],[69,-14],[-67,15],[8,97],[-116,84],[-44,53],[-48,24],[-15,36],[-113,100],[25,30],[-28,-27],[-102,116],[235,221],[311,80],[730,307]],[[46480,52644],[31,-104],[-73,-15],[19,-110],[-20,-62],[-20,12],[-48,-41],[6,-69],[-107,-68],[-19,-6],[-28,60],[-61,-194],[27,-64],[45,26],[-9,26],[107,40],[8,-28],[-59,-77],[-34,-5],[12,-36],[-39,-4],[-2,-62],[61,-24],[45,13],[3,-51],[26,-44],[20,15],[13,-60],[113,42],[3,54],[54,-15],[-10,-199],[26,-30],[58,-5],[155,-126],[-282,-304],[110,-24],[144,-185],[-7,-38],[160,-14],[36,-9],[2,-35],[60,0],[-110,-172],[-48,-16],[46,-157],[71,-50],[16,27],[27,-7],[-60,-110],[32,-49],[96,-78],[53,-6],[125,-172],[-42,-180],[73,-75],[13,-92],[237,-79],[69,30],[95,-18],[103,33],[50,68],[106,-16],[16,-55],[106,-16],[-17,-80],[26,-38],[-41,-63],[89,-281],[-9,-110],[61,-118],[57,-38],[154,-28],[-52,-162],[105,-205],[-12,-48],[39,-45],[63,-16]],[[48927,51185],[-78,-21],[-14,24],[47,38]],[[48952,51170],[4,-27],[0,26]],[[50382,50070],[-126,-9],[-955,590],[-125,21],[-70,101],[-242,227]],[[48864,51000],[32,7],[-2,-33],[42,-39],[-38,68],[40,0],[-12,-28],[45,-4],[-30,9],[17,23],[-39,4],[62,0],[6,-24]],[[48987,50983],[4,21],[33,-77],[-24,8]],[[49000,50935],[1,3]],[[49001,50938],[-1,-3]],[[49000,50935],[-12,-21],[41,13],[12,-62]],[[49041,50865],[19,9],[-7,8],[17,22],[5,22],[12,0],[6,-19],[5,5],[-7,18],[-14,-3],[-6,-6],[-5,-20],[-24,-21],[-1,34],[-19,34],[71,35],[-27,-6],[54,59],[41,-18],[-33,25]],[[49128,51043],[-62,-57],[8,12],[-12,38]],[[49062,51036],[11,-38],[-39,-36],[-12,62],[-2,-26],[-150,39],[60,-1],[-10,13],[37,-4],[11,18],[-25,-11],[-9,37],[-1,-34],[-50,0],[8,20],[-22,-18],[-5,44]],[[48864,51101],[-18,-56]],[[48846,51045],[-36,48]],[[48810,51093],[-10,21]],[[48800,51114],[-5,18]],[[48795,51132],[-8,18],[27,-7],[-29,24],[26,0]],[[48811,51167],[-26,5],[14,30],[-14,-14]],[[48785,51188],[-10,-42],[-50,45],[14,17]],[[48739,51208],[32,-12],[-19,18],[48,12],[49,-71],[81,27]],[[48879,51227],[-10,9]],[[48869,51236],[-37,-34],[-13,30],[35,23]],[[48843,51265],[1,0]],[[48853,51256],[-30,-20],[20,29]],[[48844,51267],[-1,-2]],[[48843,51265],[-11,2],[-12,-22],[-10,0],[3,25],[-4,-25],[11,-3],[-6,-9],[-67,3],[-10,16],[38,18],[20,-17],[1,2],[-7,24],[6,-24],[-10,12],[-11,4],[-24,-9],[4,30],[-9,-34],[-37,12],[15,10]],[[48723,51280],[-21,-7]],[[48702,51273],[-8,22]],[[48694,51295],[0,12]],[[48694,51307],[1,-3]],[[48695,51304],[-1,3]],[[48694,51307],[73,6]],[[48767,51313],[14,26]],[[48781,51339],[8,3]],[[48789,51342],[-8,-3]],[[48781,51339],[-40,-9]],[[48741,51330],[-14,5]],[[48727,51335],[2,4]],[[48729,51339],[-2,-4]],[[48727,51335],[12,-17],[-25,9],[23,27]],[[48737,51354],[2,-1]],[[48739,51353],[-2,1]],[[48737,51354],[-3,9]],[[48734,51363],[9,0]],[[48743,51363],[-9,0]],[[48734,51363],[-30,-33],[9,36]],[[48713,51366],[27,49]],[[46960,52623],[-3,-7]],[[46957,52616],[-7,-23],[8,-45],[-9,-18]],[[46949,52530],[16,-34],[-29,-21]],[[46936,52475],[38,20],[73,-158],[188,-168],[45,-20],[51,19],[52,63],[-22,-36],[48,-136],[203,-113],[-11,-43],[9,23],[304,-186],[-12,-16],[19,9],[62,-62],[141,-172],[-28,-27],[52,15],[12,-35],[9,5],[30,-23],[20,-26],[-20,-22],[21,19],[2,8],[205,-190],[99,-20],[-33,-65],[32,46],[73,-105]],[[48598,51079],[91,-45]],[[48689,51034],[0,-4]],[[48689,51030],[0,4]],[[48689,51034],[41,-42],[-31,5]],[[48699,50997],[-12,7]],[[48687,51004],[-2,-3]],[[48685,51001],[2,3]],[[48687,51004],[12,-7]],[[48699,50997],[20,-16],[-16,-13],[35,13],[-8,-12],[8,-25]],[[48738,50944],[-14,1],[39,-18],[-23,12],[-3,36],[23,-4],[-19,38],[46,-43],[-19,6],[2,-24],[50,-13]],[[48820,50935],[-7,4]],[[48813,50939],[3,6]],[[48816,50945],[-3,-6]],[[48813,50939],[-22,35],[104,-76],[-36,3],[115,-45],[42,-32],[-54,8],[111,-56],[90,-125],[128,-18],[-19,-67],[27,-19]],[[49299,50547],[-25,21],[23,62],[920,-563],[67,-35],[99,27]],[[50001,49314],[-76,23],[-219,-74],[-70,-80],[17,-58],[-37,-90],[-63,-85],[-25,9],[-65,-80],[-36,-7],[13,-159],[-19,53],[-46,5],[-51,-95],[-157,-79],[-67,3],[-44,62],[-69,-29],[-140,-125],[-76,-26],[-57,-63],[-66,-21],[-56,30],[-49,-26]],[[46480,52644],[389,44],[104,-35],[-6,-72],[-15,18],[13,26],[-20,24],[15,-26]],[[48386,45653],[-64,119],[-173,53],[-36,-59],[-45,6],[-1,-30],[-87,-33],[-30,-47],[-73,35],[-91,-94],[-16,-80],[20,-12],[-27,-21],[16,-39],[-102,-18],[-46,-79],[3,-51],[-57,29],[-57,-25],[-116,16],[-23,-26],[-110,7],[-107,64],[-43,-8],[-57,94],[9,56],[-151,45],[-72,-24],[-207,157],[-73,-24],[-107,37],[-78,-13]],[[35233,33375],[-11,2]],[[35222,33377],[-17,18],[31,12],[-3,-32]],[[35197,33375],[-40,-22],[14,-52],[-34,-39],[-20,-99],[-92,-76],[-56,76],[-62,18],[-23,93],[109,59],[-15,76],[22,22],[-28,26]],[[34972,33457],[99,-26],[63,14],[88,-24],[-25,-15],[0,-31]],[[34832,33760],[-5,14]],[[34827,33774],[5,-14]],[[34855,34217],[-21,-30],[-65,11],[60,45],[26,-26]],[[41313,40589],[-12,-20],[7,38],[5,-18]],[[41714,40682],[411,0],[163,-142],[30,-218],[-15,-97],[28,-69],[-73,-130],[3,-80],[35,-27],[-13,-46],[34,-138],[47,-38],[-3,-48],[54,-58],[-3,-54],[114,-35],[12,-56],[127,85],[1,48],[82,-18],[145,33],[37,148],[92,33],[90,94],[123,-5],[26,-120],[-95,-47],[20,-133],[-53,-183],[-189,-80],[20,-160],[-66,-249],[285,-170],[74,-83],[-29,-59],[13,-23],[55,-54],[125,-45],[-10,-175],[53,-21],[-29,-104],[60,-68],[22,-178],[46,-92],[-11,-64],[103,20],[71,-91],[93,-60],[-13,-24],[89,-136],[-262,-119],[-150,27],[-351,-364],[16,-60],[122,-70],[14,-45],[14,-96],[-42,-50],[-20,-86],[29,-35],[50,-1],[149,-210],[-112,-12],[-26,-46],[-76,19],[-50,-83],[-63,-17],[-7,-97],[-72,-101],[81,-83],[-44,-80],[14,-59],[-20,-52],[45,-18],[17,-53],[-68,-175],[40,-100],[-55,-198],[57,-83],[-51,-160],[26,-128],[-21,-124],[34,-66],[-10,-62],[55,-252],[-138,-142],[-1,-30]],[[43019,34154],[-60,-59],[-9,-92],[-74,-24],[-20,-143],[-61,7],[-25,-45],[-16,54],[-80,41],[15,24],[-24,24],[32,46],[-51,-14],[-53,83],[-51,-18],[-94,57],[-72,112],[-56,6],[-200,152],[-76,-1],[-62,-44],[0,-41],[-93,-55],[-35,-76],[-76,-56],[10,-28],[-57,9],[-21,-46],[-95,111],[-75,27],[-44,-23],[2,54],[-85,112],[-256,-232],[-36,-82],[-21,20],[-22,-70],[-51,-31],[-101,-5],[-39,-115],[-80,-75],[-82,-35],[-65,17],[-184,196],[-46,-1],[-48,42],[-108,-103],[-7,24],[-71,0],[30,-31],[-66,-21],[7,-37],[-22,6],[6,37],[-34,-5],[-43,-39],[7,-44],[-26,17],[-46,-71],[-28,25],[-15,-27],[-112,14],[-13,-71],[-45,16],[-23,-33],[-62,67],[-91,-21],[-90,-117],[-36,8],[22,-50],[77,-45],[-49,-18],[-47,28],[-26,-83],[-45,-19],[41,-46],[-21,-49],[-65,-8],[-21,-54],[-59,-3],[4,-27],[-21,19],[-75,-60],[-38,15],[-9,66],[-82,-33],[-10,-77],[-55,8],[-9,-103],[-44,8],[-27,-49],[-29,20],[-43,-24],[4,-127],[-32,-21],[-64,39],[-47,-45],[-44,21],[-33,-26],[-47,31],[-33,-26],[-70,35],[-19,-35],[-146,89],[48,95],[-15,29],[-99,1],[-67,-102],[13,-91],[-107,-33],[-119,6],[-41,56],[-30,-138],[-72,-18],[-40,-63],[-50,29],[-80,-2],[20,63],[-16,28],[-75,37],[-66,-6],[-31,50],[-122,-81],[-28,7],[-3,56],[-72,-5],[-6,50],[-75,-51],[-133,77],[-78,-26],[-44,35],[-68,-89],[-64,-26],[-28,24],[65,29],[-95,12],[-41,-27],[-59,75],[6,46],[-40,-2],[-17,33],[-68,-60],[-44,0],[-15,-38],[-119,68],[-177,-40],[-36,33],[-13,83],[-36,-36],[21,-49],[-18,-34],[-131,-8]],[[35967,32879],[-54,198],[-38,31],[-59,-22],[-61,19],[-12,40],[-201,12],[-28,-79],[-118,-36],[-57,23],[-50,67]],[[35289,33132],[-48,82],[56,47],[-53,84],[5,56],[-36,53],[-67,10],[-72,-22],[-173,62],[49,120],[6,111],[-65,64],[-55,-9],[31,80],[-32,124],[-1,0]],[[34834,33994],[-29,29],[31,21],[1,48]],[[34837,34092],[25,91],[41,-26],[74,14]],[[34977,34171],[16,25]],[[34993,34196],[17,6]],[[35010,34202],[92,38]],[[35102,34240],[109,-4],[47,28],[-26,40],[77,1]],[[35309,34305],[45,8]],[[35354,34313],[91,-11],[120,41],[50,-35],[122,-11],[90,82],[120,18],[41,-21],[11,-59],[54,-7],[39,-79],[25,39],[60,-15]],[[36177,34255],[152,2],[190,136],[78,147],[28,-4],[-2,29],[126,74],[32,96],[-1,32],[-24,4],[27,32],[17,-41],[95,-13],[83,37],[29,62],[111,61],[111,163],[51,45],[37,-2],[2,40],[39,12],[75,125],[78,57],[58,126],[137,48],[23,-44],[32,2],[-10,-65],[53,-27],[75,15],[52,49],[101,-10],[253,216],[31,1],[169,169],[35,5],[32,65],[56,-37],[-45,34],[30,34],[68,39],[132,22],[272,208],[71,145],[90,104],[52,161],[113,67],[69,163],[51,31],[58,121],[86,95],[50,178],[93,145],[116,457],[189,373],[-22,119],[47,-114],[-24,101],[24,77],[92,-32],[22,-44],[53,-47]],[[40295,38299],[-38,41]],[[40257,38340],[-36,56],[-100,39],[-27,-72],[-12,104],[58,51],[-2,129],[51,92],[-20,137],[118,422],[57,114],[89,77],[-55,742],[56,59],[7,-86],[77,-83],[6,19],[19,-544],[-5,511],[170,11]],[[40708,40118],[3,18]],[[40711,40136],[25,-6],[-11,33],[39,2],[112,95],[15,-40],[-50,-16],[12,-15],[36,28],[2,-22],[124,-165],[-101,169]],[[40914,40199],[-21,9],[28,43],[-21,0],[20,13],[-23,-7],[19,33],[24,-23],[-15,32],[90,-2]],[[41015,40297],[48,25],[119,-94],[-119,95],[-35,-14],[29,17],[-31,-14],[176,121],[-31,-19],[18,89],[4,-20],[19,24],[-2,-36],[38,39],[-33,-1],[27,39],[30,-18],[-23,28],[33,11]],[[41282,40569],[0,24]],[[41282,40593],[24,15],[-22,-66],[22,19],[11,34],[4,-24],[0,25],[-14,20],[30,6],[1,-9],[-3,-2],[2,-7],[-1,-59],[2,50],[-1,12],[-1,3],[3,-2],[0,-12],[22,3],[-27,29],[69,12],[42,-53],[-1,-72],[2,56],[35,-11],[64,48],[-4,74]],[[41541,40682],[108,24],[65,-24]],[[34908,26675],[-25,-33]],[[34883,26642],[-11,-7]],[[34872,26635],[-33,16]],[[34839,26651],[-38,8],[-18,45],[-57,-38],[-38,11],[35,86],[-73,57],[52,18],[87,-56],[104,32],[63,-62],[-26,-3],[-22,-74]],[[34609,26846],[-49,-29],[3,26],[46,3]],[[29625,27676],[4,19],[1,0]],[[29630,27695],[21,19]],[[29651,27714],[6,9]],[[29657,27723],[30,22],[31,-36],[50,11],[-6,-26],[-45,-11],[4,-51],[-37,-27],[-121,-12],[-11,44],[73,39]],[[29762,28240],[29,-4],[-9,-35],[-34,3],[14,36]],[[27900,28178],[-5,-43],[-30,7],[35,36]],[[29372,28307],[22,-6]],[[29394,28301],[59,73],[168,-61],[1,-59],[46,21],[64,-50],[-27,-17],[-9,19],[-14,-31],[-39,19],[-12,-43],[-9,74],[-103,-127],[-55,17],[48,30],[-149,20],[-7,68],[-27,1],[43,52]],[[29151,29974],[-61,-62],[28,58],[33,4]],[[29132,30374],[19,-15],[33,35],[12,-20],[-48,-125],[33,-71],[-30,-103],[27,-21],[-14,-41],[-46,33],[-32,-33],[2,70],[-70,-8],[13,27],[-28,0],[6,56],[-20,6],[27,17],[-26,7],[38,32],[29,-15],[32,39],[-39,35],[-17,71],[80,19],[6,26],[13,-21]],[[28681,30395],[-63,-17],[54,35],[9,-18]],[[34832,33760],[-20,-13],[-8,22],[13,-36],[81,-86],[-3,-154],[39,-39],[38,3]],[[35197,33375],[25,2]],[[35233,33375],[6,-30],[52,-84],[-46,-30],[-8,-22],[52,-77]],[[35967,32879],[75,-85],[43,-286],[96,-20],[109,-98],[95,-247],[80,-38],[81,1],[60,-57],[13,-196],[-19,-119],[-48,-98],[-348,-105],[-75,34],[-164,-147],[-55,-142],[-101,-84],[-88,-2],[-108,138],[-112,-136],[-122,-45],[-22,-103],[-57,-53],[-88,30],[-129,95],[-67,109],[-47,-86],[-110,-69],[-85,-5],[-158,-116],[-39,-51],[46,-67],[-8,-133],[-63,-13],[-21,-39],[70,-61],[-23,-51],[97,9],[8,-103],[48,-63],[7,-148],[48,-128],[-8,-39],[-59,-35],[13,-54],[-37,7],[-37,-65],[0,-30],[31,-12],[7,-82],[177,8],[51,-50],[78,6],[112,-83],[40,20],[57,-18],[28,-36],[-6,-62],[84,-41],[56,-91],[48,-1],[42,-62],[-39,-97],[-201,-119],[26,-99],[64,-91],[-99,-100],[91,-119],[78,17],[32,-53],[-8,-77],[-63,-93],[30,-93],[-57,-75],[12,-45],[-28,-41],[25,-74]],[[35326,28222],[-265,-57],[-220,-148],[-19,-74],[-75,-107],[27,3],[3,-58],[64,-105],[67,-24],[-42,-17],[-37,-50],[3,-37],[-73,-62],[5,-61],[-47,-117],[75,-38],[-86,-56],[-98,-143],[-16,-68],[39,-41],[-211,6]],[[34420,26968],[-44,32],[-47,-23],[-95,17],[-42,-74],[11,-38],[38,-3],[1,-32],[-22,5]],[[34220,26852],[-57,-17],[-8,27],[-99,-39],[18,-38],[-53,-75],[-44,8],[-22,48],[-28,7],[-11,-25],[-119,24],[-5,29],[32,19],[-33,30],[-74,15],[-11,-30],[-71,-9],[-4,55],[-45,24],[-38,1],[-11,-41],[-46,-6],[-62,38],[-109,-3],[-59,-90],[50,-37],[-134,-22],[-23,-77],[-93,-11],[-87,-86],[19,-59],[-52,-37],[-2,-34],[62,-60],[6,-45],[-106,42],[-19,-32],[-39,5],[9,-36],[-21,-14],[-58,54],[19,-19],[-12,-86],[-48,-59],[39,-44],[-26,-22],[-36,39],[-80,-23],[-25,32],[4,-30],[-52,18],[-6,-23],[-12,44],[-56,22],[3,35],[-156,35],[-3,57],[-81,-9],[-58,55],[-7,-28],[-1,0]],[[32179,26349],[-21,24],[-129,-60],[-193,125]],[[31836,26438],[-161,53],[-81,-4],[-47,42],[3,97],[40,51],[62,9],[-22,47],[26,30],[-132,376],[-241,46],[-21,34],[-52,-22],[-32,35],[-30,-9],[-50,80],[-88,-45],[53,53],[-42,87],[-28,6],[6,27],[158,53],[-41,24],[12,21],[-31,6],[-1,37],[295,-32],[43,-32],[-59,-56],[-41,6]],[[31334,27458],[55,-25],[17,-54],[43,-22],[235,-24],[40,74],[-20,56],[-107,47],[44,38],[5,52],[207,17],[59,-50],[100,-21],[18,-45],[26,36],[196,-2],[20,-48],[-57,-24],[30,-39]],[[32245,27424],[40,-68],[-28,-53],[62,-3],[1,-33],[22,44],[66,27],[103,-17],[105,32],[37,-86],[-9,65],[23,7],[-23,14],[33,4],[-20,26],[53,17],[75,-28],[-23,31],[-113,15],[-21,-29],[-46,35],[-4,-30],[-41,3],[-220,89],[-14,30],[61,4],[80,67],[20,93],[19,-42],[114,-14],[-7,52],[79,38],[26,48],[100,-59],[-13,-48],[25,-83],[12,30],[27,-2],[4,-28],[59,39],[43,-32],[114,14],[-255,78],[128,141],[114,-28]],[[33053,27784],[52,157],[134,3],[52,-31],[55,-100],[-27,-29],[34,25],[72,-79],[-35,-110],[62,81],[-4,-46],[50,-47],[37,4],[-60,46],[16,37],[189,-49],[-65,42],[-160,24],[-35,63],[66,46]],[[33486,27821],[-32,-18],[-16,12],[20,18],[-22,-17],[-25,53],[-28,-2],[22,16],[-19,-11],[-15,48],[-49,52],[-5,19],[19,5],[-15,-14],[16,-12],[-3,20],[11,-32],[18,41],[20,-58],[-5,23]],[[33378,27964],[-4,35],[24,-35],[-17,36],[37,-12],[-14,-35],[16,32],[28,-13],[-34,27],[18,30],[129,-5],[15,43],[60,-5],[13,67],[-19,-53],[-62,3],[-17,-29],[-51,32],[-101,-29],[-32,18],[-7,-39],[-117,23],[-46,-71],[-82,0],[9,193],[127,16],[-65,6],[-22,59],[-26,-37],[-136,86],[31,37],[-6,166],[34,92],[37,11]],[[33098,28613],[-32,38],[13,52],[55,38]],[[33134,28741],[17,12]],[[33151,28753],[59,29],[19,-45],[-10,52],[63,79],[7,87],[43,-25],[-15,39],[59,38],[237,39],[87,88],[74,22],[-74,-18],[-99,-84],[-73,16],[-140,-26],[-18,23],[6,-30],[-47,-21]],[[33329,29016],[-21,1],[-109,-190],[-78,5],[-18,-46],[-25,6],[-67,-70],[-106,119],[6,140],[-22,36]],[[32889,29017],[12,-217],[-125,23],[-128,-112],[-36,9]],[[32612,28720],[-21,48],[9,91],[77,89],[-38,62],[-25,-17],[-4,38],[-9,-17],[-65,29],[-38,81],[-112,97],[66,-74],[-34,-30],[57,15]],[[32475,29132],[-3,8]],[[32472,29140],[3,-8]],[[32475,29132],[18,-59]],[[32493,29073],[20,-45],[35,-8],[-30,2],[47,-8],[-18,-15],[27,14],[85,-68],[-110,-94],[25,-12],[-30,-101],[44,-39],[55,-21],[203,96],[116,-95],[14,-45],[-29,-18],[-35,-2],[-36,46],[-50,-35],[49,12],[48,-41],[45,-83],[13,-95],[-25,-31],[-31,31],[2,-34],[-77,18],[91,-50],[-11,-38],[40,-59],[117,-89],[-19,-134],[-22,-45],[-35,1],[-1,0]],[[33010,27988],[30,-18],[-20,-112],[-59,23],[-65,-20],[-67,-74],[-52,-3],[15,-18],[-68,61],[-117,-5],[12,76],[-26,58],[2,-185],[-30,-14],[-84,49],[-107,-29],[-145,-94],[-207,50],[-96,59],[-16,23],[24,83],[40,54],[-61,-42],[-9,-95],[-109,46],[-38,-22]],[[31757,27839],[-44,-32],[-111,-1],[-36,39],[-23,-39],[-103,-19],[-117,19],[14,63],[-72,68],[-1,74],[-92,38],[27,84],[-15,45],[107,91],[-13,35],[-72,-89],[-35,22],[-21,-172],[26,-63],[-24,-21],[15,-32],[-11,-21],[-42,16],[-37,-95],[-77,106],[-89,-30],[4,-39],[-95,28],[-35,-31],[-65,3],[-34,66],[-61,33],[31,128],[-55,47],[48,-53],[-7,-51]],[[30642,28056],[-15,42],[10,-18]],[[30637,28080],[5,-24]],[[30642,28056],[-4,2]],[[30638,28058],[-18,-32]],[[30620,28026],[-7,-3]],[[30613,28023],[15,-18],[-57,-85],[49,-62],[-6,-63],[166,-66],[-74,-11],[4,-50],[41,-34],[-69,-58],[31,-65],[-53,-9],[0,2]],[[30660,27504],[-55,7],[-25,-49]],[[30580,27462],[19,-43],[-41,-24],[-19,53]],[[30539,27448],[-56,30],[13,53],[-55,9],[18,62],[-45,81],[42,62],[4,32],[-24,7],[14,43],[-145,43],[21,85],[-96,84],[-91,19],[-41,-37],[-51,61],[-55,-3],[9,19],[-60,38],[4,48],[-77,8],[9,50]],[[29877,28242],[-13,33],[15,-15]],[[29879,28260],[51,7],[12,-30],[25,24],[36,-19],[100,18],[72,-47],[85,2],[54,167],[-5,149],[34,-22],[37,41],[80,-49],[94,172],[81,30],[19,35]],[[30654,28738],[28,41],[32,-17],[70,24],[77,-36],[35,49],[52,-59],[119,-14],[58,95],[25,-9],[-1,60],[37,14],[12,72],[-43,174],[36,222],[-40,133],[-30,21],[31,59],[-43,-14],[-17,41]],[[31092,29594],[-24,21],[30,107],[-29,139],[-150,285],[-49,24],[-24,-27],[-69,9],[-46,-24],[-23,27],[-9,-38],[-53,59],[-45,-9]],[[30601,30167],[-62,-4],[-40,-41],[32,50],[-13,44],[-48,19],[-85,-19],[19,27],[-29,27],[56,47],[-70,-38],[-9,-62],[-60,24],[-46,-16]],[[30246,30225],[-12,-6]],[[30234,30219],[8,30],[-35,39],[-30,-5],[6,28],[-101,-5]],[[30082,30306],[-103,-36],[-44,41],[-55,-76],[-18,67],[-58,-61],[-47,44],[-75,-57],[-11,30],[-26,-39],[-33,42],[6,-74],[-75,-6],[-53,-62],[-14,80],[-35,-36],[-36,4],[-28,-56],[-54,-12],[-39,30],[1,56],[36,6],[10,49],[36,12],[15,71]],[[29382,30323],[13,43],[-61,49],[-20,59],[67,51],[37,-26],[76,107],[-3,70],[-31,4],[24,9],[-14,28],[-57,4],[11,45],[-94,-22],[80,92],[38,4]],[[29448,30840],[105,76]],[[29553,30916],[32,6],[-6,-46],[58,31],[43,-23],[24,38],[52,-3],[43,33],[18,-18],[78,89]],[[29895,31023],[98,53],[26,80],[54,21],[51,-23],[15,30],[29,-1]],[[30168,31183],[77,12],[34,35],[-19,58],[-38,-6],[47,15]],[[30269,31297],[82,44],[-20,49],[-30,3],[67,16],[-34,15],[62,17],[-27,33],[14,-11]],[[30383,31463],[77,13],[35,-38],[-4,21],[-1,0]],[[30490,31459],[1,3],[-1,0]],[[30490,31462],[0,3]],[[30490,31465],[41,9],[0,2]],[[30531,31476],[70,-23]],[[30601,31453],[5,-2]],[[30606,31451],[135,-12],[-19,68],[66,0],[-12,29],[63,23],[-20,13],[29,33],[-55,20],[104,33]],[[30897,31658],[80,-45],[-7,24],[32,17],[22,-29]],[[31024,31625],[97,26],[33,-17],[39,54],[-21,58],[50,1],[-7,26],[101,-38],[51,44],[6,50],[-28,12],[18,10],[-37,70],[64,90],[-95,17],[22,63],[-63,32],[204,157],[-2,29],[-49,-6],[-5,22]],[[31402,32325],[-11,41],[21,27],[-60,21]],[[31352,32414],[-32,12],[-8,38],[63,106],[93,42],[4,65],[80,22],[13,-33],[34,-4],[-20,-20],[42,0],[2,-39],[32,41],[51,-34],[30,20]],[[31736,32630],[50,-26],[38,14],[21,-32],[48,11],[0,-42],[33,-29],[21,57],[57,-24],[65,23],[-11,30],[31,-36],[32,24],[29,-41],[28,32]],[[32178,32591],[-8,19],[39,-55]],[[32209,32555],[3,-93],[148,-51],[-111,30],[-93,-154],[28,-33],[76,39],[-80,-45],[30,-44],[52,22],[1,0]],[[32263,32226],[43,1],[28,-71],[35,-12],[-27,44],[7,54],[51,3],[31,-29],[45,47],[108,23],[32,53],[42,-18],[19,43],[42,-13],[16,51],[67,-30],[-9,69],[99,98],[-74,76],[9,56],[49,15],[11,60],[60,-6],[55,-48]],[[33002,32692],[37,-21],[-13,-101],[38,7]],[[33064,32577],[21,-41],[81,-30],[5,30],[41,-9],[9,23],[35,-44],[-6,30],[83,32],[145,-35],[33,15],[4,-19],[39,24],[83,-48],[91,-6],[-95,24],[-3,30],[-90,47],[-49,-6],[35,75],[-5,55],[-87,64],[22,73],[36,59],[49,22],[-20,37],[58,6],[23,43],[86,37],[180,9],[94,52],[31,49],[-1,0]],[[33992,33175],[10,44],[52,7],[27,63],[37,3],[-7,37],[32,40]],[[34143,33369],[14,12]],[[34157,33381],[34,22],[27,-20],[-15,65],[76,125]],[[34279,33573],[-3,48],[94,86],[-16,55],[-53,31],[110,62],[46,144],[100,-92],[70,-15],[9,-40],[148,-40],[43,-38]],[[40443,27822],[10,-3]],[[40453,27819],[-10,3]],[[38069,28038],[-30,-23],[7,11],[-11,4],[5,8],[12,-2],[9,10],[8,-8]],[[37982,28073],[41,-9],[-28,-14],[34,-17],[-48,3],[-15,20],[25,0],[-33,21],[24,-4]],[[37949,28100],[-30,-18],[24,9],[-3,-27],[-27,6],[28,-9],[-10,-26],[-54,32],[20,37],[51,17],[1,-21]],[[37940,28138],[-53,-38],[13,45],[40,-7]],[[37884,28135],[-9,-26],[-36,1],[2,-16],[6,13],[29,0],[6,6],[-14,-37],[-45,0],[15,-8],[-45,-7],[-6,-8],[-2,-14],[-19,7],[-4,-11],[-36,1],[1,34],[10,15],[5,0],[-7,-43],[6,16],[3,27],[-3,9],[9,-5],[-8,9],[20,24],[-10,-19],[51,30],[15,-3],[-14,-11],[-9,3],[-36,-25],[3,-41],[0,41],[22,-29],[-15,32],[13,-5],[2,14],[13,12],[5,-5],[-7,2],[7,-6],[-6,-11],[4,6],[1,-18],[3,26],[20,-23],[-9,33],[18,-24],[-9,23],[47,-3],[2,32],[11,-18]],[[37787,28148],[4,-21],[-32,2],[28,19]],[[37853,28154],[15,-21],[-48,-6],[33,27]],[[37838,28166],[-8,-30],[-41,9],[49,21]],[[43019,34154],[73,-9],[55,-77],[159,-62],[20,-48],[23,35],[38,-64],[16,-125],[-129,-166],[47,-11],[3,-122],[183,-36],[181,-134],[129,6],[-16,-74],[-96,-112],[32,-83],[73,-10],[52,-52],[22,-90],[109,-115],[-38,-56],[-79,-32],[-14,-75],[-56,-39],[-46,-119],[70,-43],[-39,-158],[-124,-119],[-7,-62],[-113,-142],[33,-83],[-151,-232],[76,-117],[-22,-86],[45,-37],[-90,15],[-89,-79],[-13,-107],[32,-20],[1,-63],[-31,-27],[-13,-149],[-41,-80],[34,-62],[92,-38],[-41,-66],[37,-213],[-219,-353],[-78,-26],[-25,-66],[-114,-56],[-81,-119],[-96,-240],[13,-129],[-53,-138],[-69,-43],[-4,-49],[-81,-112],[-27,-110],[17,-55]],[[42589,29020],[-46,103],[-45,32],[23,22],[-21,47],[-36,24],[-186,97],[-202,13],[-60,-52],[-49,19],[-81,-57],[-116,-12],[66,-56],[3,-54],[87,-127],[4,-95],[-49,-193],[-82,4],[-34,33],[-57,-39],[-101,100],[-159,-59]],[[41448,28770],[-107,-38],[-30,-63],[-116,-15],[-126,15],[-48,77],[-130,66],[-47,-78],[30,-97],[-66,-38],[8,-28],[-67,-94],[-35,0],[10,-30],[-21,4],[-2,-31],[-37,9],[-25,-61],[16,-42],[-42,-7],[15,-46],[-38,-9],[-5,-34],[-83,9],[-48,-107],[18,-38],[-25,-12],[46,-86],[-8,-113],[-34,-13]],[[40451,27870],[54,-54],[-4,-29]],[[40501,27787],[-6,-1]],[[40495,27786],[-101,106],[35,-50],[-17,-17],[23,-39],[-23,-35],[10,-45],[-60,-11],[-60,-66],[0,35],[-24,-20],[-19,33]],[[40259,27677],[17,-34],[26,18],[-11,-27],[31,-26],[-22,-44],[-41,42],[39,-48],[-30,-30],[-59,-3],[17,27],[-10,3],[-5,-26],[-9,25],[-30,-31],[-5,-194]],[[40167,27329],[9,6],[10,-64],[-11,-43],[-1,86],[-10,-29]],[[40164,27285],[-1,4]],[[40163,27289],[0,7]],[[40163,27296],[0,-7]],[[40163,27289],[1,-4]],[[40164,27285],[5,-36],[-14,19],[-14,-10],[-2,35],[-38,-28],[37,12],[3,-21],[28,-13],[9,-85],[-41,-45],[-19,24],[-37,11]],[[40081,27148],[21,-9],[-205,-67],[-91,-3],[-7,26],[-6,-29],[-16,36],[5,-30],[-37,-13],[-15,39],[-32,-6],[-1,35],[5,-2],[11,18],[7,5],[23,-20],[22,8],[-45,13],[-7,-4],[-12,-20],[-4,5],[1,18],[24,19],[8,-4]],[[39730,27163],[-4,6]],[[39726,27169],[-9,1],[-23,-25],[-3,-73],[-24,27],[-52,-57],[13,57],[-35,-48],[19,8],[-22,-43],[37,23],[-18,-29],[-78,6],[2,37],[-50,-2],[-13,51],[-21,-15],[2,73],[-35,-9],[27,36],[-63,87],[27,129],[-39,-162],[41,-60],[-39,21],[-14,-29],[-27,20],[43,13],[-51,136],[-18,-31],[-17,42],[31,-5],[-31,53],[-251,67],[-115,-20],[-18,-60],[-163,-25],[-51,-1],[11,62],[-11,-20],[-1,21],[-29,8],[25,-23],[1,-69],[-19,31],[-80,-25],[5,28],[-11,-12],[5,-34],[-17,34],[-178,-10],[21,-11],[-42,2],[21,-11],[-21,-9],[-21,21],[-17,-15],[26,-15],[142,41],[-40,-18],[60,13],[36,-24],[5,-45],[-159,-79],[-129,14],[-231,155],[-213,246],[-182,262],[-100,288],[50,16],[84,-86],[-13,38],[53,14],[-34,-40],[26,2],[-14,-47],[22,11],[-8,54],[23,-18],[12,29],[-26,-97],[7,-9],[35,-2],[9,9],[20,-9],[-34,-12],[35,2],[5,15],[3,-24],[5,13],[-7,12],[-8,-1],[1,18],[17,3],[3,-17],[34,23],[11,-26],[-37,2],[-12,-26],[43,24],[12,-18],[-12,3],[-11,-12],[-17,3],[11,-9],[18,15],[2,-24],[12,24],[6,-22],[7,12],[-22,50],[17,10],[6,-51],[4,36],[33,-18],[-25,-35],[49,38],[-58,-48],[26,1],[-7,-18],[29,33],[-22,-28],[22,-25],[13,73],[18,-29],[-15,-36],[35,-8],[-22,26],[20,54],[20,-70],[15,31],[-21,21],[37,15],[-4,28],[30,-12],[-17,-10],[-10,-12],[-11,-42],[19,-1],[-4,45],[5,-38],[6,23],[23,-15],[-22,-26],[18,18],[-14,-32],[26,2],[-23,-18],[24,9],[-1,12],[-17,0],[16,15],[38,-13],[-61,45],[25,18],[-16,35],[33,-32],[-9,-41],[37,-9],[-26,35],[31,-21],[-13,16],[30,5],[-46,3],[-6,24],[50,6],[-57,3],[32,30],[22,-12],[-19,18],[53,-25],[-6,-5],[0,-13],[-14,-7],[13,-22],[3,42],[10,-12],[-2,-17],[16,14],[-18,17],[14,0],[13,-28],[-12,31],[10,-9],[7,25],[16,-38],[-15,43],[27,6],[-33,0],[-21,-24],[-39,46],[-87,-18],[25,9],[-45,12],[8,29],[1,-30],[2,29],[29,-23],[-42,53],[55,68],[116,16],[12,43],[76,24],[-79,-24],[-10,-41],[-106,-14],[-26,27],[-9,-60],[-106,35],[-59,-20],[-209,26],[-99,149],[-5,103],[34,213],[80,125],[-16,163]],[[37681,29007],[0,-5]],[[37681,29002],[0,5]],[[37681,29007],[47,33],[-7,-44],[35,52]],[[37756,29048],[113,107],[57,-12],[114,81],[51,264],[-18,64],[-61,54],[101,110],[-3,23],[9,-2],[17,23],[1,-15]],[[38137,29745],[8,-2]],[[38145,29743],[-3,14],[-7,4],[-27,-22],[-4,-31],[-44,55],[59,-6],[23,34],[-6,32],[-48,12],[31,21],[0,52]],[[38119,29908],[-13,46],[21,37],[116,39],[29,-18],[24,4],[27,46],[-40,13],[21,29],[24,-26],[34,14],[-7,59],[82,-34],[36,-45],[199,65],[-201,-60],[-25,65]],[[38446,30142],[-9,-19],[-78,37],[-21,-14],[20,-51],[-27,-14],[-26,36],[-32,-42],[46,-15],[-36,-44],[-33,18],[-26,0],[-88,-27],[-48,-34]],[[38088,29973],[25,-109],[-25,-2],[-2,-40],[50,-17],[-33,-39],[-42,10]],[[38061,29776],[-6,-27],[37,-41],[-46,-46]],[[38046,29662],[-41,-44],[-9,20],[9,-40],[74,-107],[-64,-277],[-64,-31],[-62,23],[-130,-77],[-52,-3],[-14,23],[12,-31],[-74,-66],[-30,-74],[-7,-112],[-116,-188],[-85,-38],[-39,-72],[-46,-17],[-171,104],[-77,-3],[-37,51]],[[37023,28703],[-81,47],[90,65],[10,-18],[20,92],[-11,-45],[-5,56],[4,-50],[-38,-45],[23,49],[-5,-7],[7,45],[-5,24],[7,3],[7,-7],[-1,22],[-12,-12]],[[37033,28922],[-4,-4],[5,-29],[-26,57],[-11,8],[4,7],[-110,68],[34,92],[-17,-33],[-11,14],[-21,-14],[26,33],[-25,0],[-2,8],[14,11],[-1,9],[0,3],[14,0],[-33,7],[22,30],[30,-1],[-18,42],[17,-41],[-30,2],[-22,-30],[5,-15],[7,-3],[6,7],[2,-3],[0,-7],[-15,-11],[1,-9],[25,1],[-27,-28],[6,-8],[24,9],[-22,-50],[-42,19],[-50,-29],[-39,10],[-69,68],[-25,92],[-117,70],[14,30],[-10,29],[10,27],[-10,12],[20,63],[-6,20],[-8,-5],[13,-16],[-21,-62],[10,-15],[-8,-21],[-26,21],[-51,7],[-58,-36],[-51,30],[11,14],[-4,9],[-30,-1],[-13,-22],[-29,-4],[6,-12],[-4,10],[31,6],[10,20],[29,0],[-8,-21],[53,-30],[53,34],[55,-7],[33,-48],[-14,-34],[120,-74],[14,-81],[73,-79],[118,-16],[89,-106],[-42,-105],[-62,-58],[3,-34],[-9,25],[0,-35],[-19,26],[64,-96],[-31,-34],[35,29],[39,-42],[-10,24]],[[36917,28616],[33,-3],[-4,-23]],[[36946,28590],[-19,-12],[27,-22],[-2,39],[25,-8],[-17,-30],[19,-17],[-5,28],[17,-43],[-10,58],[52,-50],[-29,-14],[12,-12]],[[37016,28507],[10,2]],[[37026,28509],[9,-3]],[[37035,28506],[-22,-12],[33,6],[7,-33],[32,15],[-14,-32],[25,20],[-4,-31],[63,-10],[-56,-12],[117,-47],[-57,-65],[-255,-122],[-88,-12],[-842,155],[-79,-74],[-52,18],[-42,-60],[-282,57],[-81,-13],[-77,-52],[-35,20]],[[38016,25666],[8,6],[67,-23],[32,-27],[-88,42],[-20,-10],[-59,3],[60,9]],[[38162,26312],[-52,7],[36,20],[16,-27]],[[39018,26616],[-7,-19],[-12,33],[19,-14]],[[38818,26716],[1,-42],[-37,-11],[36,53]],[[40273,26991],[-23,-5],[6,24],[-16,24],[7,2],[7,9],[19,-54]],[[40116,27042],[26,0],[-1,-12],[-32,-6],[7,18]],[[40169,27022],[-2,-4],[3,-8],[-5,-30],[-7,39],[-20,5],[10,13],[-2,11],[29,5],[-6,-31]],[[40501,27787],[-6,-1]],[[41448,28770],[56,-21],[29,-65],[58,-47],[-20,-38],[58,-24],[-15,-47],[40,-3],[-6,-21],[222,-222],[44,-247],[-25,1],[43,-34],[24,-74],[-15,-56],[68,-85],[-29,-34],[31,-30],[74,46],[73,-71],[-5,-48],[68,47],[52,-45],[-74,-331],[-119,-93],[4,-65],[-43,-100],[-54,-12],[7,-122],[-111,-231],[-32,-190],[37,-23],[1,-36]],[[41889,26449],[-63,18],[-82,-84],[-185,-59],[-25,-41],[33,56],[-32,18],[5,56],[-29,22],[-9,-13],[10,-17],[7,-27],[-4,-71],[1,80],[-103,5],[-183,-34],[-138,-64],[-149,-130],[-60,-278],[38,-87],[175,-86],[-45,-65],[-30,25],[-74,-46],[-139,75],[-48,-18],[7,-44],[-91,-13],[-64,105],[-37,-1],[-83,-68],[-119,-23],[8,-45],[-56,-58],[-88,76],[-93,-8],[-35,44],[-116,11],[-50,72],[-34,-1],[23,21],[-22,44],[57,9],[8,37],[-10,-37],[-28,15],[-51,-26],[23,-14],[-97,-75],[-26,27],[-158,-16],[-113,-106],[-41,-101],[96,-80],[34,-73],[-58,-63],[-80,54],[-181,58],[-47,-20],[-62,18],[-113,-53],[-11,-68],[39,-36],[-35,20],[-20,-32],[-50,67],[-65,-19],[-108,25],[-109,87]],[[38704,25394],[-85,39],[-6,47],[-35,-10],[-43,43],[-33,-3],[2,32],[-72,17],[6,43],[-121,17],[-39,-45],[-99,51],[93,89],[62,14],[14,99],[-64,302],[-87,183],[-27,4],[10,32],[92,63],[101,-19],[57,31],[64,136],[4,-24],[45,68],[104,47],[84,252],[131,1],[-21,-29],[-84,10],[88,-64],[-33,-12],[8,-57],[-40,28],[23,-33],[-22,-10],[33,1],[-55,-36],[38,8],[-39,-43],[-9,-54],[-24,-2],[-11,-7],[21,6],[-1,-12],[21,18],[-31,-48],[29,19],[27,-75],[-50,-56],[52,53],[-22,83],[48,-50],[-51,91],[33,-31],[-29,34],[33,9],[17,-73],[-14,76],[28,-38],[0,27],[-27,15],[37,-1],[-3,-41],[15,50],[-13,-59],[20,16],[6,-22],[-27,-33],[0,-32],[22,56],[4,-47],[4,17],[11,-23],[-19,101],[11,12],[17,-27],[-13,-24],[8,13],[-2,-6],[4,-12],[-3,-9],[5,5],[2,-15],[2,10],[-9,21],[7,17],[-13,20],[7,4],[25,-50],[-15,-37],[18,16],[-13,-35],[15,11],[14,-47],[19,-6],[-34,85],[39,-5],[-11,-15],[18,17],[-18,-33],[9,15],[-1,-37],[9,47],[17,-65],[3,29],[12,-26],[32,43],[8,-44],[-13,-9],[6,-12],[7,-3],[0,-6],[-11,-8],[27,14],[5,-18],[31,7],[6,-39],[-4,41],[-31,-5],[1,20],[-16,-8],[-17,11],[1,9],[11,3],[-1,25],[8,-18],[-1,35],[-11,-14],[1,13],[-4,7],[-6,2],[-31,-19],[-12,19],[15,28],[58,-24],[-31,24],[-98,21],[28,15],[-36,19],[54,-5],[-1,29],[47,-70],[5,-3],[11,26],[30,-53],[-9,44],[-68,72],[0,46],[40,-34],[-7,-31],[45,-5],[28,-53],[108,-25],[61,13],[-12,-30],[-37,2],[-51,-38],[47,18],[8,-17],[11,-9],[6,5],[3,-9],[-39,-6],[13,-21],[50,34],[-11,-75],[11,78],[-34,-1],[-15,30],[37,3],[58,29],[16,34],[5,-40],[82,-23],[20,66],[23,-49],[-9,-46],[-13,-6],[-9,12],[-28,0],[-5,-39],[11,-9],[12,-3],[10,2],[-9,-15],[-22,6],[-13,-43],[15,41],[22,-7],[9,15],[-2,7],[-11,-4],[-19,10],[5,35],[15,-8],[10,11],[-1,-9],[10,-6],[-4,-6],[-2,-11],[17,-18],[-12,-33],[1,-9],[5,22]],[[39424,26456],[4,0]],[[39428,26456],[-1,-4]],[[39427,26452],[4,-3]],[[39431,26449],[-4,3]],[[39427,26452],[1,4]],[[39424,26456],[11,20],[-4,0],[-1,9],[-13,5],[-3,7],[6,12],[-1,5],[18,1],[9,55],[15,-43],[33,28],[-30,-9],[-10,58]],[[39454,26604],[3,0]],[[39457,26604],[1,-6]],[[39458,26598],[-1,6]],[[39457,26604],[-3,0]],[[39454,26604],[-9,8],[22,-9]],[[39467,26603],[5,3]],[[39472,26606],[11,-5]],[[39483,26601],[2,5]],[[39485,26606],[-2,-5]],[[39483,26601],[-11,5]],[[39467,26603],[13,16]],[[39480,26619],[14,-10]],[[39494,26609],[-4,7]],[[39490,26616],[23,0]],[[39490,26616],[-10,3]],[[39480,26619],[-1,2]],[[39479,26621],[-18,23],[35,57],[53,23],[3,-31]],[[39552,26693],[-1,31],[27,-71],[-9,51],[43,-15]],[[39612,26689],[-26,23],[91,7],[43,-45],[-61,90],[54,32],[-32,23],[59,-23],[55,26],[-6,-26],[14,26],[130,30],[36,-15],[112,39],[49,45],[-48,-42],[-112,-36],[-109,31],[68,83],[92,38],[-4,-25],[50,57],[29,-15]],[[40096,27012],[49,-77],[-38,86],[33,1],[17,-16],[5,-12],[0,-9],[2,-5],[2,0],[5,32],[-3,6],[6,19],[48,11],[27,-39],[-6,-21],[19,-12],[22,27],[-28,37],[49,10],[6,-22],[33,-12],[-2,-12],[-17,-1],[-1,-9],[43,-21],[-41,27],[16,1],[16,17],[17,-15],[48,25],[39,-4],[-42,6],[-42,-24],[-16,13],[-44,11],[-13,29],[-49,-11],[-11,-11],[-5,2],[-61,68],[110,118],[-12,52],[20,5]],[[40297,27282],[-68,68],[-15,86],[29,29],[38,-10],[-27,-7],[27,-12],[-2,-48],[9,51],[4,-33],[33,157],[52,34],[-33,-9],[18,83],[68,11],[12,113],[-25,26],[26,1]],[[40453,27819],[36,-38],[18,6],[5,19],[-13,22],[-48,42]],[[42589,29020],[47,-98],[44,11],[123,-131],[44,-159],[-27,-50],[25,-45],[64,-33],[213,-17],[27,59],[49,12],[54,136],[-47,41],[70,90],[319,88],[58,-21],[136,105],[55,-31],[98,4],[33,-47],[77,-19],[19,-55],[40,8],[76,-59],[46,12],[67,-45],[75,32],[53,-61],[17,-167],[39,-64]],[[44483,28516],[-21,-21],[107,-271],[26,-261],[-58,-224],[34,-116],[-45,-75],[17,-64],[-45,-104],[68,-86],[62,-174],[95,-107],[6,-143]],[[44729,26870],[-19,-48],[-130,34],[-133,-49],[-2,-55],[-582,118],[-166,-356],[24,-51],[-41,-142],[43,-29],[9,-89],[-125,35],[-30,-144],[38,-113],[29,-12],[85,-152],[80,-43],[112,-126],[-24,-67],[50,-50],[19,-64],[-58,-203],[-273,-25],[-19,-43],[-57,-6],[1,-48],[-60,-57],[-130,57],[-149,11],[-84,75],[-68,-18],[-16,-38],[-39,5],[3,24],[-44,26]],[[42973,25227],[-231,499],[-22,20],[-50,-32],[-37,-1],[-75,25],[-63,58],[72,-58],[106,-18],[-1,92],[-43,98],[-130,-34],[158,55],[19,107],[54,38],[-60,-31],[-27,-97],[-45,-11],[-32,38],[-22,-41],[21,64],[-364,404],[99,92],[-48,-16],[179,132],[-62,-34],[8,166],[-39,40],[36,38],[-37,-29],[-20,100],[12,66],[46,-18],[-43,25],[38,57],[-25,-44],[14,20],[-4,-35],[13,14],[5,46],[61,-33],[-45,-51],[99,72],[97,172],[132,17],[36,81],[-49,-83],[-122,-9],[-90,-154],[-21,16],[21,28],[-22,-27],[-25,21],[15,-13]],[[42460,27059],[30,-29],[-42,-29],[-66,38]],[[42382,27039],[62,29],[-31,-3],[22,27],[-59,-33],[-58,-97],[-14,-101],[23,-94],[-37,79],[34,-80],[-69,-47],[75,36]],[[42330,26755],[0,-3]],[[42330,26752],[3,-4]],[[42333,26748],[-3,4]],[[42330,26752],[0,3]],[[42330,26755],[27,-28]],[[42357,26727],[-11,-151],[-42,-49],[-31,6]],[[42273,26533],[-29,-43],[-25,28],[-51,3],[62,-18],[-32,-42],[-140,15],[-82,-39],[-87,12]],[[44729,26870],[222,-18],[22,-64],[110,-90],[115,-242],[91,-60],[29,-54],[89,-6],[118,-127],[10,-78],[-56,-129],[15,-93],[-109,-115],[45,-21],[-16,-48],[76,-49],[-29,-123],[85,-62],[9,-85],[56,-77],[-125,-74],[-71,-289],[-107,-102]],[[45308,24864],[-88,-52],[-72,-95],[-81,-34],[-41,12],[39,-63],[-31,-26],[9,-27],[-103,-40],[52,-38],[5,-104],[-193,169],[-260,-144],[-77,-16],[-29,36],[-133,-54],[-71,-67]],[[44234,24321],[-117,-45],[-47,-56],[-114,121],[-67,32],[-129,-7],[-55,-96],[-47,56],[-41,-26],[-13,32],[-66,10],[-16,-51],[-10,14],[19,-38],[-58,45],[-34,-7],[-41,54],[-53,9],[-30,137],[-86,106],[6,29],[-92,45],[-23,54],[-27,-4],[33,49],[-153,443]],[[47965,23108],[2,-21],[-65,12],[63,9]],[[48240,23855],[-3,0]],[[48237,23855],[3,0]],[[46731,24801],[148,-32],[64,12],[120,-113],[38,-114],[92,-150],[37,-154],[69,-102],[202,-8],[63,91],[188,66],[140,-180],[6,-69],[52,-45],[5,36],[25,-1],[-5,-43],[57,-98],[194,-35]],[[48226,23862],[11,-77],[-56,-209],[10,-316],[-153,-59],[-5,-34],[-164,4],[-141,49],[-154,-102],[-80,-16],[-11,21],[-62,-81],[15,22],[-47,23],[3,-30],[-25,-5],[43,-20],[-60,13],[4,-64],[-110,32],[-21,-14],[7,-54],[-60,65],[17,30],[26,-15],[11,33],[-66,-6],[-22,-99],[-117,92],[-68,10],[-60,-62],[-211,-113],[-149,44],[-200,-17],[-13,24],[-117,-24],[-14,124],[22,101],[-26,-103],[11,-131],[-78,-19],[-24,69],[-80,36],[-268,0],[-211,85],[-54,-24],[-95,51],[-274,69],[-174,-36],[-169,56],[-74,170],[-78,76],[-64,176],[-28,11],[-89,167],[-88,13],[25,13],[-21,54],[-211,138],[-93,102],[-8,85],[196,131]],[[45308,24864],[260,37],[218,-74],[49,-53],[72,15],[15,-30],[39,25],[27,-30],[80,23],[20,-65],[61,-53],[53,136],[110,27],[42,44],[62,-53],[55,44],[74,1],[22,-31],[164,-26]],[[48649,22796],[-55,6],[-12,34],[53,24],[14,-64]],[[48637,25362],[16,-18],[55,32],[15,-51],[162,-147],[86,-27],[32,-119],[74,-51],[-38,-49],[-78,-33],[35,-25],[-108,-50],[74,-136]],[[48962,24688],[-213,-136],[-80,18],[-63,-18],[-25,-38],[4,43],[-66,6],[36,45],[-59,23],[-51,70],[21,83],[-31,-6],[-11,16],[14,66],[-18,-65],[13,-18],[30,1],[-23,-74],[52,-78],[49,-18],[-27,-36],[6,-24],[62,1],[-2,-44],[28,21],[-12,-63],[-70,-173],[-37,-31],[-39,6],[36,-92],[-181,-228],[-26,-4],[-2,26],[-38,-20],[1,-92]],[[48237,23855],[-11,7]],[[46731,24801],[-30,86],[34,73],[-75,166],[19,78],[54,32],[97,-21],[27,105],[99,24],[-3,68],[108,-16],[180,62],[29,-11],[3,-82],[109,-120],[95,60],[47,104],[69,59]],[[47593,25468],[32,5],[55,-49],[110,53],[-6,-29],[111,37],[30,46],[140,-1],[178,57],[56,-42],[42,-92],[52,15],[19,41],[6,-24],[162,-53],[-17,-36],[74,-34]],[[45777,29450],[-11,-152],[42,-160],[43,-56],[22,9],[-8,-37],[59,-77],[-8,-74],[73,-76],[30,-121],[-33,-12],[18,-27],[-62,-27],[20,-27],[-38,-38],[-49,5],[-49,56],[-127,-13],[145,-138],[31,-71],[172,-189],[119,-262],[97,-20],[73,-79],[137,-226],[74,-231],[63,-65],[159,-303],[83,-69],[14,51],[57,3],[10,-59],[-28,-45],[18,-62]],[[46923,26858],[99,-148],[-19,-109],[19,-62],[-26,-37],[46,-44],[-21,-48],[85,-215],[14,-131],[92,-118],[32,37],[66,-44],[31,-74],[-29,-53],[60,-139],[119,49],[59,-59],[51,-110],[-8,-85]],[[44483,28516],[47,58],[179,98],[50,190],[105,9],[26,-32],[70,3],[15,56],[-51,71],[87,20],[255,228],[228,128],[69,211],[-14,76],[88,24],[108,-106],[32,-100]],[[48662,27554],[4,-86],[49,1],[71,-47],[155,95],[111,-214],[-8,-175],[-27,-51],[-23,13],[31,-119],[-245,-275],[5,-40],[135,-64],[9,-90],[35,-26]],[[48964,26476],[-16,-48],[21,-48],[87,-93],[67,-21],[-8,-24],[-37,-28],[-15,24],[-22,-55],[-48,0],[-35,-58],[-46,24],[-43,-17],[-10,-78],[-101,87],[-130,-71],[-37,-59],[21,-134],[59,12],[88,-86],[43,20],[23,-61],[64,-39],[-35,-98],[-51,36],[-33,-16],[33,-64],[-66,-27],[-26,-115],[-58,-34],[-16,-43]],[[46923,26858],[117,113],[39,180],[32,-71],[64,-18],[4,285],[95,78],[-42,186],[-96,228],[9,44],[-78,161],[2,71],[-39,53],[19,6],[-9,66],[-132,-68],[48,116],[-69,52],[-98,238],[-48,479]],[[46741,29057],[215,58]],[[46956,29115],[30,55],[47,16],[13,-65],[39,-10],[26,-45],[42,-136],[45,12],[9,-38],[80,-42],[43,-101],[-25,-20],[30,-154],[83,-15],[16,-29],[-21,-52],[42,-98],[36,13],[7,-47],[125,-93],[14,-61],[58,-33],[29,-131],[-11,91],[38,-26],[30,42],[47,8],[-76,218],[83,74],[141,-163],[111,-264],[126,-179],[97,59],[32,-50],[53,-15],[2,-107],[144,-89],[16,-41],[-96,-136],[11,-44],[106,3],[84,132]],[[48299,29444],[60,-51],[-6,-78],[48,-43],[-64,-15],[29,-74],[-63,-40],[200,-50]],[[48503,29093],[-86,-101],[177,-227],[156,-148],[-80,-61],[45,-92],[-7,-91],[39,-50],[-13,-72],[-35,-33],[19,-179],[33,-37],[-36,-30],[20,-52],[-15,-193],[-68,-119],[10,-54]],[[46956,29115],[13,178],[222,293],[392,-197],[411,12],[305,43]],[[50044,26618],[-41,-54],[-226,54],[-29,-23],[11,-28],[-80,-53],[1,-36],[-95,22],[-74,-68],[-65,9],[-87,77],[-91,5],[-33,-94],[52,-34],[-23,-68],[23,-43],[-131,53],[-85,118],[-107,21]],[[48503,29093],[227,51],[105,-71],[172,-39],[158,-80],[136,-199],[-38,-9],[-2,-64],[-30,-16],[18,-62],[42,-67],[15,16],[14,-31],[59,-19],[59,-126],[-53,-300],[23,-42],[51,-69],[182,51],[63,-58],[81,8],[33,-30],[20,-35],[-25,-63],[-105,-142],[-43,-143],[274,46],[20,-37],[-54,-79],[-52,-151],[10,-37],[-91,30],[-1,66],[-46,-13],[-56,-22],[-17,-131],[34,-3],[-4,-35],[76,-39],[19,-93],[104,-79],[13,-81],[-27,-28],[2,-51],[42,-51],[8,-70],[39,-36],[80,9],[6,-51]],[[50599,26686],[2,-2]],[[50601,26684],[-2,2]],[[52589,28337],[-32,-100],[-130,-78],[64,-98],[9,-159],[95,-122],[-5,-53],[-15,-20],[-37,-7],[-33,41],[-30,6],[-13,-14],[-2,-32],[122,-98],[4,-93],[-37,-74],[14,-39],[132,-94],[-91,-65],[-130,-6],[-39,-104],[78,-48],[101,71],[-126,-261],[36,-46],[44,30],[26,-12],[19,-63],[-25,-104],[101,-165],[-67,-107],[-7,-81],[-104,-47],[-122,-109],[7,46],[-36,3],[23,-18],[-9,-49],[-74,-78],[-10,-70],[-82,-104],[-219,-6],[-161,-48],[-311,-172],[-175,-134],[0,22],[-90,-87]],[[51252,25491],[-95,140],[-17,106],[-74,-38],[-32,71],[-55,-20],[-40,46],[-18,76],[34,35],[33,-6],[-2,51],[51,37],[0,43],[-47,62],[35,31],[0,72],[110,50],[21,71],[39,21],[-20,69],[157,27],[80,-15],[-32,61],[11,60],[-127,140],[-146,249],[-160,-86],[-114,-22],[-56,-50],[-82,38],[-25,-28]],[[50681,26782],[6,94],[-29,32],[16,-132],[-77,-45],[5,-18],[27,-11],[-5,-18],[-38,21],[-22,-21],[32,-37],[-44,-49],[-63,29],[-23,-59],[20,-25],[-33,-11],[-69,62],[-36,-8],[-70,-113],[-90,-26],[2,46],[-22,10]],[[50168,26503],[-25,112],[-55,24],[-44,-21]],[[48299,29444],[125,58],[26,50],[-26,37],[61,17],[37,93],[38,0],[8,41],[38,-7],[17,55],[166,-107],[-14,123],[75,-10],[-32,67],[10,41],[118,55],[64,74],[-2,44],[117,82],[-86,123],[9,56],[133,74],[118,9],[32,61],[-19,93],[31,42],[-42,76],[5,42],[-58,63],[0,87],[-91,34],[-21,82],[-145,81],[-45,127],[32,48],[-87,216],[74,75],[-101,148],[87,120],[44,-8],[95,158]],[[50168,26503],[20,-10],[-15,-40],[75,-40],[-75,-65],[26,39],[-21,3],[-14,20],[-8,-2],[-3,-39],[-27,48],[19,-34],[-18,-16],[31,-1],[2,41],[14,-20],[21,-3],[-36,-26],[2,-64],[-57,12],[-41,-89],[-94,46],[-27,74],[-49,-7],[-20,-58],[-52,59],[-80,-4],[17,-156],[-22,-10],[3,-32],[-23,12]],[[49716,26141],[24,-15],[-3,32],[22,4],[4,49],[6,-77],[-42,-74],[9,-46],[162,-184],[-82,-34],[-16,-91],[151,-178],[-167,-106],[-77,109],[-45,18],[27,50],[-49,69],[41,-74],[-40,-21],[13,-27],[50,-23],[39,-81],[-21,-17],[30,5],[25,-38],[-53,-166],[-290,-244],[-106,-21],[-18,22],[-50,-101],[-298,-193]],[[51252,25491],[-207,-127],[-216,-48],[-185,-98],[-93,-14],[-32,-41],[-155,52],[25,46],[19,-6],[56,55],[-25,7],[3,-29],[-37,-31],[-20,7],[-22,-33],[-251,-27],[-80,20],[-188,131],[13,45],[112,77],[55,-18],[-39,23],[-23,143],[-66,14],[-69,67],[4,43],[86,60],[-15,67],[27,-13],[11,-25],[17,15],[-20,-2],[-3,12],[-24,20],[-42,6],[-117,133],[33,124],[-26,164],[58,3],[43,-57],[37,6],[17,56],[46,-62],[92,-58],[28,14],[30,86],[51,-20],[25,70],[74,63],[-56,33],[89,29],[90,113],[68,-62],[30,8],[17,17],[-25,19],[21,53],[52,-33],[58,59],[-36,34],[32,5]],[[50601,26684],[16,-7],[17,18],[-2,12],[-28,9],[-3,12],[46,11],[34,43]],[[41541,40682],[46,24]],[[41587,40706],[73,9],[54,-33]],[[41714,40682],[-55,35],[-72,-11]],[[41587,40706],[-47,-7],[-25,89],[40,9],[-36,7],[0,37],[40,-17],[79,47],[13,27],[-16,50],[59,-20],[71,26],[72,-29]],[[46741,29057],[-225,10],[41,86],[-18,154],[-74,-38],[-61,117],[-47,-22],[-80,73],[-132,-21],[-34,105],[33,77],[-130,133],[-142,-214],[-95,-67]]],"transform":{"scale":[0.00011372144323592364,0.00006626728943799912],"translate":[-8.65,49.8649]},"objects":{"frost-zones":{"type":"GeometryCollection","geometries":[{"arcs":[[4,5,6,7,8,9,10,11]],"type":"Polygon","properties":{"LAD24NM":"Hartlepool","LAD24CD":"E06000001","frostDayOfYear":127,"frostDate":"7 May","centroidLat":54.66,"centroidLng":-1.26,"autumnFrostDayOfYear":275,"autumnFrostDate":"2 October","growingSeasonDays":148}},{"arcs":[[[12,13,14]],[[21,22]],[[23,24,25,26,27,28,29,30,31,32,33,34]]],"type":"MultiPolygon","properties":{"LAD24NM":"Middlesbrough","LAD24CD":"E06000002","frostDayOfYear":126,"frostDate":"6 May","centroidLat":54.54,"centroidLng":-1.22,"autumnFrostDayOfYear":275,"autumnFrostDate":"2 October","growingSeasonDays":149}},{"arcs":[[36,37,38,39,-27,40,41,-22,42]],"type":"Polygon","properties":{"LAD24NM":"Redcar and Cleveland","LAD24CD":"E06000003","frostDayOfYear":126,"frostDate":"6 May","centroidLat":54.57,"centroidLng":-1.02,"autumnFrostDayOfYear":275,"autumnFrostDate":"2 October","growingSeasonDays":149}},{"arcs":[[49,50,51,52,53,-20,54,-18,55,-16,56,-14,57,-29,58,59,60,-11]],"type":"Polygon","properties":{"LAD24NM":"Stockton-on-Tees","LAD24CD":"E06000004","frostDayOfYear":126,"frostDate":"6 May","centroidLat":54.57,"centroidLng":-1.31,"autumnFrostDayOfYear":275,"autumnFrostDate":"2 October","growingSeasonDays":149}},{"arcs":[[-60,61,62]],"type":"Polygon","properties":{"LAD24NM":"Darlington","LAD24CD":"E06000005","frostDayOfYear":126,"frostDate":"6 May","centroidLat":54.54,"centroidLng":-1.54,"autumnFrostDayOfYear":275,"autumnFrostDate":"2 October","growingSeasonDays":149}},{"arcs":[[[63,64,65]],[[66,67,68,69,70]]],"type":"MultiPolygon","properties":{"LAD24NM":"Halton","LAD24CD":"E06000006","frostDayOfYear":119,"frostDate":"29 April","centroidLat":53.36,"centroidLng":-2.76,"autumnFrostDayOfYear":281,"autumnFrostDate":"8 October","growingSeasonDays":162}},{"arcs":[[71,72,73,-66,74,-67,75,76,77]],"type":"Polygon","properties":{"LAD24NM":"Warrington","LAD24CD":"E06000007","frostDayOfYear":119,"frostDate":"29 April","centroidLat":53.39,"centroidLng":-2.58,"autumnFrostDayOfYear":281,"autumnFrostDate":"8 October","growingSeasonDays":162}},{"arcs":[[78,79,80,81,82,83,84]],"type":"Polygon","properties":{"LAD24NM":"Blackburn with Darwen","LAD24CD":"E06000008","frostDayOfYear":121,"frostDate":"1 May","centroidLat":53.7,"centroidLng":-2.48,"autumnFrostDayOfYear":280,"autumnFrostDate":"7 October","growingSeasonDays":159}},{"arcs":[[85,86,87]],"type":"Polygon","properties":{"LAD24NM":"Blackpool","LAD24CD":"E06000009","frostDayOfYear":120,"frostDate":"30 April","centroidLat":53.82,"centroidLng":-3.03,"autumnFrostDayOfYear":281,"autumnFrostDate":"8 October","growingSeasonDays":161}},{"arcs":[[[90,91]],[[92,93,94,95,96,97,98,99,100,101,102,103]]],"type":"MultiPolygon","properties":{"LAD24NM":"Kingston upon Hull, City of","LAD24CD":"E06000010","frostDayOfYear":123,"frostDate":"3 May","centroidLat":53.77,"centroidLng":-0.3,"autumnFrostDayOfYear":279,"autumnFrostDate":"6 October","growingSeasonDays":156}},{"arcs":[[[104,105,106]],[[107]],[[108,109,110,111,112]],[[118,119,120,89,121,-104,122,-91,123,124,125,126,127]]],"type":"MultiPolygon","properties":{"LAD24NM":"East Riding of Yorkshire","LAD24CD":"E06000011","frostDayOfYear":123,"frostDate":"3 May","centroidLat":53.87,"centroidLng":-0.43,"autumnFrostDayOfYear":279,"autumnFrostDate":"6 October","growingSeasonDays":156}},{"arcs":[[128,129,130,131,132,133]],"type":"Polygon","properties":{"LAD24NM":"North East Lincolnshire","LAD24CD":"E06000012","frostDayOfYear":121,"frostDate":"1 May","centroidLat":53.55,"centroidLng":-0.13,"autumnFrostDayOfYear":280,"autumnFrostDate":"7 October","growingSeasonDays":159}},{"arcs":[[[134,135,-105,136]],[[137]],[[138,-133,139,140]]],"type":"MultiPolygon","properties":{"LAD24NM":"North Lincolnshire","LAD24CD":"E06000013","frostDayOfYear":122,"frostDate":"2 May","centroidLat":53.61,"centroidLng":-0.46,"autumnFrostDayOfYear":280,"autumnFrostDate":"7 October","growingSeasonDays":158}},{"arcs":[[-127,141,142,143]],"type":"Polygon","properties":{"LAD24NM":"York","LAD24CD":"E06000014","frostDayOfYear":123,"frostDate":"3 May","centroidLat":53.96,"centroidLng":-1.06,"autumnFrostDayOfYear":278,"autumnFrostDate":"5 October","growingSeasonDays":155}},{"arcs":[[144,145,146]],"type":"Polygon","properties":{"LAD24NM":"Derby","LAD24CD":"E06000015","frostDayOfYear":116,"frostDate":"26 April","centroidLat":52.91,"centroidLng":-1.47,"autumnFrostDayOfYear":283,"autumnFrostDate":"10 October","growingSeasonDays":167}},{"arcs":[[147,148,149,150]],"type":"Polygon","properties":{"LAD24NM":"Leicester","LAD24CD":"E06000016","frostDayOfYear":115,"frostDate":"25 April","centroidLat":52.64,"centroidLng":-1.13,"autumnFrostDayOfYear":285,"autumnFrostDate":"12 October","growingSeasonDays":170}},{"arcs":[[151,152,153,154]],"type":"Polygon","properties":{"LAD24NM":"Rutland","LAD24CD":"E06000017","frostDayOfYear":116,"frostDate":"26 April","centroidLat":52.63,"centroidLng":-0.68,"autumnFrostDayOfYear":285,"autumnFrostDate":"12 October","growingSeasonDays":169}},{"arcs":[[155,156,157,158]],"type":"Polygon","properties":{"LAD24NM":"Nottingham","LAD24CD":"E06000018","frostDayOfYear":117,"frostDate":"27 April","centroidLat":52.96,"centroidLng":-1.18,"autumnFrostDayOfYear":283,"autumnFrostDate":"10 October","growingSeasonDays":166}},{"arcs":[[159,160,161,162,163]],"type":"Polygon","properties":{"LAD24NM":"Herefordshire, County of","LAD24CD":"E06000019","frostDayOfYear":112,"frostDate":"22 April","centroidLat":52.14,"centroidLng":-2.72,"autumnFrostDayOfYear":287,"autumnFrostDate":"14 October","growingSeasonDays":175}},{"arcs":[[164,165,166]],"type":"Polygon","properties":{"LAD24NM":"Telford and Wrekin","LAD24CD":"E06000020","frostDayOfYear":116,"frostDate":"26 April","centroidLat":52.75,"centroidLng":-2.48,"autumnFrostDayOfYear":284,"autumnFrostDate":"11 October","growingSeasonDays":168}},{"arcs":[[167,168,169]],"type":"Polygon","properties":{"LAD24NM":"Stoke-on-Trent","LAD24CD":"E06000021","frostDayOfYear":117,"frostDate":"27 April","centroidLat":53.02,"centroidLng":-2.16,"autumnFrostDayOfYear":283,"autumnFrostDate":"10 October","growingSeasonDays":166}},{"arcs":[[170,171,172,173,174]],"type":"Polygon","properties":{"LAD24NM":"Bath and North East Somerset","LAD24CD":"E06000022","frostDayOfYear":107,"frostDate":"17 April","centroidLat":51.36,"centroidLng":-2.51,"autumnFrostDayOfYear":291,"autumnFrostDate":"18 October","growingSeasonDays":184}},{"arcs":[[-174,175,176,177,178,179]],"type":"Polygon","properties":{"LAD24NM":"Bristol, City of","LAD24CD":"E06000023","frostDayOfYear":108,"frostDate":"18 April","centroidLat":51.46,"centroidLng":-2.6,"autumnFrostDayOfYear":291,"autumnFrostDate":"18 October","growingSeasonDays":183}},{"arcs":[[[180]],[[-176,-173,181,182,183,184,185,186]]],"type":"MultiPolygon","properties":{"LAD24NM":"North Somerset","LAD24CD":"E06000024","frostDayOfYear":107,"frostDate":"17 April","centroidLat":51.4,"centroidLng":-2.77,"autumnFrostDayOfYear":291,"autumnFrostDate":"18 October","growingSeasonDays":184}},{"arcs":[[188,189,-175,-180,190,191]],"type":"Polygon","properties":{"LAD24NM":"South Gloucestershire","LAD24CD":"E06000025","frostDayOfYear":108,"frostDate":"18 April","centroidLat":51.55,"centroidLng":-2.44,"autumnFrostDayOfYear":290,"autumnFrostDate":"17 October","growingSeasonDays":182}},{"arcs":[[193,194,195]],"type":"Polygon","properties":{"LAD24NM":"Plymouth","LAD24CD":"E06000026","frostDayOfYear":99,"frostDate":"9 April","centroidLat":50.38,"centroidLng":-4.14,"autumnFrostDayOfYear":298,"autumnFrostDate":"25 October","growingSeasonDays":199}},{"arcs":[[196,197,198,199]],"type":"Polygon","properties":{"LAD24NM":"Torbay","LAD24CD":"E06000027","frostDayOfYear":100,"frostDate":"10 April","centroidLat":50.44,"centroidLng":-3.53,"autumnFrostDayOfYear":298,"autumnFrostDate":"25 October","growingSeasonDays":198}},{"arcs":[[200,201,202]],"type":"Polygon","properties":{"LAD24NM":"Swindon","LAD24CD":"E06000030","frostDayOfYear":109,"frostDate":"19 April","centroidLat":51.6,"centroidLng":-1.74,"autumnFrostDayOfYear":290,"autumnFrostDate":"17 October","growingSeasonDays":181}},{"arcs":[[203,204,205,206,207,208,209,210,211,212,213,214,215]],"type":"Polygon","properties":{"LAD24NM":"Peterborough","LAD24CD":"E06000031","frostDayOfYear":116,"frostDate":"26 April","centroidLat":52.61,"centroidLng":-0.31,"autumnFrostDayOfYear":285,"autumnFrostDate":"12 October","growingSeasonDays":169}},{"arcs":[[216,217]],"type":"Polygon","properties":{"LAD24NM":"Luton","LAD24CD":"E06000032","frostDayOfYear":111,"frostDate":"21 April","centroidLat":51.89,"centroidLng":-0.42,"autumnFrostDayOfYear":289,"autumnFrostDate":"16 October","growingSeasonDays":178}},{"arcs":[[[218]],[[219,220]],[[221,222,223,224,225,226,227,228]]],"type":"MultiPolygon","properties":{"LAD24NM":"Southend-on-Sea","LAD24CD":"E06000033","frostDayOfYear":111,"frostDate":"21 April","centroidLat":51.55,"centroidLng":0.69,"autumnFrostDayOfYear":288,"autumnFrostDate":"15 October","growingSeasonDays":177}},{"arcs":[[[229]],[[234,235]],[[238,239,240,241,242,243,244,245,246,247,248,249,250,251,252,253,254,255,256,257,258,259,260,261,262,263]]],"type":"MultiPolygon","properties":{"LAD24NM":"Thurrock","LAD24CD":"E06000034","frostDayOfYear":109,"frostDate":"19 April","centroidLat":51.51,"centroidLng":0.43,"autumnFrostDayOfYear":290,"autumnFrostDate":"17 October","growingSeasonDays":181}},{"arcs":[[[266]],[[267]],[[268]],[[269]],[[270]],[[271]],[[272,273,274,275,276,277,278]],[[279]],[[280]],[[281]],[[282]],[[283]],[[284,285,286,287]],[[288]],[[289,290,291,292,293,294,295,296,297,298,299,300,301,302,303,304,305,306,307]]],"type":"MultiPolygon","properties":{"LAD24NM":"Medway","LAD24CD":"E06000035","frostDayOfYear":111,"frostDate":"21 April","centroidLat":51.43,"centroidLng":0.59,"autumnFrostDayOfYear":289,"autumnFrostDate":"16 October","growingSeasonDays":178}},{"arcs":[[308,309,310,311]],"type":"Polygon","properties":{"LAD24NM":"Bracknell Forest","LAD24CD":"E06000036","frostDayOfYear":108,"frostDate":"18 April","centroidLat":51.4,"centroidLng":-0.75,"autumnFrostDayOfYear":291,"autumnFrostDate":"18 October","growingSeasonDays":183}},{"arcs":[[312,313,314,315,316,317,318]],"type":"Polygon","properties":{"LAD24NM":"West Berkshire","LAD24CD":"E06000037","frostDayOfYear":108,"frostDate":"18 April","centroidLat":51.43,"centroidLng":-1.29,"autumnFrostDayOfYear":291,"autumnFrostDate":"18 October","growingSeasonDays":183}},{"arcs":[[319,-314,320]],"type":"Polygon","properties":{"LAD24NM":"Reading","LAD24CD":"E06000038","frostDayOfYear":109,"frostDate":"19 April","centroidLat":51.46,"centroidLng":-0.99,"autumnFrostDayOfYear":291,"autumnFrostDate":"18 October","growingSeasonDays":182}},{"arcs":[[321,322,323,324]],"type":"Polygon","properties":{"LAD24NM":"Slough","LAD24CD":"E06000039","frostDayOfYear":109,"frostDate":"19 April","centroidLat":51.51,"centroidLng":-0.58,"autumnFrostDayOfYear":290,"autumnFrostDate":"17 October","growingSeasonDays":181}},{"arcs":[[-324,325,326,327,-312,328,329]],"type":"Polygon","properties":{"LAD24NM":"Windsor and Maidenhead","LAD24CD":"E06000040","frostDayOfYear":109,"frostDate":"19 April","centroidLat":51.47,"centroidLng":-0.68,"autumnFrostDayOfYear":291,"autumnFrostDate":"18 October","growingSeasonDays":182}},{"arcs":[[-329,-311,330,331,-315,-320,332,333]],"type":"Polygon","properties":{"LAD24NM":"Wokingham","LAD24CD":"E06000041","frostDayOfYear":109,"frostDate":"19 April","centroidLat":51.43,"centroidLng":-0.9,"autumnFrostDayOfYear":291,"autumnFrostDate":"18 October","growingSeasonDays":182}},{"arcs":[[334,335,336,337,338]],"type":"Polygon","properties":{"LAD24NM":"Milton Keynes","LAD24CD":"E06000042","frostDayOfYear":112,"frostDate":"22 April","centroidLat":52.08,"centroidLng":-0.75,"autumnFrostDayOfYear":288,"autumnFrostDate":"15 October","growingSeasonDays":176}},{"arcs":[[339,340,341,342,343]],"type":"Polygon","properties":{"LAD24NM":"Brighton and Hove","LAD24CD":"E06000043","frostDayOfYear":105,"frostDate":"15 April","centroidLat":50.84,"centroidLng":-0.12,"autumnFrostDayOfYear":294,"autumnFrostDate":"21 October","growingSeasonDays":189}},{"arcs":[[[344]],[[347]],[[371,372]],[[373,374]],[[375,376,377,378,379,380,381,382]]],"type":"MultiPolygon","properties":{"LAD24NM":"Portsmouth","LAD24CD":"E06000044","frostDayOfYear":104,"frostDate":"14 April","centroidLat":50.81,"centroidLng":-1.08,"autumnFrostDayOfYear":294,"autumnFrostDate":"21 October","growingSeasonDays":190}},{"arcs":[[383,384,385,386,387,388]],"type":"Polygon","properties":{"LAD24NM":"Southampton","LAD24CD":"E06000045","frostDayOfYear":105,"frostDate":"15 April","centroidLat":50.92,"centroidLng":-1.39,"autumnFrostDayOfYear":293,"autumnFrostDate":"20 October","growingSeasonDays":188}},{"arcs":[[389,390,391,392,393,-392,394,395,396,397,398,399,400,401,402,403,404,405,406]],"type":"Polygon","properties":{"LAD24NM":"Isle of Wight","LAD24CD":"E06000046","frostDayOfYear":103,"frostDate":"13 April","centroidLat":50.7,"centroidLng":-1.37,"autumnFrostDayOfYear":295,"autumnFrostDate":"22 October","growingSeasonDays":192}},{"arcs":[[407,408,409,410,-12,-61,-63,411,412,413,414]],"type":"Polygon","properties":{"LAD24NM":"County Durham","LAD24CD":"E06000047","frostDayOfYear":127,"frostDate":"7 May","centroidLat":54.73,"centroidLng":-1.74,"autumnFrostDayOfYear":274,"autumnFrostDate":"1 October","growingSeasonDays":147}},{"arcs":[[415,416,417,418,419,420,421,-73,422]],"type":"Polygon","properties":{"LAD24NM":"Cheshire East","LAD24CD":"E06000049","frostDayOfYear":118,"frostDate":"28 April","centroidLat":53.19,"centroidLng":-2.37,"autumnFrostDayOfYear":282,"autumnFrostDate":"9 October","growingSeasonDays":164}},{"arcs":[[[425,426]],[[427,428,429,430,431,432,433,434,435,436,437,438,439,440,441,442,443,444,445,446,447,448,449,450,451,452,453,454,455,-454,456,457,458,459,460,461,462,463,464,465,466,467,468,469,470,471,472,473,474,475,476,477,478,479,480,481,482,483,484,485,486,487,-64,-74,-422]]],"type":"MultiPolygon","properties":{"LAD24NM":"Cheshire West and Chester","LAD24CD":"E06000050","frostDayOfYear":118,"frostDate":"28 April","centroidLat":53.21,"centroidLng":-2.82,"autumnFrostDayOfYear":282,"autumnFrostDate":"9 October","growingSeasonDays":164}},{"arcs":[[488,489,-167,490,491,492,-164,493,494,-428,-421]],"type":"Polygon","properties":{"LAD24NM":"Shropshire","LAD24CD":"E06000051","frostDayOfYear":115,"frostDate":"25 April","centroidLat":52.66,"centroidLng":-2.74,"autumnFrostDayOfYear":285,"autumnFrostDate":"12 October","growingSeasonDays":170}},{"arcs":[[[495]],[[496]],[[497]],[[498]],[[499]],[[500]],[[501,502,503,504,505,506,507,508,509,510,511,512,513,514,515,516,517,518,519,520,521,522,523,-524,524,525,526,527,528,529,530,531,532,533,534,535,536,537,538,539,540,541,542,543,544,545,546,547,548,549,550,551,552,553,554,555,556,557,558,559,560,561,562,563,564,565,566,567,568,569,570,571,572,573,574,575,576,577,578,579,580,581,582,583,584,585,586,587,588,589,590]]],"type":"MultiPolygon","properties":{"LAD24NM":"Cornwall","LAD24CD":"E06000052","frostDayOfYear":97,"frostDate":"7 April","centroidLat":50.32,"centroidLng":-4.93,"autumnFrostDayOfYear":300,"autumnFrostDate":"27 October","growingSeasonDays":203}},{"arcs":[[[591]],[[592]],[[593]],[[594]],[[595]],[[596]],[[597]],[[598]],[[599]],[[600]],[[601]],[[602]],[[603]],[[604]],[[605]],[[606]],[[607]]],"type":"MultiPolygon","properties":{"LAD24NM":"Isles of Scilly","LAD24CD":"E06000053","frostDayOfYear":95,"frostDate":"5 April","centroidLat":49.92,"centroidLng":-6.3,"autumnFrostDayOfYear":302,"autumnFrostDate":"29 October","growingSeasonDays":207}},{"arcs":[[-202,608,-318,609,610,611,612,-171,-190,613]],"type":"Polygon","properties":{"LAD24NM":"Wiltshire","LAD24CD":"E06000054","frostDayOfYear":107,"frostDate":"17 April","centroidLat":51.35,"centroidLng":-1.93,"autumnFrostDayOfYear":291,"autumnFrostDate":"18 October","growingSeasonDays":184}},{"arcs":[[614,-335,615,616]],"type":"Polygon","properties":{"LAD24NM":"Bedford","LAD24CD":"E06000055","frostDayOfYear":113,"frostDate":"23 April","centroidLat":52.19,"centroidLng":-0.45,"autumnFrostDayOfYear":287,"autumnFrostDate":"14 October","growingSeasonDays":174}},{"arcs":[[617,618,619,-218,620,621,622,623,-336,-615]],"type":"Polygon","properties":{"LAD24NM":"Central Bedfordshire","LAD24CD":"E06000056","frostDayOfYear":112,"frostDate":"22 April","centroidLat":51.99,"centroidLng":-0.43,"autumnFrostDayOfYear":288,"autumnFrostDate":"15 October","growingSeasonDays":176}},{"arcs":[[[626]],[[627]],[[628]],[[629]],[[630]],[[631]],[[634,635,636,637,638,-414,639,640,641,642,643,644,645,646,647,648,649,650]],[[651,652,653,654,655]]],"type":"MultiPolygon","properties":{"LAD24NM":"Northumberland","LAD24CD":"E06000057","frostDayOfYear":131,"frostDate":"11 May","centroidLat":55.26,"centroidLng":-1.98,"autumnFrostDayOfYear":272,"autumnFrostDate":"29 September","growingSeasonDays":141}},{"arcs":[[[656]],[[657]],[[658]],[[659,660,661,662,663,664,665,666,667,-664,668,669,670,671,672,673,674,675]]],"type":"MultiPolygon","properties":{"LAD24NM":"Bournemouth, Christchurch and Poole","LAD24CD":"E06000058","frostDayOfYear":103,"frostDate":"13 April","centroidLat":50.73,"centroidLng":-1.87,"autumnFrostDayOfYear":294,"autumnFrostDate":"21 October","growingSeasonDays":191}},{"arcs":[[[676]],[[677]],[[678]],[[679]],[[680]],[[681,-676,682,683,684,685,686,687,688,689,690,691,692,693,694,695,696,697,698,699,700,701,702,703,704,705,706,707,708,709,710,711,712,713,714,715,716,717,718,719,720,721,722,723,724,725,726,727,728,729,730,731,732,733,734,735,736,737,738,-612]]],"type":"MultiPolygon","properties":{"LAD24NM":"Dorset","LAD24CD":"E06000059","frostDayOfYear":103,"frostDate":"13 April","centroidLat":50.74,"centroidLng":-2.23,"autumnFrostDayOfYear":294,"autumnFrostDate":"21 October","growingSeasonDays":191}},{"arcs":[[-337,-624,739,740,741,-325,-330,-334,742,743,744]],"type":"Polygon","properties":{"LAD24NM":"Buckinghamshire","LAD24CD":"E06000060","frostDayOfYear":111,"frostDate":"21 April","centroidLat":51.79,"centroidLng":-0.82,"autumnFrostDayOfYear":289,"autumnFrostDate":"16 October","growingSeasonDays":178}},{"arcs":[[745,-214,746,-616,-339,747,748,-152]],"type":"Polygon","properties":{"LAD24NM":"North Northamptonshire","LAD24CD":"E06000061","frostDayOfYear":115,"frostDate":"25 April","centroidLat":52.47,"centroidLng":-0.65,"autumnFrostDayOfYear":286,"autumnFrostDate":"13 October","growingSeasonDays":171}},{"arcs":[[-748,-338,-745,749,750,751,752]],"type":"Polygon","properties":{"LAD24NM":"West Northamptonshire","LAD24CD":"E06000062","frostDayOfYear":112,"frostDate":"22 April","centroidLat":52.22,"centroidLng":-1.08,"autumnFrostDayOfYear":287,"autumnFrostDate":"14 October","growingSeasonDays":175}},{"arcs":[[[753,754]],[[757]],[[758]],[[761,762,763,764,765,766,767,768,769,770,771,772,773,774,775,776,777,778,779,780,781,782,783,784,785,786,787,788,789,790,791,792,793,794,795,-796,796,797,798,799,800,801,802,803,804,805,806,807,808,809,-810,810,811,812,813,814,815,816,817,818,819,820,821,822,823,824,825,826,-827,827,828,-824,829,830,831,832,833,834,835,836,837,838,839,840,841,842,843,844,845,846,-845,847,848,849,850,851,852,853,854,855,856,857,858,859,860,861,862,863,864,865,866,867,-641]]],"type":"MultiPolygon","properties":{"LAD24NM":"Cumberland","LAD24CD":"E06000063","frostDayOfYear":125,"frostDate":"5 May","centroidLat":54.65,"centroidLng":-3.17,"autumnFrostDayOfYear":277,"autumnFrostDate":"4 October","growingSeasonDays":152}},{"arcs":[[[868]],[[869,870,871,872,873,874,875,876,877,878,879]],[[880]],[[881,882,883,884]],[[-755,887,-777,888]],[[-757,890,-773,891]],[[-413,895,896,897,898,899,900,901,902,903,904,905,906,907,908,909,910,911,912,913,914,915,916,917,918,919,920,921,922,923,924,925,926,927,928,929,930,-762,-640]]],"type":"MultiPolygon","properties":{"LAD24NM":"Westmorland and Furness","LAD24CD":"E06000064","frostDayOfYear":125,"frostDate":"5 May","centroidLat":54.35,"centroidLng":-2.89,"autumnFrostDayOfYear":276,"autumnFrostDate":"3 October","growingSeasonDays":151}},{"arcs":[[[-126,932,-142]],[[934,-128,-144,935,-110,936,937,938,939,940,941,942,-896,-412,-62,-59,-28,-40,943]]],"type":"MultiPolygon","properties":{"LAD24NM":"North Yorkshire","LAD24CD":"E06000065","frostDayOfYear":124,"frostDate":"4 May","centroidLat":54.12,"centroidLng":-1.31,"autumnFrostDayOfYear":277,"autumnFrostDate":"4 October","growingSeasonDays":153}},{"arcs":[[[944]],[[945,-182,-172,-613,-739,946,947,948,949]]],"type":"MultiPolygon","properties":{"LAD24NM":"Somerset","LAD24CD":"E06000066","frostDayOfYear":106,"frostDate":"16 April","centroidLat":51.1,"centroidLng":-2.92,"autumnFrostDayOfYear":293,"autumnFrostDate":"20 October","growingSeasonDays":187}},{"arcs":[[950]],"type":"Polygon","properties":{"LAD24NM":"Cambridge","LAD24CD":"E07000008","frostDayOfYear":113,"frostDate":"23 April","centroidLat":52.2,"centroidLng":0.13,"autumnFrostDayOfYear":287,"autumnFrostDate":"14 October","growingSeasonDays":174}},{"arcs":[[[951,952,953,954]],[[955,956,957,958,959,960,961]]],"type":"MultiPolygon","properties":{"LAD24NM":"East Cambridgeshire","LAD24CD":"E07000009","frostDayOfYear":114,"frostDate":"24 April","centroidLat":52.29,"centroidLng":0.36,"autumnFrostDayOfYear":287,"autumnFrostDate":"14 October","growingSeasonDays":173}},{"arcs":[[[-954,965,-212,966,967]],[[-204,968,969]]],"type":"MultiPolygon","properties":{"LAD24NM":"Fenland","LAD24CD":"E07000010","frostDayOfYear":115,"frostDate":"25 April","centroidLat":52.54,"centroidLng":0.09,"autumnFrostDayOfYear":285,"autumnFrostDate":"12 October","growingSeasonDays":170}},{"arcs":[[-966,-953,971,972,-618,-617,-747,-213]],"type":"Polygon","properties":{"LAD24NM":"Huntingdonshire","LAD24CD":"E07000011","frostDayOfYear":114,"frostDate":"24 April","centroidLat":52.37,"centroidLng":-0.25,"autumnFrostDayOfYear":286,"autumnFrostDate":"13 October","growingSeasonDays":172}},{"arcs":[[-957,973,974,975,976,-619,-973,977],[-951]],"type":"Polygon","properties":{"LAD24NM":"South Cambridgeshire","LAD24CD":"E07000012","frostDayOfYear":113,"frostDate":"23 April","centroidLat":52.17,"centroidLng":0.08,"autumnFrostDayOfYear":287,"autumnFrostDate":"14 October","growingSeasonDays":174}},{"arcs":[[978,979,980,981,982,-147,983,984]],"type":"Polygon","properties":{"LAD24NM":"Amber Valley","LAD24CD":"E07000032","frostDayOfYear":117,"frostDate":"27 April","centroidLat":53.03,"centroidLng":-1.47,"autumnFrostDayOfYear":283,"autumnFrostDate":"10 October","growingSeasonDays":166}},{"arcs":[[985,986,987,988,-980,989,990,991]],"type":"Polygon","properties":{"LAD24NM":"Bolsover","LAD24CD":"E07000033","frostDayOfYear":118,"frostDate":"28 April","centroidLat":53.2,"centroidLng":-1.29,"autumnFrostDayOfYear":282,"autumnFrostDate":"9 October","growingSeasonDays":164}},{"arcs":[[-991,992]],"type":"Polygon","properties":{"LAD24NM":"Chesterfield","LAD24CD":"E07000034","frostDayOfYear":119,"frostDate":"29 April","centroidLat":53.25,"centroidLng":-1.41,"autumnFrostDayOfYear":282,"autumnFrostDate":"9 October","growingSeasonDays":163}},{"arcs":[[993,-985,994,995,996,997,998]],"type":"Polygon","properties":{"LAD24NM":"Derbyshire Dales","LAD24CD":"E07000035","frostDayOfYear":118,"frostDate":"28 April","centroidLat":53.1,"centroidLng":-1.72,"autumnFrostDayOfYear":283,"autumnFrostDate":"10 October","growingSeasonDays":165}},{"arcs":[[999,1000,1001,-145,-983,1002]],"type":"Polygon","properties":{"LAD24NM":"Erewash","LAD24CD":"E07000036","frostDayOfYear":117,"frostDate":"27 April","centroidLat":52.94,"centroidLng":-1.34,"autumnFrostDayOfYear":283,"autumnFrostDate":"10 October","growingSeasonDays":166}},{"arcs":[[1003,1004,-998,1005,-418,1006,1007,1008,1009]],"type":"Polygon","properties":{"LAD24NM":"High Peak","LAD24CD":"E07000037","frostDayOfYear":119,"frostDate":"29 April","centroidLat":53.35,"centroidLng":-1.88,"autumnFrostDayOfYear":281,"autumnFrostDate":"8 October","growingSeasonDays":162}},{"arcs":[[1010,-992,-993,-990,-979,-994,1011]],"type":"Polygon","properties":{"LAD24NM":"North East Derbyshire","LAD24CD":"E07000038","frostDayOfYear":118,"frostDate":"28 April","centroidLat":53.24,"centroidLng":-1.43,"autumnFrostDayOfYear":282,"autumnFrostDate":"9 October","growingSeasonDays":164}},{"arcs":[[-984,-146,-1002,1012,1013,1014,-995]],"type":"Polygon","properties":{"LAD24NM":"South Derbyshire","LAD24CD":"E07000039","frostDayOfYear":116,"frostDate":"26 April","centroidLat":52.83,"centroidLng":-1.56,"autumnFrostDayOfYear":284,"autumnFrostDate":"11 October","growingSeasonDays":168}},{"arcs":[[-738,1015,1016,-1017,1017,1018,1019,1020,1021,1022,1023,1024,1025,1026,1027,-947]],"type":"Polygon","properties":{"LAD24NM":"East Devon","LAD24CD":"E07000040","frostDayOfYear":102,"frostDate":"12 April","centroidLat":50.76,"centroidLng":-3.26,"autumnFrostDayOfYear":296,"autumnFrostDate":"23 October","growingSeasonDays":194}},{"arcs":[[[1030]],[[1031,1032,1033,1034,1035,1036,-1033,1037,1038,-1026]]],"type":"MultiPolygon","properties":{"LAD24NM":"Exeter","LAD24CD":"E07000041","frostDayOfYear":101,"frostDate":"11 April","centroidLat":50.71,"centroidLng":-3.5,"autumnFrostDayOfYear":296,"autumnFrostDate":"23 October","growingSeasonDays":195}},{"arcs":[[-1028,1039,1040,1041,1042,-948]],"type":"Polygon","properties":{"LAD24NM":"Mid Devon","LAD24CD":"E07000042","frostDayOfYear":102,"frostDate":"12 April","centroidLat":50.86,"centroidLng":-3.59,"autumnFrostDayOfYear":296,"autumnFrostDate":"23 October","growingSeasonDays":194}},{"arcs":[[-949,-1043,1043,1044,1045,1046,1047,1048,1049,1050,-1051,1051,1052,1053,-1054,1054,1055,1056,1057,1058,1059,1060,1061,1062,1063]],"type":"Polygon","properties":{"LAD24NM":"North Devon","LAD24CD":"E07000043","frostDayOfYear":104,"frostDate":"14 April","centroidLat":51.1,"centroidLng":-4.01,"autumnFrostDayOfYear":295,"autumnFrostDate":"22 October","growingSeasonDays":191}},{"arcs":[[[1064]],[[1065]],[[-199,1066,1067,1068,1069,1070,1071,1072,1073,1074,1075,1076,1077,1078,-1079,1079,1080,1081,1082,1083,1084,1085,1086,1087,1088,1089,1090,1091,-196,1092,1093,1094]]],"type":"MultiPolygon","properties":{"LAD24NM":"South Hams","LAD24CD":"E07000044","frostDayOfYear":99,"frostDate":"9 April","centroidLat":50.33,"centroidLng":-3.81,"autumnFrostDayOfYear":298,"autumnFrostDate":"25 October","growingSeasonDays":199}},{"arcs":[[[1095]],[[-1027,-1039,1096,1097,1098,1099,-200,-1095,1100,-1040]]],"type":"MultiPolygon","properties":{"LAD24NM":"Teignbridge","LAD24CD":"E07000045","frostDayOfYear":101,"frostDate":"11 April","centroidLat":50.58,"centroidLng":-3.64,"autumnFrostDayOfYear":297,"autumnFrostDate":"24 October","growingSeasonDays":196}},{"arcs":[[[-1044,-1042,1101,-591,1102]],[[1103,1104,1105]]],"type":"MultiPolygon","properties":{"LAD24NM":"Torridge","LAD24CD":"E07000046","frostDayOfYear":102,"frostDate":"12 April","centroidLat":50.88,"centroidLng":-4.25,"autumnFrostDayOfYear":296,"autumnFrostDate":"23 October","growingSeasonDays":194}},{"arcs":[[[1106]],[[1107,1108,1109]],[[1110]],[[-1109,1111,1112]],[[-1041,-1101,-1094,1113,1114,-502,-1102]]],"type":"MultiPolygon","properties":{"LAD24NM":"West Devon","LAD24CD":"E07000047","frostDayOfYear":101,"frostDate":"11 April","centroidLat":50.64,"centroidLng":-4.06,"autumnFrostDayOfYear":297,"autumnFrostDate":"24 October","growingSeasonDays":196}},{"arcs":[[1115,1116]],"type":"Polygon","properties":{"LAD24NM":"Eastbourne","LAD24CD":"E07000061","frostDayOfYear":105,"frostDate":"15 April","centroidLat":50.78,"centroidLng":0.28,"autumnFrostDayOfYear":294,"autumnFrostDate":"21 October","growingSeasonDays":189}},{"arcs":[[1117,1118]],"type":"Polygon","properties":{"LAD24NM":"Hastings","LAD24CD":"E07000062","frostDayOfYear":107,"frostDate":"17 April","centroidLat":50.87,"centroidLng":0.57,"autumnFrostDayOfYear":292,"autumnFrostDate":"19 October","growingSeasonDays":185}},{"arcs":[[[1119,1120]],[[1125]],[[1126]],[[1127,1128,1129,1130,1131,1132,1133,1134,1135,1136,-340,1137,1138]]],"type":"MultiPolygon","properties":{"LAD24NM":"Lewes","LAD24CD":"E07000063","frostDayOfYear":105,"frostDate":"15 April","centroidLat":50.89,"centroidLng":0.02,"autumnFrostDayOfYear":294,"autumnFrostDate":"21 October","growingSeasonDays":189}},{"arcs":[[1139,1140,1141,-1119,1142,1143,1144]],"type":"Polygon","properties":{"LAD24NM":"Rother","LAD24CD":"E07000064","frostDayOfYear":108,"frostDate":"18 April","centroidLat":50.95,"centroidLng":0.55,"autumnFrostDayOfYear":291,"autumnFrostDate":"18 October","growingSeasonDays":183}},{"arcs":[[1145,-1144,1146,-1117,1147,-1121,1148,-1123,1149,-1124,1150,-1139,1151,1152,1153]],"type":"Polygon","properties":{"LAD24NM":"Wealden","LAD24CD":"E07000065","frostDayOfYear":106,"frostDate":"16 April","centroidLat":50.99,"centroidLng":0.19,"autumnFrostDayOfYear":293,"autumnFrostDate":"20 October","growingSeasonDays":187}},{"arcs":[[1156,1157,1158,1159,1160,1161,1162,1163,1164,1165,1166,-232,1167,-234,1168,-235,1169,1170,1171,1172,1173,1174,1175,1176,1177,-238,1178,-264,1179,1180]],"type":"Polygon","properties":{"LAD24NM":"Basildon","LAD24CD":"E07000066","frostDayOfYear":109,"frostDate":"19 April","centroidLat":51.57,"centroidLng":0.49,"autumnFrostDayOfYear":290,"autumnFrostDate":"17 October","growingSeasonDays":181}},{"arcs":[[1181,1182,1183,1184,-975,1185,1186]],"type":"Polygon","properties":{"LAD24NM":"Braintree","LAD24CD":"E07000067","frostDayOfYear":114,"frostDate":"24 April","centroidLat":51.94,"centroidLng":0.61,"autumnFrostDayOfYear":286,"autumnFrostDate":"13 October","growingSeasonDays":172}},{"arcs":[[-1180,-263,1187,1188,1189]],"type":"Polygon","properties":{"LAD24NM":"Brentwood","LAD24CD":"E07000068","frostDayOfYear":110,"frostDate":"20 April","centroidLat":51.66,"centroidLng":0.31,"autumnFrostDayOfYear":290,"autumnFrostDate":"17 October","growingSeasonDays":180}},{"arcs":[[[1190]],[[1191]],[[1192]],[[1193]],[[1194]],[[1197,1198,1199]],[[1200]],[[1201]],[[1202]],[[1203]],[[-220,1204]],[[1205]],[[1206]],[[1208,1209]],[[1210,1211,1212,1213,1214,1215]],[[1216,1217,1218,1219,1220,1221,1222,1223,1224,1225,1226,1227,1228,1229,1230,1231,1232,1233,1234,1235,1236,1237,1238,1239,1240,1241,1242,1243,1244,1245,1246,1247,1248,1249,1250,1251,1252,1253]],[[-228,1254,1255,1256,1257,1258,1259,-1165,1260]]],"type":"MultiPolygon","properties":{"LAD24NM":"Castle Point","LAD24CD":"E07000069","frostDayOfYear":111,"frostDate":"21 April","centroidLat":51.53,"centroidLng":0.58,"autumnFrostDayOfYear":288,"autumnFrostDate":"15 October","growingSeasonDays":177}},{"arcs":[[[1264]],[[-1184,1265,1266,1267,1268,1269,1270,-1155,1271,-1181,-1190,1272,1273]]],"type":"MultiPolygon","properties":{"LAD24NM":"Chelmsford","LAD24CD":"E07000070","frostDayOfYear":112,"frostDate":"22 April","centroidLat":51.71,"centroidLng":0.5,"autumnFrostDayOfYear":289,"autumnFrostDate":"16 October","growingSeasonDays":177}},{"arcs":[[[1274]],[[1275]],[[1276]],[[1277]],[[1278]],[[1279]],[[1280]],[[1281]],[[1282]],[[1283]],[[1284]],[[1285]],[[1286,1287]],[[1288]],[[1289,1290,1291,1292,1293,1294,1295,-1296,1296,1297,1298,1299,1300,1301,1302,1303,1304,1305,1306,1307,1308,1309,1310,1311,1312,1313,1314,1315,1316,1317,1318,-1319,1319,1320,1321,1322,1323,1324,1325,1326,1327,1328,1329,1330,1331,1332,1333,1334,1335,1336,1337,1338,1339,1340,1341,1342,1343,1344,1345,1346,1347,1348,1349,1350,1351,1352,1353,1354,1355,1356,1357,1358,-1182,1359]]],"type":"MultiPolygon","properties":{"LAD24NM":"Colchester","LAD24CD":"E07000071","frostDayOfYear":113,"frostDate":"23 April","centroidLat":51.83,"centroidLng":0.91,"autumnFrostDayOfYear":287,"autumnFrostDate":"14 October","growingSeasonDays":174}},{"arcs":[[-1273,-1189,1360,1361,1362,1363,1364,1365,1366,1367,1368]],"type":"Polygon","properties":{"LAD24NM":"Epping Forest","LAD24CD":"E07000072","frostDayOfYear":110,"frostDate":"20 April","centroidLat":51.72,"centroidLng":0.17,"autumnFrostDayOfYear":289,"autumnFrostDate":"16 October","growingSeasonDays":179}},{"arcs":[[1369,-1367]],"type":"Polygon","properties":{"LAD24NM":"Harlow","LAD24CD":"E07000073","frostDayOfYear":111,"frostDate":"21 April","centroidLat":51.77,"centroidLng":0.1,"autumnFrostDayOfYear":289,"autumnFrostDate":"16 October","growingSeasonDays":178}},{"arcs":[[[1370]],[[1371,1372]],[[1373,1374]],[[1375]],[[1376]],[[1377]],[[1378]],[[1379]],[[1380,1381,1382,1383,1384]],[[1385]],[[1386]],[[1387]],[[1388]],[[1389,1390]],[[1391]],[[1392]],[[1393]],[[1394]],[[1395,1396]],[[1397]],[[1398]],[[1399]],[[1400,1401]],[[1402,1403,1404,1405]],[[1406]],[[1407]],[[-1359,1408,1409,1410,1411,1412,1413,1414,1415,1416,1417,1418,1419,1420,1421,1422,1423,1424,1425,1426,1427,1428,1429,1430,1431,1432,1433,1434,1435,1436,1437,1438,1439,1440,1441,1442,1443,1444,1445,1446,1447,1448,1449,1450,1451,1452,1453,-1454,1454,1455,1456,1457,1458,1459,1460,1461,1462,1463,1464,1465,1466,1467,1468,1469,-1266,-1183]]],"type":"MultiPolygon","properties":{"LAD24NM":"Maldon","LAD24CD":"E07000074","frostDayOfYear":112,"frostDate":"22 April","centroidLat":51.72,"centroidLng":0.8,"autumnFrostDayOfYear":287,"autumnFrostDate":"14 October","growingSeasonDays":175}},{"arcs":[[[1470]],[[1471,1472,1473]],[[1474,1475]],[[1476]],[[1477]],[[1478]],[[1482]],[[1483,1484]],[[1485,1486]],[[1487]],[[1488]],[[1489]],[[1490]],[[1491]],[[1492,1493,1494,-229,-1261,-1164,1495,-1263,1496,1497,1498,1499,1500,1501,1502,1503,1504]]],"type":"MultiPolygon","properties":{"LAD24NM":"Rochford","LAD24CD":"E07000075","frostDayOfYear":112,"frostDate":"22 April","centroidLat":51.6,"centroidLng":0.75,"autumnFrostDayOfYear":288,"autumnFrostDate":"15 October","growingSeasonDays":176}},{"arcs":[[[1505]],[[1506,1507,1508,1509]],[[1510]],[[1511]],[[1512,1513,1514]],[[1515]],[[1516,1517]],[[1518]],[[1519]],[[1520]],[[1521]],[[1522,1523,1524,1525]],[[1526]],[[1527,1528]],[[1529]],[[1530]],[[1531]],[[1532,1533,1534,1535,1536]],[[1537]],[[1538]],[[1539]],[[1540]],[[1541,1542]],[[1543,1544]],[[1545,1546,1547,1548,1549,1550,1551,1552,1553,1554,1555,1556,1557,1558,1559,1560,1561,1562,1563,1564,1565,1566,1567,1568,1569,1570,1571,1572,1573,1574,1575,1576,1577,1578,1579,1580,1581,1582,1583,1584,1585,1586,1587,1588,1589,1590,1591,1592,1593,1594,1595,1596,1597,1598,1599,1600,1601,-1602,1602,1603,1604,1605,1606,1607,1608,1609,1610,1611,1612,1613,1614,1615,1616,1617,1618,1619,1620,1621,1622,1623,1624,1625,1626,1627,1628,1629,1630,1631,1632,1633,1634,1635,1636,1637,1638,1639,1640,1641,1642,1643,1644,-1290,1645]]],"type":"MultiPolygon","properties":{"LAD24NM":"Tendring","LAD24CD":"E07000076","frostDayOfYear":113,"frostDate":"23 April","centroidLat":51.85,"centroidLng":1.14,"autumnFrostDayOfYear":287,"autumnFrostDate":"14 October","growingSeasonDays":174}},{"arcs":[[-1185,-1274,-1369,1646,1647,-976]],"type":"Polygon","properties":{"LAD24NM":"Uttlesford","LAD24CD":"E07000077","frostDayOfYear":111,"frostDate":"21 April","centroidLat":51.9,"centroidLng":0.3,"autumnFrostDayOfYear":289,"autumnFrostDate":"16 October","growingSeasonDays":178}},{"arcs":[[1648,1649]],"type":"Polygon","properties":{"LAD24NM":"Cheltenham","LAD24CD":"E07000078","frostDayOfYear":110,"frostDate":"20 April","centroidLat":51.9,"centroidLng":-2.08,"autumnFrostDayOfYear":289,"autumnFrostDate":"16 October","growingSeasonDays":179}},{"arcs":[[1650,1651,-203,-614,-189,1652,1653,-1649,1654,1655,1656]],"type":"Polygon","properties":{"LAD24NM":"Cotswold","LAD24CD":"E07000079","frostDayOfYear":110,"frostDate":"20 April","centroidLat":51.81,"centroidLng":-1.91,"autumnFrostDayOfYear":289,"autumnFrostDate":"16 October","growingSeasonDays":179}},{"arcs":[[1657,1658,1659,1660,-161]],"type":"Polygon","properties":{"LAD24NM":"Forest of Dean","LAD24CD":"E07000080","frostDayOfYear":110,"frostDate":"20 April","centroidLat":51.84,"centroidLng":-2.49,"autumnFrostDayOfYear":289,"autumnFrostDate":"16 October","growingSeasonDays":179}},{"arcs":[[1661,1662,1663]],"type":"Polygon","properties":{"LAD24NM":"Gloucester","LAD24CD":"E07000081","frostDayOfYear":110,"frostDate":"20 April","centroidLat":51.85,"centroidLng":-2.25,"autumnFrostDayOfYear":289,"autumnFrostDate":"16 October","growingSeasonDays":179}},{"arcs":[[-1662,1664,-1653,-192,1665]],"type":"Polygon","properties":{"LAD24NM":"Stroud","LAD24CD":"E07000082","frostDayOfYear":109,"frostDate":"19 April","centroidLat":51.7,"centroidLng":-2.3,"autumnFrostDayOfYear":290,"autumnFrostDate":"17 October","growingSeasonDays":181}},{"arcs":[[-1655,-1650,-1654,-1665,-1664,1666,-1659,1667,1668]],"type":"Polygon","properties":{"LAD24NM":"Tewkesbury","LAD24CD":"E07000083","frostDayOfYear":111,"frostDate":"21 April","centroidLat":51.94,"centroidLng":-2.1,"autumnFrostDayOfYear":288,"autumnFrostDate":"15 October","growingSeasonDays":177}},{"arcs":[[-332,1669,1670,1671,1672,-316]],"type":"Polygon","properties":{"LAD24NM":"Basingstoke and Deane","LAD24CD":"E07000084","frostDayOfYear":107,"frostDate":"17 April","centroidLat":51.29,"centroidLng":-1.2,"autumnFrostDayOfYear":292,"autumnFrostDate":"19 October","growingSeasonDays":185}},{"arcs":[[1673,1674,1675,1676,-1671,1677]],"type":"Polygon","properties":{"LAD24NM":"East Hampshire","LAD24CD":"E07000085","frostDayOfYear":106,"frostDate":"16 April","centroidLat":51.06,"centroidLng":-0.94,"autumnFrostDayOfYear":293,"autumnFrostDate":"20 October","growingSeasonDays":187}},{"arcs":[[1678,1679,1680,-384,1681]],"type":"Polygon","properties":{"LAD24NM":"Eastleigh","LAD24CD":"E07000086","frostDayOfYear":104,"frostDate":"14 April","centroidLat":50.92,"centroidLng":-1.32,"autumnFrostDayOfYear":293,"autumnFrostDate":"20 October","growingSeasonDays":189}},{"arcs":[[[1682,1683,1684]],[[1687,-382,1688,-370,1689,-367,-366,-363,-362,1690,-346,-350,1691,-352,1692,-354,1693,-357,1694,-360,1695,367,1696,-373,1697,-375,1698,-356,1699,1700,1701,1702]]],"type":"MultiPolygon","properties":{"LAD24NM":"Fareham","LAD24CD":"E07000087","frostDayOfYear":104,"frostDate":"14 April","centroidLat":50.86,"centroidLng":-1.22,"autumnFrostDayOfYear":294,"autumnFrostDate":"21 October","growingSeasonDays":190}},{"arcs":[[-1702,1703,-1683,1704,-1686,1705]],"type":"Polygon","properties":{"LAD24NM":"Gosport","LAD24CD":"E07000088","frostDayOfYear":104,"frostDate":"14 April","centroidLat":50.81,"centroidLng":-1.15,"autumnFrostDayOfYear":294,"autumnFrostDate":"21 October","growingSeasonDays":190}},{"arcs":[[-310,1706,1707,1708,-1678,-1670,-331]],"type":"Polygon","properties":{"LAD24NM":"Hart","LAD24CD":"E07000089","frostDayOfYear":108,"frostDate":"18 April","centroidLat":51.29,"centroidLng":-0.89,"autumnFrostDayOfYear":292,"autumnFrostDate":"19 October","growingSeasonDays":184}},{"arcs":[[[1709]],[[1710,1711]],[[1713]],[[1714,1715,1716]],[[1718]],[[1719,1720,1721,1722,-376,1723,-1676]]],"type":"MultiPolygon","properties":{"LAD24NM":"Havant","LAD24CD":"E07000090","frostDayOfYear":105,"frostDate":"15 April","centroidLat":50.81,"centroidLng":-0.97,"autumnFrostDayOfYear":294,"autumnFrostDate":"21 October","growingSeasonDays":189}},{"arcs":[[[1724]],[[1727,1728]],[[1729,1730,1731]],[[1732,1733,1734,1735,1736,1737,1738,1739,1740,1741,1742,1743,1744,1745,1746,1747,1748,1749,1750,1751,1752,1753,1754,1755,-660,-682,-611]]],"type":"MultiPolygon","properties":{"LAD24NM":"New Forest","LAD24CD":"E07000091","frostDayOfYear":104,"frostDate":"14 April","centroidLat":50.85,"centroidLng":-1.48,"autumnFrostDayOfYear":294,"autumnFrostDate":"21 October","growingSeasonDays":190}},{"arcs":[[1756,1757,1758,-1708]],"type":"Polygon","properties":{"LAD24NM":"Rushmoor","LAD24CD":"E07000092","frostDayOfYear":108,"frostDate":"18 April","centroidLat":51.28,"centroidLng":-0.76,"autumnFrostDayOfYear":292,"autumnFrostDate":"19 October","growingSeasonDays":184}},{"arcs":[[[1759,-1736,1760,1761,1762]],[[-317,-1673,1763,-1682,-389,1764,1765,1766,1767,-1728,-1727,1768,1769,1770,1771,-1730,1772,-1733,-610]]],"type":"MultiPolygon","properties":{"LAD24NM":"Test Valley","LAD24CD":"E07000093","frostDayOfYear":106,"frostDate":"16 April","centroidLat":51.08,"centroidLng":-1.49,"autumnFrostDayOfYear":293,"autumnFrostDate":"20 October","growingSeasonDays":187}},{"arcs":[[-1677,-1724,-383,-1688,1773,-1679,-1764,-1672]],"type":"Polygon","properties":{"LAD24NM":"Winchester","LAD24CD":"E07000094","frostDayOfYear":105,"frostDate":"15 April","centroidLat":51.01,"centroidLng":-1.22,"autumnFrostDayOfYear":293,"autumnFrostDate":"20 October","growingSeasonDays":188}},{"arcs":[[-1365,1774,1775,1776]],"type":"Polygon","properties":{"LAD24NM":"Broxbourne","LAD24CD":"E07000095","frostDayOfYear":110,"frostDate":"20 April","centroidLat":51.74,"centroidLng":-0.04,"autumnFrostDayOfYear":289,"autumnFrostDate":"16 October","growingSeasonDays":179}},{"arcs":[[1777,1778,-740,-623]],"type":"Polygon","properties":{"LAD24NM":"Dacorum","LAD24CD":"E07000096","frostDayOfYear":111,"frostDate":"21 April","centroidLat":51.78,"centroidLng":-0.55,"autumnFrostDayOfYear":289,"autumnFrostDate":"16 October","growingSeasonDays":178}},{"arcs":[[1779,1780,1781,1782,1783,1784,1785]],"type":"Polygon","properties":{"LAD24NM":"Hertsmere","LAD24CD":"E07000098","frostDayOfYear":110,"frostDate":"20 April","centroidLat":51.68,"centroidLng":-0.29,"autumnFrostDayOfYear":290,"autumnFrostDate":"17 October","growingSeasonDays":180}},{"arcs":[[-1648,1786,1787,1788,1789,1790,-621,-217,-620,-977]],"type":"Polygon","properties":{"LAD24NM":"North Hertfordshire","LAD24CD":"E07000099","frostDayOfYear":112,"frostDate":"22 April","centroidLat":51.95,"centroidLng":-0.2,"autumnFrostDayOfYear":288,"autumnFrostDate":"15 October","growingSeasonDays":176}},{"arcs":[[1791,-1783,1792,1793,-741,-1779,1794]],"type":"Polygon","properties":{"LAD24NM":"Three Rivers","LAD24CD":"E07000102","frostDayOfYear":110,"frostDate":"20 April","centroidLat":51.67,"centroidLng":-0.45,"autumnFrostDayOfYear":290,"autumnFrostDate":"17 October","growingSeasonDays":180}},{"arcs":[[1795,-1784,-1792]],"type":"Polygon","properties":{"LAD24NM":"Watford","LAD24CD":"E07000103","frostDayOfYear":110,"frostDate":"20 April","centroidLat":51.66,"centroidLng":-0.4,"autumnFrostDayOfYear":290,"autumnFrostDate":"17 October","growingSeasonDays":180}},{"arcs":[[1796,1797,-1140,1798,1799,1800]],"type":"Polygon","properties":{"LAD24NM":"Ashford","LAD24CD":"E07000105","frostDayOfYear":109,"frostDate":"19 April","centroidLat":51.12,"centroidLng":0.8,"autumnFrostDayOfYear":290,"autumnFrostDate":"17 October","growingSeasonDays":181}},{"arcs":[[[1801,1802]],[[1803,1804,1805,1806,-1797,1807,1808]]],"type":"MultiPolygon","properties":{"LAD24NM":"Canterbury","LAD24CD":"E07000106","frostDayOfYear":110,"frostDate":"20 April","centroidLat":51.3,"centroidLng":1.13,"autumnFrostDayOfYear":290,"autumnFrostDate":"17 October","growingSeasonDays":180}},{"arcs":[[1809,1810,1811,1812,1813]],"type":"Polygon","properties":{"LAD24NM":"Dartford","LAD24CD":"E07000107","frostDayOfYear":109,"frostDate":"19 April","centroidLat":51.44,"centroidLng":0.24,"autumnFrostDayOfYear":291,"autumnFrostDate":"18 October","growingSeasonDays":182}},{"arcs":[[[1814]],[[1815,1816]],[[1817,1818,1819,-1820,1820,1821,1822,1823,1824,1825,1826,1827,1828,1829,1830,1831,1832,-1806,1833,-1803,1834]]],"type":"MultiPolygon","properties":{"LAD24NM":"Dover","LAD24CD":"E07000108","frostDayOfYear":109,"frostDate":"19 April","centroidLat":51.22,"centroidLng":1.28,"autumnFrostDayOfYear":290,"autumnFrostDate":"17 October","growingSeasonDays":181}},{"arcs":[[-307,1835,1836,-1810,1837]],"type":"Polygon","properties":{"LAD24NM":"Gravesham","LAD24CD":"E07000109","frostDayOfYear":108,"frostDate":"18 April","centroidLat":51.41,"centroidLng":0.39,"autumnFrostDayOfYear":291,"autumnFrostDate":"18 October","growingSeasonDays":183}},{"arcs":[[1838,-1800,1839,1840,1841,1842,-276]],"type":"Polygon","properties":{"LAD24NM":"Maidstone","LAD24CD":"E07000110","frostDayOfYear":109,"frostDate":"19 April","centroidLat":51.22,"centroidLng":0.57,"autumnFrostDayOfYear":290,"autumnFrostDate":"17 October","growingSeasonDays":181}},{"arcs":[[-1837,1843,1844,-1154,1845,1846,1847,-1811]],"type":"Polygon","properties":{"LAD24NM":"Sevenoaks","LAD24CD":"E07000111","frostDayOfYear":108,"frostDate":"18 April","centroidLat":51.26,"centroidLng":0.17,"autumnFrostDayOfYear":292,"autumnFrostDate":"19 October","growingSeasonDays":184}},{"arcs":[[-1833,1848,-1141,-1798,-1807]],"type":"Polygon","properties":{"LAD24NM":"Folkestone and Hythe","LAD24CD":"E07000112","frostDayOfYear":108,"frostDate":"18 April","centroidLat":51.08,"centroidLng":1.01,"autumnFrostDayOfYear":291,"autumnFrostDate":"18 October","growingSeasonDays":183}},{"arcs":[[[1849]],[[1850,1851,1852]],[[1853]],[[1855,-1856,1856]],[[1857,1858,1859]],[[1860]],[[1861]],[[1862,1863,1864,1865]],[[1866,1867]],[[1870,1871,1872,1873]],[[1874,1875,1876,1877,1878,1879,1880,1881,1882,1883,1884,1885,1886,1887,1888,1889,1890,1891,1892,1893,-1808,-1801,-1839,-275,1894,1895,1896,1897,1898,1899,1900,1901]],[[1902,1903,1904]],[[1905]],[[1906]],[[1907,1908]],[[1909,1910,1911,1912,1913,1914,1915,1916,1917,1918,1919,1920,1921,1922,1923,1924,1925,1926,1927,-1851]]],"type":"MultiPolygon","properties":{"LAD24NM":"Swale","LAD24CD":"E07000113","frostDayOfYear":110,"frostDate":"20 April","centroidLat":51.37,"centroidLng":0.76,"autumnFrostDayOfYear":289,"autumnFrostDate":"16 October","growingSeasonDays":179}},{"arcs":[[[-1827,1928]],[[-1816,1929,-1804,1930]]],"type":"MultiPolygon","properties":{"LAD24NM":"Thanet","LAD24CD":"E07000114","frostDayOfYear":110,"frostDate":"20 April","centroidLat":51.35,"centroidLng":1.36,"autumnFrostDayOfYear":289,"autumnFrostDate":"16 October","growingSeasonDays":179}},{"arcs":[[[-306,1931,-1841,1932,-1844,-1836]],[[-1843,1933,1934,1935,-277]]],"type":"MultiPolygon","properties":{"LAD24NM":"Tonbridge and Malling","LAD24CD":"E07000115","frostDayOfYear":108,"frostDate":"18 April","centroidLat":51.25,"centroidLng":0.34,"autumnFrostDayOfYear":292,"autumnFrostDate":"19 October","growingSeasonDays":184}},{"arcs":[[-1840,-1799,-1145,-1146,-1845,-1933]],"type":"Polygon","properties":{"LAD24NM":"Tunbridge Wells","LAD24CD":"E07000116","frostDayOfYear":107,"frostDate":"17 April","centroidLat":51.12,"centroidLng":0.41,"autumnFrostDayOfYear":292,"autumnFrostDate":"19 October","growingSeasonDays":185}},{"arcs":[[1936,1937,1938,1939,1940,1941]],"type":"Polygon","properties":{"LAD24NM":"Burnley","LAD24CD":"E07000117","frostDayOfYear":122,"frostDate":"2 May","centroidLat":53.78,"centroidLng":-2.24,"autumnFrostDayOfYear":279,"autumnFrostDate":"6 October","growingSeasonDays":157}},{"arcs":[[[1942,1943]],[[1946,1947]],[[1948,1949,1950,1951,1952,1953,1954,1955,1956,1957,1958,1959,1960,1961,1962,1963,1964,1965,1966,-83]]],"type":"MultiPolygon","properties":{"LAD24NM":"Chorley","LAD24CD":"E07000118","frostDayOfYear":121,"frostDate":"1 May","centroidLat":53.66,"centroidLng":-2.66,"autumnFrostDayOfYear":280,"autumnFrostDate":"7 October","growingSeasonDays":159}},{"arcs":[[1975,1976,1977,1978,1979,1980,1981,1982,1983,1984,1985,1986,1987,1988,1989,1990,-1991,1991,1992,1993,1994,1995,1996,1997,1998,1999,2000,2001,2002,2003,2004,2005,2006,2007,2008,2009,2010,2011,2012,2013,2014,2015,2016,2017,-86,2018,2019,2020,2021]],"type":"Polygon","properties":{"LAD24NM":"Fylde","LAD24CD":"E07000119","frostDayOfYear":122,"frostDate":"2 May","centroidLat":53.76,"centroidLng":-2.93,"autumnFrostDayOfYear":279,"autumnFrostDate":"6 October","growingSeasonDays":157}},{"arcs":[[-1940,2022,-79,2023]],"type":"Polygon","properties":{"LAD24NM":"Hyndburn","LAD24CD":"E07000120","frostDayOfYear":122,"frostDate":"2 May","centroidLat":53.77,"centroidLng":-2.39,"autumnFrostDayOfYear":279,"autumnFrostDate":"6 October","growingSeasonDays":157}},{"arcs":[[[2028,2029]],[[2030]],[[2031]],[[-943,2032,2033,2034,2035,2036,2037,2038,2039,2040,-2041,2041,2042,2043,2044,2045,2046,2047,2048,2049,2050,2051,2052,-2053,2053,2054,2055,2056,2057,2058,2059,2060,2061,-2062,2062,2063,2064,2065,2066,2067,2068,2069,2070,2071,2072,2073,2074,2075,2076,2077,-2078,2078,2079,2080,2081,2082,2083,2084,-897]]],"type":"MultiPolygon","properties":{"LAD24NM":"Lancaster","LAD24CD":"E07000121","frostDayOfYear":123,"frostDate":"3 May","centroidLat":54.04,"centroidLng":-2.81,"autumnFrostDayOfYear":278,"autumnFrostDate":"5 October","growingSeasonDays":155}},{"arcs":[[2085,2086,-1942,2087,-941]],"type":"Polygon","properties":{"LAD24NM":"Pendle","LAD24CD":"E07000122","frostDayOfYear":122,"frostDate":"2 May","centroidLat":53.87,"centroidLng":-2.22,"autumnFrostDayOfYear":279,"autumnFrostDate":"6 October","growingSeasonDays":157}},{"arcs":[[[-1983,2088]],[[2089,2090]],[[2092,2093,2094,2095,2096,2097,-1969,2098,-1979,2099]]],"type":"MultiPolygon","properties":{"LAD24NM":"Preston","LAD24CD":"E07000123","frostDayOfYear":122,"frostDate":"2 May","centroidLat":53.81,"centroidLng":-2.71,"autumnFrostDayOfYear":279,"autumnFrostDate":"6 October","growingSeasonDays":157}},{"arcs":[[-2088,-1941,-2024,-85,2100,-2093,2101,-2033,-942]],"type":"Polygon","properties":{"LAD24NM":"Ribble Valley","LAD24CD":"E07000124","frostDayOfYear":122,"frostDate":"2 May","centroidLat":53.89,"centroidLng":-2.43,"autumnFrostDayOfYear":279,"autumnFrostDate":"6 October","growingSeasonDays":157}},{"arcs":[[-1938,2102,2103,2104,-80,-2023,-1939]],"type":"Polygon","properties":{"LAD24NM":"Rossendale","LAD24CD":"E07000125","frostDayOfYear":121,"frostDate":"1 May","centroidLat":53.68,"centroidLng":-2.27,"autumnFrostDayOfYear":280,"autumnFrostDate":"7 October","growingSeasonDays":159}},{"arcs":[[-2101,-84,-1967,2105,2106,2107,2108,2109,2110,2111,2112,2113,2114,2115,2116,2117,2118,2119,2120,2121,2122,2123,2124,2125,-2090,2126,-2094]],"type":"Polygon","properties":{"LAD24NM":"South Ribble","LAD24CD":"E07000126","frostDayOfYear":121,"frostDate":"1 May","centroidLat":53.73,"centroidLng":-2.75,"autumnFrostDayOfYear":279,"autumnFrostDate":"6 October","growingSeasonDays":158}},{"arcs":[[[2131,2132]],[[2133,2134,2135]],[[2136]],[[2137]],[[2138]],[[2139]],[[-1947,2140,-1946,2141,-1943,2142,-1951,2143,2144,2145,2146,2147,2148,2149,2150,2151,2152,2153,2154,2155,2156,2157,2158,2159,2160,2161,2162,2163,2164,2165,2166,2167,2168,2169,2170,2171,2172,2173,2174,2175,2176]]],"type":"MultiPolygon","properties":{"LAD24NM":"West Lancashire","LAD24CD":"E07000127","frostDayOfYear":121,"frostDate":"1 May","centroidLat":53.66,"centroidLng":-2.89,"autumnFrostDayOfYear":280,"autumnFrostDate":"7 October","growingSeasonDays":159}},{"arcs":[[[2177]],[[2180]],[[2181,2182,2183,2184,-1973,2185,-1971,-2019,-88,2186]],[[-2027,2187]],[[2188,-2036]],[[-2102,-2100,-1978,2190,-1975,2191,2192,2193,2194,2195,2196,2197,2198,2199,2200,2201,-2025,2202,-2034]]],"type":"MultiPolygon","properties":{"LAD24NM":"Wyre","LAD24CD":"E07000128","frostDayOfYear":122,"frostDate":"2 May","centroidLat":53.91,"centroidLng":-2.88,"autumnFrostDayOfYear":278,"autumnFrostDate":"5 October","growingSeasonDays":156}},{"arcs":[[2203,-150,2204,2205,2206,2207]],"type":"Polygon","properties":{"LAD24NM":"Blaby","LAD24CD":"E07000129","frostDayOfYear":115,"frostDate":"25 April","centroidLat":52.58,"centroidLng":-1.21,"autumnFrostDayOfYear":285,"autumnFrostDate":"12 October","growingSeasonDays":170}},{"arcs":[[2208,2209,-151,-2204,2210,2211,2212]],"type":"Polygon","properties":{"LAD24NM":"Charnwood","LAD24CD":"E07000130","frostDayOfYear":115,"frostDate":"25 April","centroidLat":52.73,"centroidLng":-1.15,"autumnFrostDayOfYear":284,"autumnFrostDate":"11 October","growingSeasonDays":169}},{"arcs":[[-153,-749,-753,2213,-2206,2214,-148,-2210,2215]],"type":"Polygon","properties":{"LAD24NM":"Harborough","LAD24CD":"E07000131","frostDayOfYear":115,"frostDate":"25 April","centroidLat":52.53,"centroidLng":-0.95,"autumnFrostDayOfYear":285,"autumnFrostDate":"12 October","growingSeasonDays":170}},{"arcs":[[-2208,2216,2217,2218,2219,-2211]],"type":"Polygon","properties":{"LAD24NM":"Hinckley and Bosworth","LAD24CD":"E07000132","frostDayOfYear":115,"frostDate":"25 April","centroidLat":52.62,"centroidLng":-1.36,"autumnFrostDayOfYear":285,"autumnFrostDate":"12 October","growingSeasonDays":170}},{"arcs":[[2220,-154,-2216,-2209,2221,2222]],"type":"Polygon","properties":{"LAD24NM":"Melton","LAD24CD":"E07000133","frostDayOfYear":117,"frostDate":"27 April","centroidLat":52.79,"centroidLng":-0.85,"autumnFrostDayOfYear":284,"autumnFrostDate":"11 October","growingSeasonDays":167}},{"arcs":[[2223,-2212,-2220,2224,2225,-1013,-1001]],"type":"Polygon","properties":{"LAD24NM":"North West Leicestershire","LAD24CD":"E07000134","frostDayOfYear":116,"frostDate":"26 April","centroidLat":52.76,"centroidLng":-1.42,"autumnFrostDayOfYear":284,"autumnFrostDate":"11 October","growingSeasonDays":168}},{"arcs":[[-2205,-149,-2215]],"type":"Polygon","properties":{"LAD24NM":"Oadby and Wigston","LAD24CD":"E07000135","frostDayOfYear":114,"frostDate":"24 April","centroidLat":52.58,"centroidLng":-1.1,"autumnFrostDayOfYear":285,"autumnFrostDate":"12 October","growingSeasonDays":171}},{"arcs":[[[2226,2227]],[[2228]],[[2229,2230]],[[2231,2232]],[[2233,2234,2235,2236,2237]],[[2238]],[[2239,2240,2241,-2242,2242,2243,2244,2245,2246,2247,2248,2249,2250,2251,2252,2253,-2254,2254,2255,2256,2257,2258,2259,2260,2261,2262,2263,2264,2265,2266,2267,2268,2269,2270,2271,2272,2273,2274,2275,2276,-2277,2277,2278,2279,2280,2281,2282,2283,2284,2285,2286,2287,2288,2289,2290,2291,2292,2293,2294,2295,2296,2297,2298,2299,2300,2301,2302,2303,2304,2305,2306,2307,2308,2309,2310,2311,2312,2313,2314,2315,2316,2317,2318,2319,2320,2321,2322,2323,2324,2325,2326,2327,2328,2329,2330,2331,2332,2333,2334,2335,2336,2337,2338,2339,2340,-2339,2341,2342,2343,2344,-2345,2345,2346,2347,2348,2349,2350,2351,2352,2353,2354,2355,2356,2357,2358,2359,2360,2361,2362,2363,2364,2365,2366,2367,2368,2369,2370,2371,2372,2373,2374,2375,-2376,2376,2377,-2378,2378,2379,2380,2381,2382,2383,2384,2385,2386,2387,2388,2389,2390,2391,2392,2393,2394,2395,2396,2397,2398,2399,2400,2401,2402,2403,2404,2405,2406,2407,2408,2409,2410,2411,2412,2413,2414,2415,2416,2417,2418,2419,2420,2421,2422,2423,2424,2425,2426,2427,2428,2429,2430,2431,2432,2433,2434,2435,2436,2437,2438,2439,2440,2441,2442,2443,2444,2445,2446,2447,2448,2449,2450,2451,2452,2453,2454,2455,2456,2457,2458,2459,2460,2461,2462,2463,2464,2465,2466,2467,2468,2469,2470,2471,2472,2473,2474,2475,2476,2477,2478,2479,2480]]],"type":"MultiPolygon","properties":{"LAD24NM":"Boston","LAD24CD":"E07000136","frostDayOfYear":118,"frostDate":"28 April","centroidLat":52.95,"centroidLng":0.07,"autumnFrostDayOfYear":283,"autumnFrostDate":"10 October","growingSeasonDays":165}},{"arcs":[[2481,2482,2483,2484,2485,2486,2487,2488,2489,2490,2491,2492,2493,2494,2495,2496,2497,2498,2499,2500,2501,2502,2503,2504,2505,2506,2507,2508,2509,2510,2511,2512,2513,2514,2515,2516,2517,2518,2519,2520,2521,2522,-2521,2523,2524,2525,2526,2527,2528,2529,2530,2531,2532,2533,2534,2535,2536,2537,-2481,2538,2539,-131,2540,2541]],"type":"Polygon","properties":{"LAD24NM":"East Lindsey","LAD24CD":"E07000137","frostDayOfYear":120,"frostDate":"30 April","centroidLat":53.28,"centroidLng":0.14,"autumnFrostDayOfYear":282,"autumnFrostDate":"9 October","growingSeasonDays":162}},{"arcs":[[2542,2543]],"type":"Polygon","properties":{"LAD24NM":"Lincoln","LAD24CD":"E07000138","frostDayOfYear":119,"frostDate":"29 April","centroidLat":53.22,"centroidLng":-0.56,"autumnFrostDayOfYear":282,"autumnFrostDate":"9 October","growingSeasonDays":163}},{"arcs":[[-2543,2544,-2539,-2480,2545,2546,2547,2548]],"type":"Polygon","properties":{"LAD24NM":"North Kesteven","LAD24CD":"E07000139","frostDayOfYear":119,"frostDate":"29 April","centroidLat":53.09,"centroidLng":-0.5,"autumnFrostDayOfYear":283,"autumnFrostDate":"10 October","growingSeasonDays":164}},{"arcs":[[[2549,2550]],[[2551,2552,2553,2554,2555,2556]],[[2557]],[[2558]],[[2559,2560,2561,2562,2563,2564,2565]],[[2566]],[[2567,2568,2569,2570,2571,2572,2573,2574,2575,2576,2577]],[[2578,2579,2580]],[[2581,-2227,2582,2583,2584,2585,-2586,2586,-2572,2587,2588,2589,2590,-2591,2591,2592,2593,2594,2595,2596,2597,2598,2599,2600,2601,2602,2603,2604,2605,2606,2607,2608,2609,2610,2611,2612,-2613,2613,2614,2615,2616,2617,2618,2619,2620,2621,2622,2623,2624,2625,2626,2627,2628,2629,2630,2631,2632,2633,2634,-2635,2635,2636,2637,2638,2639,2640,2641,2642,2643,2644,2645,2646,2647,2648,2649,2650,2651,2652,2653,2654,2655,2656,2657,2658,2659,2660,-2661,2661,2662,2663,2664,2665,2666,2667,2668,2669,2670,2671,2672,2673,2674,2675,-969,-216,2676,-2546,-2479]]],"type":"MultiPolygon","properties":{"LAD24NM":"South Holland","LAD24CD":"E07000140","frostDayOfYear":117,"frostDate":"27 April","centroidLat":52.86,"centroidLng":0.1,"autumnFrostDayOfYear":284,"autumnFrostDate":"11 October","growingSeasonDays":167}},{"arcs":[[-2677,-215,-746,-155,-2221,2677,-2547]],"type":"Polygon","properties":{"LAD24NM":"South Kesteven","LAD24CD":"E07000141","frostDayOfYear":117,"frostDate":"27 April","centroidLat":52.83,"centroidLng":-0.53,"autumnFrostDayOfYear":284,"autumnFrostDate":"11 October","growingSeasonDays":167}},{"arcs":[[-132,-2540,-2545,-2544,-2549,2678,2679,2680,2681,-140]],"type":"Polygon","properties":{"LAD24NM":"West Lindsey","LAD24CD":"E07000142","frostDayOfYear":121,"frostDate":"1 May","centroidLat":53.42,"centroidLng":-0.44,"autumnFrostDayOfYear":281,"autumnFrostDate":"8 October","growingSeasonDays":160}},{"arcs":[[2682,2683,2684,2685,2686,2687]],"type":"Polygon","properties":{"LAD24NM":"Breckland","LAD24CD":"E07000143","frostDayOfYear":118,"frostDate":"28 April","centroidLat":52.59,"centroidLng":0.84,"autumnFrostDayOfYear":283,"autumnFrostDate":"10 October","growingSeasonDays":165}},{"arcs":[[2688,2689,2690,2691,2692,2693,2694,2695,2696,2697,2698,2699,2700,2701,2702,2703,2704,2705,2706,2707,2708,2709,2710,2711,2712,2713,2714,2715,2716,2717,2718,2719,2720,2721,2722,2723,2724,2725,2726,2727,2728,2729,2730,2731,2732,2733,2734,2735,2736,2737,2738,2739,2740,2741,2742,2743,2744,2745,2746,2747,2748,2749,2750,2751,2752,2753,2754,2755,2756,2757,2758,2759,2760,2761,2762,2763,2764,2765,-2683,2766]],"type":"Polygon","properties":{"LAD24NM":"Broadland","LAD24CD":"E07000144","frostDayOfYear":118,"frostDate":"28 April","centroidLat":52.68,"centroidLng":1.36,"autumnFrostDayOfYear":283,"autumnFrostDate":"10 October","growingSeasonDays":165}},{"arcs":[[[2769,2770]],[[2771]],[[-2696,2772]],[[2773,-2698,2774]],[[2775,2776,2777,2778,2779,2780,2781,2782]]],"type":"MultiPolygon","properties":{"LAD24NM":"Great Yarmouth","LAD24CD":"E07000145","frostDayOfYear":118,"frostDate":"28 April","centroidLat":52.65,"centroidLng":1.65,"autumnFrostDayOfYear":283,"autumnFrostDate":"10 October","growingSeasonDays":165}},{"arcs":[[[-2550,2783]],[[2784]],[[2785,2786,2787,2788,2789,2790,2791,-955,-968,2792,-2553,2793,2794,2795,2796,2797,2798,2799,2800,2801,2802]],[[2803,2804,2805]],[[2806,2807,2808,2809]],[[-2809,2810,2811]],[[2812,2813]],[[2814,2815,2816,2817,2818]],[[2819]],[[2820]],[[2821]],[[2822,2823,2824,2825,2826,2827,2828]],[[2831,2832]],[[2835,2836]],[[2837,2838,2839,2840,2841,2842]],[[2843,2844,2845,2846]],[[2847,2848]],[[2849,2850]],[[2851]],[[2852,2853,2854,2855]],[[2856]],[[2859,2860,2861,2862,2863,2864,2865,2866,-2855,2867,2868,2869,2870,2871,2872,2873,-2872,2874,2875,2876,2877,2878,2879,2880,2881,2882,2883,2884,2885,2886,2887]],[[2888,2889]],[[2890,2891,2892,2893,2894,2895]],[[2896,2897,2898]],[[2899,2900,2901,2902]],[[2903,2904,2905]],[[2906,2907,2908,2909]],[[2910,2911]],[[2912,2913,2914,2915]],[[2920,2921,-2922,2922,2923,2924,2925]],[[2926,2927,2928,2929]],[[2930,2931,2932]],[[2933,2934,-2927,2935,2936]],[[2937,2938,2939,2940,2941]],[[2942,-2911,2943,2944,2945,2946]],[[2947,-2687,2948,-962,2949,2950,2951,2952,2953,2954,2955,2956,2957,2958,2959,-2958,2960,2961,2962,2963,2964,2965,2966,2967,2968,2969,2970,2971,2972,2973,2974,2975,2976,-2977,2977,2978,2979,2980,2981,2982,2983,2984,2985,2986,2987,2988,2989,2990,2991,2992,-2991,2993,2994,2995,2996,2997,2998,2999,3000,3001,3002,3003,3004,3005,3006,3007,3008,3009,3010,3011,3012,3013,3014,3015,3016,3017,3018,3019,3020,3021,3022,3023,3024,3025,3026,3027,3028,3029,3030,3031,3032,3033,3034,3035,3036,3037,3038,3039,3040,3041,3042,3043,3044,3045,3046,3047,3048,3049,3050,3051,3052,3053,3054,3055,3056,3057,3058,3059,3060,3061,3062,3063,3064,3065,3066,3067,3068,3069,3070,3071,3072]],[[3073,3074,3075,3076,3077,3078,3079,3080,3081,3082,3083,3084,3085,3086,3087,3088,3089,3090,3091,3092,3093,-2891,3094,3095,3096,3097,3098,3099,3100,3101,3102,3103,3104,3105,3106,3107,3108,3109,3110,3111,3112,3113,3114,3115,3116,3117,3118,3119,3120,3121,3122,3123,3124,3125,3126,3127,3128,3129,3130,3131,3132]]],"type":"MultiPolygon","properties":{"LAD24NM":"King's Lynn and West Norfolk","LAD24CD":"E07000146","frostDayOfYear":119,"frostDate":"29 April","centroidLat":52.88,"centroidLng":0.61,"autumnFrostDayOfYear":282,"autumnFrostDate":"9 October","growingSeasonDays":163}},{"arcs":[[[-2690,3133]],[[3137]],[[3138,3139]],[[3140]],[[3141,3142]],[[3143]],[[3144,3145,3146,3147,3148,3149]],[[3150]],[[3151,3152,3153,3154,3155,3156,3157,3158,3159]],[[3160]],[[3161]],[[3164,3165,3166,3167,3168,3169,3170,3171]],[[3174,3175,3176,3177,3178]],[[3179,3180,3181]],[[3182,3183,3184]],[[3185,3186,3187,3188,3189,3190,3191,3192,3193,3194]],[[3195,3196,3197]],[[-3198,3198,3199,3200,3201]],[[3204,3205,3206,3207]],[[3208,3209,3210,3211,3212,3213,3214,3215,3216,3217,3218,3219,3220,3221]],[[3222,3223,3224,3225]],[[3226,3227,3228,-3227,3229,3230,3231,3232,3233,3234,3235,3236,3237,-3238,3238,3239,3240,3241,3242,3243,3244,3245,3246,3247,3248,3249,3250,3251,3252,3253,-3254,3254,3255,3256,-3250,3257,3258,3259,3260,3261,3262,3263,3264,3265,3266,3267,3268,3269,3270,3271,3272,3273,3274,-3267,3275,3276,3277,3278,3279,-3278,3280,3281,3282,-3200,3283]],[[3284,3285,3286,3287,3288,3289,3290,3291,3292,3293,3294,3295,3296]],[[-3205,3297,3298,3299,3300]],[[3301]],[[3302]],[[3303]],[[3304,3305,3306,3307]],[[3308,-3309,3309,3310,3311,3312,3313,-3314,3314,3315,3316,-3317,3317,3318,3319,3320,3321,3322,3323,3324,3325,3326,3327,3328,3329,3330,3331,3332,3333,3334,3335,3336,3337,3338,3339,3340,3341,3342,3343,3344,3345,3346,3347,3348,3349,3350,3351,3352,3353,3354]],[[3355]],[[3356,3357,3358,3359,3360,3361,3362,3363,3364,3365,3366,3367,3368,3369,3370,3371,3372,3373,-3374,3374,3375,3376]],[[3377,3378,3379,3380]],[[3381,3382,3383,3384,3385,3386,-3385,3387,3388,3389,-3390,3390,3391,3392,3393,3394,3395,3396,3397,3398,3399,3400,3401,3402,3403,3404,-3401,3405,3406,3407,3408,3409,3410,3411,3412,3413,3414,3415,3416,3417,3418,3419,3420,3421,3422,-3423,3423,3424,3425,3426,3427,3428,3429,3430]],[[-2782,3431,-2767,-2688,-2948,3432,3433,3434,3435,3436,3437,3438,3439,3440,3441,3442,3443,3444,-3443,3445,3446,3447,3448,3449,3450,3451,3452,3453,3454,3455,-3454,3456,3457,3458,3459,3460,3461,-3462,3462,3463,3464,3465,3466,3467,3468,3469,3470,3471,3472,3473,3474,3475,3476,3477,3478,3479,3480,3481,3482,3483,3484,3485,3486,3487,3488,3489,3490,3491,3492,3493,3494,3495,3496,-3147,3497,3498,3499,3500,3501,3502,3503,3504,-3503,3505,3506,3507,3508,3509,3510,3511,3512,3513,3514,3515,3516,3517,3518,3519,3520,3521,3522,3523,3524,3525,3526,3527,3528,3529,3530]]],"type":"MultiPolygon","properties":{"LAD24NM":"North Norfolk","LAD24CD":"E07000147","frostDayOfYear":119,"frostDate":"29 April","centroidLat":52.9,"centroidLng":1.06,"autumnFrostDayOfYear":282,"autumnFrostDate":"9 October","growingSeasonDays":163}},{"arcs":[[3639,3640,3641,3642,-2765]],"type":"Polygon","properties":{"LAD24NM":"Norwich","LAD24CD":"E07000148","frostDayOfYear":118,"frostDate":"28 April","centroidLat":52.63,"centroidLng":1.28,"autumnFrostDayOfYear":283,"autumnFrostDate":"10 October","growingSeasonDays":165}},{"arcs":[[[2767,3645]],[[-3641,3646]],[[-3643,3647,-3592,3648,3595,3649,-3607,3650,3623,3651,-3629,3652,-3626,3653,-3632,3654,-3621,3655,-3618,3656,-3609,3657,-3604,3658,-3582,3659,-3579,3660,-3597,3661,-3601,3662,-3613,3663,3616,3664,-3611,3665,-3594,3666,-3586,3667,-3573,3668,-3571,3669,-3569,3670,-3561,3671,-3565,3672,-3563,3673,-3559,3674,-3556,3675,-3553,3676,-3550,3677,-3548,3678,-3552,3679,-3546,3680,-3544,3681,-3541,3682,-3538,3683,-3535,3684,-3533,3685,3686,3687,3688,3689,3690,3691,3692,3693,3694,3695,3696,3697,-2684,-2766]]],"type":"MultiPolygon","properties":{"LAD24NM":"South Norfolk","LAD24CD":"E07000149","frostDayOfYear":117,"frostDate":"27 April","centroidLat":52.52,"centroidLng":1.33,"autumnFrostDayOfYear":283,"autumnFrostDate":"10 October","growingSeasonDays":166}},{"arcs":[[3698,3699,3700,-158,3701,-981,-989]],"type":"Polygon","properties":{"LAD24NM":"Ashfield","LAD24CD":"E07000170","frostDayOfYear":118,"frostDate":"28 April","centroidLat":53.09,"centroidLng":-1.27,"autumnFrostDayOfYear":283,"autumnFrostDate":"10 October","growingSeasonDays":165}},{"arcs":[[3703,3704,3705,-987,3706,3707,-135]],"type":"Polygon","properties":{"LAD24NM":"Bassetlaw","LAD24CD":"E07000171","frostDayOfYear":120,"frostDate":"30 April","centroidLat":53.31,"centroidLng":-0.97,"autumnFrostDayOfYear":281,"autumnFrostDate":"8 October","growingSeasonDays":161}},{"arcs":[[-157,3708,-1003,-982,-3702]],"type":"Polygon","properties":{"LAD24NM":"Broxtowe","LAD24CD":"E07000172","frostDayOfYear":117,"frostDate":"27 April","centroidLat":52.98,"centroidLng":-1.27,"autumnFrostDayOfYear":283,"autumnFrostDate":"10 October","growingSeasonDays":166}},{"arcs":[[3709,-159,-3701,3710]],"type":"Polygon","properties":{"LAD24NM":"Gedling","LAD24CD":"E07000173","frostDayOfYear":117,"frostDate":"27 April","centroidLat":53.02,"centroidLng":-1.11,"autumnFrostDayOfYear":283,"autumnFrostDate":"10 October","growingSeasonDays":166}},{"arcs":[[-3699,-988,-3706,3711]],"type":"Polygon","properties":{"LAD24NM":"Mansfield","LAD24CD":"E07000174","frostDayOfYear":118,"frostDate":"28 April","centroidLat":53.17,"centroidLng":-1.18,"autumnFrostDayOfYear":282,"autumnFrostDate":"9 October","growingSeasonDays":164}},{"arcs":[[-2548,-2678,-2223,3712,-3711,-3700,-3712,-3705,3713,-2679]],"type":"Polygon","properties":{"LAD24NM":"Newark and Sherwood","LAD24CD":"E07000175","frostDayOfYear":119,"frostDate":"29 April","centroidLat":53.11,"centroidLng":-0.89,"autumnFrostDayOfYear":282,"autumnFrostDate":"9 October","growingSeasonDays":163}},{"arcs":[[-2222,-2213,-2224,-1000,-3709,-156,-3710,-3713]],"type":"Polygon","properties":{"LAD24NM":"Rushcliffe","LAD24CD":"E07000176","frostDayOfYear":116,"frostDate":"26 April","centroidLat":52.88,"centroidLng":-1.06,"autumnFrostDayOfYear":284,"autumnFrostDate":"11 October","growingSeasonDays":168}},{"arcs":[[-744,3714,3715,3716,3717,3718,3719,-750]],"type":"Polygon","properties":{"LAD24NM":"Cherwell","LAD24CD":"E07000177","frostDayOfYear":111,"frostDate":"21 April","centroidLat":51.97,"centroidLng":-1.27,"autumnFrostDayOfYear":288,"autumnFrostDate":"15 October","growingSeasonDays":177}},{"arcs":[[3720,3721,-3716]],"type":"Polygon","properties":{"LAD24NM":"Oxford","LAD24CD":"E07000178","frostDayOfYear":110,"frostDate":"20 April","centroidLat":51.75,"centroidLng":-1.24,"autumnFrostDayOfYear":289,"autumnFrostDate":"16 October","growingSeasonDays":179}},{"arcs":[[-743,-333,-321,-313,3722,-3721,-3715]],"type":"Polygon","properties":{"LAD24NM":"South Oxfordshire","LAD24CD":"E07000179","frostDayOfYear":109,"frostDate":"19 April","centroidLat":51.65,"centroidLng":-1.07,"autumnFrostDayOfYear":290,"autumnFrostDate":"17 October","growingSeasonDays":181}},{"arcs":[[-3717,-3722,-3723,-319,-609,-201,-1652,3723,-3718]],"type":"Polygon","properties":{"LAD24NM":"Vale of White Horse","LAD24CD":"E07000180","frostDayOfYear":109,"frostDate":"19 April","centroidLat":51.65,"centroidLng":-1.46,"autumnFrostDayOfYear":290,"autumnFrostDate":"17 October","growingSeasonDays":181}},{"arcs":[[-3724,-1651,3724,-3719]],"type":"Polygon","properties":{"LAD24NM":"West Oxfordshire","LAD24CD":"E07000181","frostDayOfYear":110,"frostDate":"20 April","centroidLat":51.84,"centroidLng":-1.51,"autumnFrostDayOfYear":289,"autumnFrostDate":"16 October","growingSeasonDays":179}},{"arcs":[[3725,3726,3727,3728]],"type":"Polygon","properties":{"LAD24NM":"Cannock Chase","LAD24CD":"E07000192","frostDayOfYear":115,"frostDate":"25 April","centroidLat":52.7,"centroidLng":-1.97,"autumnFrostDayOfYear":285,"autumnFrostDate":"12 October","growingSeasonDays":170}},{"arcs":[[-996,-1015,3729,3730,3731]],"type":"Polygon","properties":{"LAD24NM":"East Staffordshire","LAD24CD":"E07000193","frostDayOfYear":116,"frostDate":"26 April","centroidLat":52.88,"centroidLng":-1.82,"autumnFrostDayOfYear":284,"autumnFrostDate":"11 October","growingSeasonDays":168}},{"arcs":[[-1014,-2226,3732,3733,3734,3735,3736,-3726,3737,-3730]],"type":"Polygon","properties":{"LAD24NM":"Lichfield","LAD24CD":"E07000194","frostDayOfYear":115,"frostDate":"25 April","centroidLat":52.7,"centroidLng":-1.79,"autumnFrostDayOfYear":285,"autumnFrostDate":"12 October","growingSeasonDays":170}},{"arcs":[[-170,3738,-489,-420,3739]],"type":"Polygon","properties":{"LAD24NM":"Newcastle-under-Lyme","LAD24CD":"E07000195","frostDayOfYear":117,"frostDate":"27 April","centroidLat":52.99,"centroidLng":-2.33,"autumnFrostDayOfYear":283,"autumnFrostDate":"10 October","growingSeasonDays":166}},{"arcs":[[-3728,3740,3741,3742,3743,3744,-491,-166,3745]],"type":"Polygon","properties":{"LAD24NM":"South Staffordshire","LAD24CD":"E07000196","frostDayOfYear":115,"frostDate":"25 April","centroidLat":52.62,"centroidLng":-2.18,"autumnFrostDayOfYear":285,"autumnFrostDate":"12 October","growingSeasonDays":170}},{"arcs":[[-169,3746,-3731,-3738,-3729,-3746,-165,-490,-3739]],"type":"Polygon","properties":{"LAD24NM":"Stafford","LAD24CD":"E07000197","frostDayOfYear":116,"frostDate":"26 April","centroidLat":52.85,"centroidLng":-2.18,"autumnFrostDayOfYear":284,"autumnFrostDate":"11 October","growingSeasonDays":168}},{"arcs":[[-997,-3732,-3747,-168,-3740,-419,-1006]],"type":"Polygon","properties":{"LAD24NM":"Staffordshire Moorlands","LAD24CD":"E07000198","frostDayOfYear":117,"frostDate":"27 April","centroidLat":53.07,"centroidLng":-1.97,"autumnFrostDayOfYear":283,"autumnFrostDate":"10 October","growingSeasonDays":166}},{"arcs":[[-3734,3747]],"type":"Polygon","properties":{"LAD24NM":"Tamworth","LAD24CD":"E07000199","frostDayOfYear":115,"frostDate":"25 April","centroidLat":52.62,"centroidLng":-1.68,"autumnFrostDayOfYear":285,"autumnFrostDate":"12 October","growingSeasonDays":170}},{"arcs":[[[3748]],[[3749,3750,-3751,3751,3752,3753]],[[3754,3755]],[[3758,3759,3760,3761,3762,3763,3764,3765,3766,3767,3768,3769,-1646,-1360,-1187,3770]]],"type":"MultiPolygon","properties":{"LAD24NM":"Babergh","LAD24CD":"E07000200","frostDayOfYear":114,"frostDate":"24 April","centroidLat":52.03,"centroidLng":0.99,"autumnFrostDayOfYear":286,"autumnFrostDate":"13 October","growingSeasonDays":172}},{"arcs":[[3771,3772,-3758,3773,-3760,3774]],"type":"Polygon","properties":{"LAD24NM":"Ipswich","LAD24CD":"E07000202","frostDayOfYear":114,"frostDate":"24 April","centroidLat":52.06,"centroidLng":1.15,"autumnFrostDayOfYear":286,"autumnFrostDate":"13 October","growingSeasonDays":172}},{"arcs":[[-3775,-3759,3775,-2685,-3698,3776]],"type":"Polygon","properties":{"LAD24NM":"Mid Suffolk","LAD24CD":"E07000203","frostDayOfYear":115,"frostDate":"25 April","centroidLat":52.25,"centroidLng":1.11,"autumnFrostDayOfYear":285,"autumnFrostDate":"12 October","growingSeasonDays":170}},{"arcs":[[3777,3778,3779,3780,3781,3782,3783]],"type":"Polygon","properties":{"LAD24NM":"Elmbridge","LAD24CD":"E07000207","frostDayOfYear":108,"frostDate":"18 April","centroidLat":51.36,"centroidLng":-0.41,"autumnFrostDayOfYear":291,"autumnFrostDate":"18 October","growingSeasonDays":183}},{"arcs":[[3784,3785,3786,3787]],"type":"Polygon","properties":{"LAD24NM":"Epsom and Ewell","LAD24CD":"E07000208","frostDayOfYear":108,"frostDate":"18 April","centroidLat":51.34,"centroidLng":-0.26,"autumnFrostDayOfYear":291,"autumnFrostDate":"18 October","growingSeasonDays":183}},{"arcs":[[-3780,3788,3789,-1758,3790,3791]],"type":"Polygon","properties":{"LAD24NM":"Guildford","LAD24CD":"E07000209","frostDayOfYear":108,"frostDate":"18 April","centroidLat":51.25,"centroidLng":-0.55,"autumnFrostDayOfYear":292,"autumnFrostDate":"19 October","growingSeasonDays":184}},{"arcs":[[3792,3793,3794,3795,-3789,-3779,3796,-3786]],"type":"Polygon","properties":{"LAD24NM":"Mole Valley","LAD24CD":"E07000210","frostDayOfYear":107,"frostDate":"17 April","centroidLat":51.21,"centroidLng":-0.3,"autumnFrostDayOfYear":292,"autumnFrostDate":"19 October","growingSeasonDays":185}},{"arcs":[[3797,3798,3799,-3793,-3785,3800]],"type":"Polygon","properties":{"LAD24NM":"Reigate and Banstead","LAD24CD":"E07000211","frostDayOfYear":107,"frostDate":"17 April","centroidLat":51.24,"centroidLng":-0.2,"autumnFrostDayOfYear":292,"autumnFrostDate":"19 October","growingSeasonDays":185}},{"arcs":[[3801,-3782,3802,3803,-327]],"type":"Polygon","properties":{"LAD24NM":"Runnymede","LAD24CD":"E07000212","frostDayOfYear":108,"frostDate":"18 April","centroidLat":51.39,"centroidLng":-0.52,"autumnFrostDayOfYear":291,"autumnFrostDate":"18 October","growingSeasonDays":183}},{"arcs":[[3804,3805,3806,-3783,-3802,-326,-323]],"type":"Polygon","properties":{"LAD24NM":"Spelthorne","LAD24CD":"E07000213","frostDayOfYear":109,"frostDate":"19 April","centroidLat":51.42,"centroidLng":-0.46,"autumnFrostDayOfYear":291,"autumnFrostDate":"18 October","growingSeasonDays":182}},{"arcs":[[3807,-3791,-1757,-1707,-309,-328,-3804]],"type":"Polygon","properties":{"LAD24NM":"Surrey Heath","LAD24CD":"E07000214","frostDayOfYear":108,"frostDate":"18 April","centroidLat":51.33,"centroidLng":-0.68,"autumnFrostDayOfYear":291,"autumnFrostDate":"18 October","growingSeasonDays":183}},{"arcs":[[3808,-1846,-1153,3809,3810,-3799,3811]],"type":"Polygon","properties":{"LAD24NM":"Tandridge","LAD24CD":"E07000215","frostDayOfYear":107,"frostDate":"17 April","centroidLat":51.23,"centroidLng":-0.04,"autumnFrostDayOfYear":292,"autumnFrostDate":"19 October","growingSeasonDays":185}},{"arcs":[[-3790,-3796,3812,3813,-1674,-1709,-1759]],"type":"Polygon","properties":{"LAD24NM":"Waverley","LAD24CD":"E07000216","frostDayOfYear":107,"frostDate":"17 April","centroidLat":51.15,"centroidLng":-0.64,"autumnFrostDayOfYear":292,"autumnFrostDate":"19 October","growingSeasonDays":185}},{"arcs":[[-3781,-3792,-3808,-3803]],"type":"Polygon","properties":{"LAD24NM":"Woking","LAD24CD":"E07000217","frostDayOfYear":108,"frostDate":"18 April","centroidLat":51.31,"centroidLng":-0.54,"autumnFrostDayOfYear":291,"autumnFrostDate":"18 October","growingSeasonDays":183}},{"arcs":[[-2219,3814,3815,3816,3817,-3735,-3748,-3733,-2225]],"type":"Polygon","properties":{"LAD24NM":"North Warwickshire","LAD24CD":"E07000218","frostDayOfYear":114,"frostDate":"24 April","centroidLat":52.55,"centroidLng":-1.63,"autumnFrostDayOfYear":285,"autumnFrostDate":"12 October","growingSeasonDays":171}},{"arcs":[[3818,3819,-3815,-2218]],"type":"Polygon","properties":{"LAD24NM":"Nuneaton and Bedworth","LAD24CD":"E07000219","frostDayOfYear":114,"frostDate":"24 April","centroidLat":52.5,"centroidLng":-1.48,"autumnFrostDayOfYear":286,"autumnFrostDate":"13 October","growingSeasonDays":172}},{"arcs":[[-2207,-2214,-752,3820,3821,3822,-3819,-2217]],"type":"Polygon","properties":{"LAD24NM":"Rugby","LAD24CD":"E07000220","frostDayOfYear":113,"frostDate":"23 April","centroidLat":52.35,"centroidLng":-1.32,"autumnFrostDayOfYear":286,"autumnFrostDate":"13 October","growingSeasonDays":173}},{"arcs":[[3823,-3821,-751,-3720,-3725,-1657,3824,3825,3826,3827]],"type":"Polygon","properties":{"LAD24NM":"Stratford-on-Avon","LAD24CD":"E07000221","frostDayOfYear":112,"frostDate":"22 April","centroidLat":52.17,"centroidLng":-1.61,"autumnFrostDayOfYear":287,"autumnFrostDate":"14 October","growingSeasonDays":175}},{"arcs":[[3828,-3822,-3824,3829]],"type":"Polygon","properties":{"LAD24NM":"Warwick","LAD24CD":"E07000222","frostDayOfYear":113,"frostDate":"23 April","centroidLat":52.31,"centroidLng":-1.59,"autumnFrostDayOfYear":286,"autumnFrostDate":"13 October","growingSeasonDays":173}},{"arcs":[[[3830]],[[3831,3832,-342]],[[3833,3834,3835,3836,3837,3838]]],"type":"MultiPolygon","properties":{"LAD24NM":"Adur","LAD24CD":"E07000223","frostDayOfYear":105,"frostDate":"15 April","centroidLat":50.84,"centroidLng":-0.31,"autumnFrostDayOfYear":294,"autumnFrostDate":"21 October","growingSeasonDays":189}},{"arcs":[[[3839,3840]],[[3843]],[[3846,3847]],[[-3839,3848,3849,3850]],[[3851,3852,3853,3854,3855,3856,3857,3858]]],"type":"MultiPolygon","properties":{"LAD24NM":"Arun","LAD24CD":"E07000224","frostDayOfYear":105,"frostDate":"15 April","centroidLat":50.82,"centroidLng":-0.65,"autumnFrostDayOfYear":294,"autumnFrostDate":"21 October","growingSeasonDays":189}},{"arcs":[[[3859]],[[3862]],[[3864]],[[3867,3868]],[[3875,3876,3877,3878,3879,3880,3881,3882,3883,-3859,3884,3885,3886,3887,-3840,3888,3889,3890,3891,3892,3893,3894,3895,3896,3897,-1720,-1675,-3814,3898]]],"type":"MultiPolygon","properties":{"LAD24NM":"Chichester","LAD24CD":"E07000225","frostDayOfYear":105,"frostDate":"15 April","centroidLat":50.86,"centroidLng":-0.76,"autumnFrostDayOfYear":294,"autumnFrostDate":"21 October","growingSeasonDays":189}},{"arcs":[[-3811,3899,3900,-3794,-3800]],"type":"Polygon","properties":{"LAD24NM":"Crawley","LAD24CD":"E07000226","frostDayOfYear":107,"frostDate":"17 April","centroidLat":51.13,"centroidLng":-0.2,"autumnFrostDayOfYear":292,"autumnFrostDate":"19 October","growingSeasonDays":185}},{"arcs":[[[-3879,3904]],[[3905]],[[3907,-343,-3833,3908,3909,-3834,-3851,3910,3845,3911,-3848,3912,-3866,3913,-3869,3914,3915,3916,3917,3918,3919,3920,3921,-3918,3922,3923,3924,-3870,3925,-3872,3926,-3874,3927,-3899,-3813,-3795,-3901]]],"type":"MultiPolygon","properties":{"LAD24NM":"Horsham","LAD24CD":"E07000227","frostDayOfYear":106,"frostDate":"16 April","centroidLat":50.98,"centroidLng":-0.38,"autumnFrostDayOfYear":293,"autumnFrostDate":"20 October","growingSeasonDays":187}},{"arcs":[[-1152,-1138,-344,-3908,-3900,-3810]],"type":"Polygon","properties":{"LAD24NM":"Mid Sussex","LAD24CD":"E07000228","frostDayOfYear":106,"frostDate":"16 April","centroidLat":51.02,"centroidLng":-0.1,"autumnFrostDayOfYear":293,"autumnFrostDate":"20 October","growingSeasonDays":187}},{"arcs":[[-3838,3928,-3849]],"type":"Polygon","properties":{"LAD24NM":"Worthing","LAD24CD":"E07000229","frostDayOfYear":105,"frostDate":"15 April","centroidLat":50.83,"centroidLng":-0.39,"autumnFrostDayOfYear":294,"autumnFrostDate":"21 October","growingSeasonDays":189}},{"arcs":[[3929,3930,-3827,3931,3932,3933,-3744,3934]],"type":"Polygon","properties":{"LAD24NM":"Bromsgrove","LAD24CD":"E07000234","frostDayOfYear":113,"frostDate":"23 April","centroidLat":52.38,"centroidLng":-2.02,"autumnFrostDayOfYear":286,"autumnFrostDate":"13 October","growingSeasonDays":173}},{"arcs":[[3935,3936,3937,-1668,-1658,-160,-493,3938]],"type":"Polygon","properties":{"LAD24NM":"Malvern Hills","LAD24CD":"E07000235","frostDayOfYear":112,"frostDate":"22 April","centroidLat":52.21,"centroidLng":-2.39,"autumnFrostDayOfYear":287,"autumnFrostDate":"14 October","growingSeasonDays":175}},{"arcs":[[-3826,3939,-3932]],"type":"Polygon","properties":{"LAD24NM":"Redditch","LAD24CD":"E07000236","frostDayOfYear":113,"frostDate":"23 April","centroidLat":52.28,"centroidLng":-1.95,"autumnFrostDayOfYear":287,"autumnFrostDate":"14 October","growingSeasonDays":174}},{"arcs":[[-3937,3940]],"type":"Polygon","properties":{"LAD24NM":"Worcester","LAD24CD":"E07000237","frostDayOfYear":112,"frostDate":"22 April","centroidLat":52.19,"centroidLng":-2.22,"autumnFrostDayOfYear":287,"autumnFrostDate":"14 October","growingSeasonDays":175}},{"arcs":[[-3933,-3940,-3825,-1656,-1669,-3938,-3941,-3936,3941]],"type":"Polygon","properties":{"LAD24NM":"Wychavon","LAD24CD":"E07000238","frostDayOfYear":112,"frostDate":"22 April","centroidLat":52.17,"centroidLng":-2.05,"autumnFrostDayOfYear":287,"autumnFrostDate":"14 October","growingSeasonDays":175}},{"arcs":[[-3934,-3942,-3939,-492,-3745]],"type":"Polygon","properties":{"LAD24NM":"Wyre Forest","LAD24CD":"E07000239","frostDayOfYear":113,"frostDate":"23 April","centroidLat":52.37,"centroidLng":-2.29,"autumnFrostDayOfYear":286,"autumnFrostDate":"13 October","growingSeasonDays":173}},{"arcs":[[3942,-1785,-1796,-1795,-1778,-622,-1791]],"type":"Polygon","properties":{"LAD24NM":"St Albans","LAD24CD":"E07000240","frostDayOfYear":111,"frostDate":"21 April","centroidLat":51.76,"centroidLng":-0.34,"autumnFrostDayOfYear":289,"autumnFrostDate":"16 October","growingSeasonDays":178}},{"arcs":[[3943,-1776,3944,-1786,-3943,-1790]],"type":"Polygon","properties":{"LAD24NM":"Welwyn Hatfield","LAD24CD":"E07000241","frostDayOfYear":111,"frostDate":"21 April","centroidLat":51.79,"centroidLng":-0.2,"autumnFrostDayOfYear":289,"autumnFrostDate":"16 October","growingSeasonDays":178}},{"arcs":[[-1647,-1368,-1370,-1366,-1777,-3944,-1789,3945,-1787]],"type":"Polygon","properties":{"LAD24NM":"East Hertfordshire","LAD24CD":"E07000242","frostDayOfYear":111,"frostDate":"21 April","centroidLat":51.86,"centroidLng":0,"autumnFrostDayOfYear":289,"autumnFrostDate":"16 October","growingSeasonDays":178}},{"arcs":[[-3946,-1788]],"type":"Polygon","properties":{"LAD24NM":"Stevenage","LAD24CD":"E07000243","frostDayOfYear":111,"frostDate":"21 April","centroidLat":51.9,"centroidLng":-0.19,"autumnFrostDayOfYear":289,"autumnFrostDate":"16 October","growingSeasonDays":178}},{"arcs":[[[3946]],[[3947,3948]],[[3949]],[[3950]],[[3951]],[[3952]],[[3953]],[[3956]],[[3957]],[[3962]],[[3964,3965,3966,3967,3968,3969,3970,3971,3972,3973,3974,3975,-3955,3976,3977,3978,3979,3980,3981,3982,3983,3984,3985,3986,3987,3988,3989,3990,3991,3992,3993,3994,3995,3996,3997,3998,3999,4000,4001,4002,4003,4004,4005,4006,4007,4008,4009,4010,4011,4012,4013,4014,4015,4016,4017,4018,4019,4020,4021,4022,4023,4024,4025,-3772,-3777,-3697,4026,-3645,4027,4028,4029,-2770]]],"type":"MultiPolygon","properties":{"LAD24NM":"East Suffolk","LAD24CD":"E07000244","frostDayOfYear":115,"frostDate":"25 April","centroidLat":52.17,"centroidLng":1.46,"autumnFrostDayOfYear":285,"autumnFrostDate":"12 October","growingSeasonDays":170}},{"arcs":[[-3776,-3771,-1186,-974,-956,-2949,-2686]],"type":"Polygon","properties":{"LAD24NM":"West Suffolk","LAD24CD":"E07000245","frostDayOfYear":115,"frostDate":"25 April","centroidLat":52.25,"centroidLng":0.62,"autumnFrostDayOfYear":285,"autumnFrostDate":"12 October","growingSeasonDays":170}},{"arcs":[[4030,4031,4032,-1949,-82]],"type":"Polygon","properties":{"LAD24NM":"Bolton","LAD24CD":"E08000001","frostDayOfYear":120,"frostDate":"30 April","centroidLat":53.58,"centroidLng":-2.49,"autumnFrostDayOfYear":280,"autumnFrostDate":"7 October","growingSeasonDays":160}},{"arcs":[[4033,4034,4035,-4031,-81,-2105]],"type":"Polygon","properties":{"LAD24NM":"Bury","LAD24CD":"E08000002","frostDayOfYear":121,"frostDate":"1 May","centroidLat":53.59,"centroidLng":-2.31,"autumnFrostDayOfYear":280,"autumnFrostDate":"7 October","growingSeasonDays":159}},{"arcs":[[4036,4037,4038,4039,-416,4040,4041,-4035]],"type":"Polygon","properties":{"LAD24NM":"Manchester","LAD24CD":"E08000003","frostDayOfYear":120,"frostDate":"30 April","centroidLat":53.45,"centroidLng":-2.23,"autumnFrostDayOfYear":281,"autumnFrostDate":"8 October","growingSeasonDays":161}},{"arcs":[[4042,-1009,4043,-4038,4044,4045]],"type":"Polygon","properties":{"LAD24NM":"Oldham","LAD24CD":"E08000004","frostDayOfYear":120,"frostDate":"30 April","centroidLat":53.54,"centroidLng":-2.08,"autumnFrostDayOfYear":280,"autumnFrostDate":"7 October","growingSeasonDays":160}},{"arcs":[[-4045,-4037,-4034,-2104,4046]],"type":"Polygon","properties":{"LAD24NM":"Rochdale","LAD24CD":"E08000005","frostDayOfYear":121,"frostDate":"1 May","centroidLat":53.61,"centroidLng":-2.17,"autumnFrostDayOfYear":280,"autumnFrostDate":"7 October","growingSeasonDays":159}},{"arcs":[[-4036,-4042,4047,-78,4048,-4032]],"type":"Polygon","properties":{"LAD24NM":"Salford","LAD24CD":"E08000006","frostDayOfYear":120,"frostDate":"30 April","centroidLat":53.5,"centroidLng":-2.37,"autumnFrostDayOfYear":281,"autumnFrostDate":"8 October","growingSeasonDays":161}},{"arcs":[[4049,-1007,-417,-4040]],"type":"Polygon","properties":{"LAD24NM":"Stockport","LAD24CD":"E08000007","frostDayOfYear":119,"frostDate":"29 April","centroidLat":53.39,"centroidLng":-2.13,"autumnFrostDayOfYear":281,"autumnFrostDate":"8 October","growingSeasonDays":162}},{"arcs":[[-1008,-4050,-4039,-4044]],"type":"Polygon","properties":{"LAD24NM":"Tameside","LAD24CD":"E08000008","frostDayOfYear":120,"frostDate":"30 April","centroidLat":53.47,"centroidLng":-2.08,"autumnFrostDayOfYear":281,"autumnFrostDate":"8 October","growingSeasonDays":161}},{"arcs":[[-4041,-423,-72,-4048]],"type":"Polygon","properties":{"LAD24NM":"Trafford","LAD24CD":"E08000009","frostDayOfYear":119,"frostDate":"29 April","centroidLat":53.4,"centroidLng":-2.35,"autumnFrostDayOfYear":281,"autumnFrostDate":"8 October","growingSeasonDays":162}},{"arcs":[[-4033,-4049,-77,4050,-2144,-1950]],"type":"Polygon","properties":{"LAD24NM":"Wigan","LAD24CD":"E08000010","frostDayOfYear":120,"frostDate":"30 April","centroidLat":53.53,"centroidLng":-2.6,"autumnFrostDayOfYear":280,"autumnFrostDate":"7 October","growingSeasonDays":160}},{"arcs":[[4051,-70,4052,4053,-2146]],"type":"Polygon","properties":{"LAD24NM":"Knowsley","LAD24CD":"E08000011","frostDayOfYear":120,"frostDate":"30 April","centroidLat":53.42,"centroidLng":-2.84,"autumnFrostDayOfYear":281,"autumnFrostDate":"8 October","growingSeasonDays":161}},{"arcs":[[-4053,-69,4054,4055]],"type":"Polygon","properties":{"LAD24NM":"Liverpool","LAD24CD":"E08000012","frostDayOfYear":119,"frostDate":"29 April","centroidLat":53.41,"centroidLng":-2.91,"autumnFrostDayOfYear":281,"autumnFrostDate":"8 October","growingSeasonDays":162}},{"arcs":[[-4051,-76,-71,-4052,-2145]],"type":"Polygon","properties":{"LAD24NM":"St. Helens","LAD24CD":"E08000013","frostDayOfYear":120,"frostDate":"30 April","centroidLat":53.46,"centroidLng":-2.69,"autumnFrostDayOfYear":281,"autumnFrostDate":"8 October","growingSeasonDays":161}},{"arcs":[[[-2149,4056]],[[-2151,4057]],[[-2153,4058]],[[-2155,4059]],[[4060,4061,-4062,4062,4063,-2147,-4054,-4056,4064]]],"type":"MultiPolygon","properties":{"LAD24NM":"Sefton","LAD24CD":"E08000014","frostDayOfYear":121,"frostDate":"1 May","centroidLat":53.59,"centroidLng":-2.99,"autumnFrostDayOfYear":280,"autumnFrostDate":"7 October","growingSeasonDays":159}},{"arcs":[[[-463,4066,4067,4068]],[[-465,4069]],[[-469,4070]],[[4071]],[[-487,4072,4073,4074,4075,-426,4076,4077,4078,4079,4080,4081,4082,4083,4084,4085,4086,4087,4088,4089,4090,4091,4092,4093,4094,4095,4096,4097,4098,4099]]],"type":"MultiPolygon","properties":{"LAD24NM":"Wirral","LAD24CD":"E08000015","frostDayOfYear":117,"frostDate":"27 April","centroidLat":53.32,"centroidLng":-3.1,"autumnFrostDayOfYear":283,"autumnFrostDate":"10 October","growingSeasonDays":166}},{"arcs":[[4100,4101,4102,-1004,4103,4104]],"type":"Polygon","properties":{"LAD24NM":"Barnsley","LAD24CD":"E08000016","frostDayOfYear":120,"frostDate":"30 April","centroidLat":53.53,"centroidLng":-1.54,"autumnFrostDayOfYear":280,"autumnFrostDate":"7 October","growingSeasonDays":160}},{"arcs":[[-106,-136,-3708,4105,-4101,4106,-937,-109,4107]],"type":"Polygon","properties":{"LAD24NM":"Doncaster","LAD24CD":"E08000017","frostDayOfYear":120,"frostDate":"30 April","centroidLat":53.55,"centroidLng":-1.15,"autumnFrostDayOfYear":280,"autumnFrostDate":"7 October","growingSeasonDays":160}},{"arcs":[[-4106,-3707,-986,-1011,4108,-4102]],"type":"Polygon","properties":{"LAD24NM":"Rotherham","LAD24CD":"E08000018","frostDayOfYear":119,"frostDate":"29 April","centroidLat":53.41,"centroidLng":-1.27,"autumnFrostDayOfYear":281,"autumnFrostDate":"8 October","growingSeasonDays":162}},{"arcs":[[-4109,-1012,-999,-1005,-4103]],"type":"Polygon","properties":{"LAD24NM":"Sheffield","LAD24CD":"E08000019","frostDayOfYear":119,"frostDate":"29 April","centroidLat":53.4,"centroidLng":-1.55,"autumnFrostDayOfYear":281,"autumnFrostDate":"8 October","growingSeasonDays":162}},{"arcs":[[4109,4110,-637]],"type":"Polygon","properties":{"LAD24NM":"Newcastle upon Tyne","LAD24CD":"E08000021","frostDayOfYear":129,"frostDate":"9 May","centroidLat":55,"centroidLng":-1.65,"autumnFrostDayOfYear":273,"autumnFrostDate":"30 September","growingSeasonDays":144}},{"arcs":[[4111,-4110,-636]],"type":"Polygon","properties":{"LAD24NM":"North Tyneside","LAD24CD":"E08000022","frostDayOfYear":129,"frostDate":"9 May","centroidLat":55.03,"centroidLng":-1.51,"autumnFrostDayOfYear":273,"autumnFrostDate":"30 September","growingSeasonDays":144}},{"arcs":[[4112,4113,4114]],"type":"Polygon","properties":{"LAD24NM":"South Tyneside","LAD24CD":"E08000023","frostDayOfYear":129,"frostDate":"9 May","centroidLat":54.97,"centroidLng":-1.43,"autumnFrostDayOfYear":273,"autumnFrostDate":"30 September","growingSeasonDays":144}},{"arcs":[[[-410,4115]],[[4116,-408,4117,-4113]]],"type":"MultiPolygon","properties":{"LAD24NM":"Sunderland","LAD24CD":"E08000024","frostDayOfYear":128,"frostDate":"8 May","centroidLat":54.87,"centroidLng":-1.41,"autumnFrostDayOfYear":274,"autumnFrostDate":"1 October","growingSeasonDays":146}},{"arcs":[[-3818,4118,-3930,4119,4120,4121,-3736]],"type":"Polygon","properties":{"LAD24NM":"Birmingham","LAD24CD":"E08000025","frostDayOfYear":114,"frostDate":"24 April","centroidLat":52.48,"centroidLng":-1.88,"autumnFrostDayOfYear":286,"autumnFrostDate":"13 October","growingSeasonDays":172}},{"arcs":[[-3823,-3829,4122,-3816,-3820]],"type":"Polygon","properties":{"LAD24NM":"Coventry","LAD24CD":"E08000026","frostDayOfYear":114,"frostDate":"24 April","centroidLat":52.42,"centroidLng":-1.53,"autumnFrostDayOfYear":286,"autumnFrostDate":"13 October","growingSeasonDays":172}},{"arcs":[[4123,-4120,-3935,-3743,4124]],"type":"Polygon","properties":{"LAD24NM":"Dudley","LAD24CD":"E08000027","frostDayOfYear":114,"frostDate":"24 April","centroidLat":52.48,"centroidLng":-2.09,"autumnFrostDayOfYear":286,"autumnFrostDate":"13 October","growingSeasonDays":172}},{"arcs":[[-4121,-4124,4125,4126]],"type":"Polygon","properties":{"LAD24NM":"Sandwell","LAD24CD":"E08000028","frostDayOfYear":114,"frostDate":"24 April","centroidLat":52.51,"centroidLng":-2.01,"autumnFrostDayOfYear":285,"autumnFrostDate":"12 October","growingSeasonDays":171}},{"arcs":[[-4123,-3830,-3828,-3931,-4119,-3817]],"type":"Polygon","properties":{"LAD24NM":"Solihull","LAD24CD":"E08000029","frostDayOfYear":113,"frostDate":"23 April","centroidLat":52.42,"centroidLng":-1.73,"autumnFrostDayOfYear":286,"autumnFrostDate":"13 October","growingSeasonDays":173}},{"arcs":[[-4122,-4127,4127,-3741,-3727,-3737]],"type":"Polygon","properties":{"LAD24NM":"Walsall","LAD24CD":"E08000030","frostDayOfYear":115,"frostDate":"25 April","centroidLat":52.6,"centroidLng":-1.99,"autumnFrostDayOfYear":285,"autumnFrostDate":"12 October","growingSeasonDays":170}},{"arcs":[[-4128,-4126,-4125,-3742]],"type":"Polygon","properties":{"LAD24NM":"Wolverhampton","LAD24CD":"E08000031","frostDayOfYear":115,"frostDate":"25 April","centroidLat":52.59,"centroidLng":-2.12,"autumnFrostDayOfYear":285,"autumnFrostDate":"12 October","growingSeasonDays":170}},{"arcs":[[4128,4129,4130,-2086,-940]],"type":"Polygon","properties":{"LAD24NM":"Bradford","LAD24CD":"E08000032","frostDayOfYear":122,"frostDate":"2 May","centroidLat":53.83,"centroidLng":-1.79,"autumnFrostDayOfYear":279,"autumnFrostDate":"6 October","growingSeasonDays":157}},{"arcs":[[4131,-4046,-4047,-2103,-1937,-2087,-4131]],"type":"Polygon","properties":{"LAD24NM":"Calderdale","LAD24CD":"E08000033","frostDayOfYear":121,"frostDate":"1 May","centroidLat":53.71,"centroidLng":-1.93,"autumnFrostDayOfYear":279,"autumnFrostDate":"6 October","growingSeasonDays":158}},{"arcs":[[4132,4133,-4104,-1010,-4043,-4132,-4130]],"type":"Polygon","properties":{"LAD24NM":"Kirklees","LAD24CD":"E08000034","frostDayOfYear":121,"frostDate":"1 May","centroidLat":53.66,"centroidLng":-1.71,"autumnFrostDayOfYear":280,"autumnFrostDate":"7 October","growingSeasonDays":159}},{"arcs":[[4134,-4133,-4129,-939]],"type":"Polygon","properties":{"LAD24NM":"Leeds","LAD24CD":"E08000035","frostDayOfYear":122,"frostDate":"2 May","centroidLat":53.83,"centroidLng":-1.54,"autumnFrostDayOfYear":279,"autumnFrostDate":"6 October","growingSeasonDays":157}},{"arcs":[[-4107,-4105,-4134,-4135,-938]],"type":"Polygon","properties":{"LAD24NM":"Wakefield","LAD24CD":"E08000036","frostDayOfYear":121,"frostDate":"1 May","centroidLat":53.65,"centroidLng":-1.43,"autumnFrostDayOfYear":280,"autumnFrostDate":"7 October","growingSeasonDays":159}},{"arcs":[[-4114,-4118,-415,-639,4135]],"type":"Polygon","properties":{"LAD24NM":"Gateshead","LAD24CD":"E08000037","frostDayOfYear":129,"frostDate":"9 May","centroidLat":54.93,"centroidLng":-1.69,"autumnFrostDayOfYear":273,"autumnFrostDate":"30 September","growingSeasonDays":144}},{"arcs":[[4138,4139,4140,4141,4142,4143]],"type":"Polygon","properties":{"LAD24NM":"City of London","LAD24CD":"E09000001","frostDayOfYear":109,"frostDate":"19 April","centroidLat":51.51,"centroidLng":-0.09,"autumnFrostDayOfYear":290,"autumnFrostDate":"17 October","growingSeasonDays":181}},{"arcs":[[[4144,4145,4146]],[[4147,4148,4149]]],"type":"MultiPolygon","properties":{"LAD24NM":"Barking and Dagenham","LAD24CD":"E09000002","frostDayOfYear":109,"frostDate":"19 April","centroidLat":51.55,"centroidLng":0.13,"autumnFrostDayOfYear":290,"autumnFrostDate":"17 October","growingSeasonDays":181}},{"arcs":[[4150,4151,4152,4153,4154,-1781]],"type":"Polygon","properties":{"LAD24NM":"Barnet","LAD24CD":"E09000003","frostDayOfYear":110,"frostDate":"20 April","centroidLat":51.61,"centroidLng":-0.2,"autumnFrostDayOfYear":290,"autumnFrostDate":"17 October","growingSeasonDays":180}},{"arcs":[[[4155,4156,4157,4158]],[[4159,4160,-4156,4161,-1812,-1848,4162,4163,4164]]],"type":"MultiPolygon","properties":{"LAD24NM":"Bexley","LAD24CD":"E09000004","frostDayOfYear":109,"frostDate":"19 April","centroidLat":51.46,"centroidLng":0.16,"autumnFrostDayOfYear":291,"autumnFrostDate":"18 October","growingSeasonDays":182}},{"arcs":[[4165,4166,4167,4168,4169,4170,-4154]],"type":"Polygon","properties":{"LAD24NM":"Brent","LAD24CD":"E09000005","frostDayOfYear":109,"frostDate":"19 April","centroidLat":51.56,"centroidLng":-0.26,"autumnFrostDayOfYear":290,"autumnFrostDate":"17 October","growingSeasonDays":181}},{"arcs":[[-4163,-1847,-3809,4171,4172,4173,4174,4175]],"type":"Polygon","properties":{"LAD24NM":"Bromley","LAD24CD":"E09000006","frostDayOfYear":108,"frostDate":"18 April","centroidLat":51.38,"centroidLng":0.04,"autumnFrostDayOfYear":291,"autumnFrostDate":"18 October","growingSeasonDays":183}},{"arcs":[[4176,-4143,4177,-4166,-4153,4178]],"type":"Polygon","properties":{"LAD24NM":"Camden","LAD24CD":"E09000007","frostDayOfYear":109,"frostDate":"19 April","centroidLat":51.54,"centroidLng":-0.16,"autumnFrostDayOfYear":290,"autumnFrostDate":"17 October","growingSeasonDays":181}},{"arcs":[[-4172,-3812,-3798,4179,4180,4181]],"type":"Polygon","properties":{"LAD24NM":"Croydon","LAD24CD":"E09000008","frostDayOfYear":108,"frostDate":"18 April","centroidLat":51.35,"centroidLng":-0.09,"autumnFrostDayOfYear":291,"autumnFrostDate":"18 October","growingSeasonDays":183}},{"arcs":[[4182,4183,4184,4185,-4170]],"type":"Polygon","properties":{"LAD24NM":"Ealing","LAD24CD":"E09000009","frostDayOfYear":109,"frostDate":"19 April","centroidLat":51.52,"centroidLng":-0.32,"autumnFrostDayOfYear":290,"autumnFrostDate":"17 October","growingSeasonDays":181}},{"arcs":[[-1364,4186,4187,-4151,-1780,-3945,-1775]],"type":"Polygon","properties":{"LAD24NM":"Enfield","LAD24CD":"E09000010","frostDayOfYear":110,"frostDate":"20 April","centroidLat":51.64,"centroidLng":-0.1,"autumnFrostDayOfYear":290,"autumnFrostDate":"17 October","growingSeasonDays":180}},{"arcs":[[[4188,4189]],[[-4176,4190,4191,-4164]]],"type":"MultiPolygon","properties":{"LAD24NM":"Greenwich","LAD24CD":"E09000011","frostDayOfYear":109,"frostDate":"19 April","centroidLat":51.47,"centroidLng":0.04,"autumnFrostDayOfYear":291,"autumnFrostDate":"18 October","growingSeasonDays":182}},{"arcs":[[4192,4193,4194,-4139,4195,4196]],"type":"Polygon","properties":{"LAD24NM":"Hackney","LAD24CD":"E09000012","frostDayOfYear":109,"frostDate":"19 April","centroidLat":51.55,"centroidLng":-0.07,"autumnFrostDayOfYear":290,"autumnFrostDate":"17 October","growingSeasonDays":181}},{"arcs":[[4197,4198,-4199,4199,4200,-4183,-4169]],"type":"Polygon","properties":{"LAD24NM":"Hammersmith and Fulham","LAD24CD":"E09000013","frostDayOfYear":109,"frostDate":"19 April","centroidLat":51.5,"centroidLng":-0.22,"autumnFrostDayOfYear":291,"autumnFrostDate":"18 October","growingSeasonDays":182}},{"arcs":[[4201,-4197,4202,-4179,-4152,-4188]],"type":"Polygon","properties":{"LAD24NM":"Haringey","LAD24CD":"E09000014","frostDayOfYear":110,"frostDate":"20 April","centroidLat":51.59,"centroidLng":-0.12,"autumnFrostDayOfYear":290,"autumnFrostDate":"17 October","growingSeasonDays":180}},{"arcs":[[-4171,-4186,4203,-1793,-1782,-4155]],"type":"Polygon","properties":{"LAD24NM":"Harrow","LAD24CD":"E09000015","frostDayOfYear":110,"frostDate":"20 April","centroidLat":51.59,"centroidLng":-0.35,"autumnFrostDayOfYear":290,"autumnFrostDate":"17 October","growingSeasonDays":180}},{"arcs":[[-262,4204,-4150,4205,-1361,-1188]],"type":"Polygon","properties":{"LAD24NM":"Havering","LAD24CD":"E09000016","frostDayOfYear":109,"frostDate":"19 April","centroidLat":51.55,"centroidLng":0.22,"autumnFrostDayOfYear":290,"autumnFrostDate":"17 October","growingSeasonDays":181}},{"arcs":[[-4204,-4185,4206,-3805,-322,-742,-1794]],"type":"Polygon","properties":{"LAD24NM":"Hillingdon","LAD24CD":"E09000017","frostDayOfYear":109,"frostDate":"19 April","centroidLat":51.54,"centroidLng":-0.46,"autumnFrostDayOfYear":290,"autumnFrostDate":"17 October","growingSeasonDays":181}},{"arcs":[[[4207,4208,4209]],[[-4201,4210,4211,4212,4213,4214,4215,4216,4217,-3806,-4207,-4184]]],"type":"MultiPolygon","properties":{"LAD24NM":"Hounslow","LAD24CD":"E09000018","frostDayOfYear":109,"frostDate":"19 April","centroidLat":51.47,"centroidLng":-0.35,"autumnFrostDayOfYear":291,"autumnFrostDate":"18 October","growingSeasonDays":182}},{"arcs":[[-4196,-4144,-4177,-4203]],"type":"Polygon","properties":{"LAD24NM":"Islington","LAD24CD":"E09000019","frostDayOfYear":109,"frostDate":"19 April","centroidLat":51.54,"centroidLng":-0.11,"autumnFrostDayOfYear":290,"autumnFrostDate":"17 October","growingSeasonDays":181}},{"arcs":[[4218,4219,-4199,-4198,-4168]],"type":"Polygon","properties":{"LAD24NM":"Kensington and Chelsea","LAD24CD":"E09000020","frostDayOfYear":109,"frostDate":"19 April","centroidLat":51.5,"centroidLng":-0.19,"autumnFrostDayOfYear":291,"autumnFrostDate":"18 October","growingSeasonDays":182}},{"arcs":[[4220,-3787,-3797,-3778,4221,4222,4223]],"type":"Polygon","properties":{"LAD24NM":"Kingston upon Thames","LAD24CD":"E09000021","frostDayOfYear":108,"frostDate":"18 April","centroidLat":51.39,"centroidLng":-0.29,"autumnFrostDayOfYear":291,"autumnFrostDate":"18 October","growingSeasonDays":183}},{"arcs":[[4224,-4173,-4182,4225,4226,4227]],"type":"Polygon","properties":{"LAD24NM":"Lambeth","LAD24CD":"E09000022","frostDayOfYear":109,"frostDate":"19 April","centroidLat":51.46,"centroidLng":-0.12,"autumnFrostDayOfYear":291,"autumnFrostDate":"18 October","growingSeasonDays":182}},{"arcs":[[4228,-4189,4229,-4191,-4175,4230]],"type":"Polygon","properties":{"LAD24NM":"Lewisham","LAD24CD":"E09000023","frostDayOfYear":109,"frostDate":"19 April","centroidLat":51.45,"centroidLng":-0.02,"autumnFrostDayOfYear":291,"autumnFrostDate":"18 October","growingSeasonDays":182}},{"arcs":[[-4226,-4181,4231,-4224,4232]],"type":"Polygon","properties":{"LAD24NM":"Merton","LAD24CD":"E09000024","frostDayOfYear":108,"frostDate":"18 April","centroidLat":51.41,"centroidLng":-0.19,"autumnFrostDayOfYear":291,"autumnFrostDate":"18 October","growingSeasonDays":183}},{"arcs":[[-4145,4233,4234,-4194,4235,4236]],"type":"Polygon","properties":{"LAD24NM":"Newham","LAD24CD":"E09000025","frostDayOfYear":109,"frostDate":"19 April","centroidLat":51.53,"centroidLng":0.03,"autumnFrostDayOfYear":290,"autumnFrostDate":"17 October","growingSeasonDays":181}},{"arcs":[[-4206,-4149,4237,-4146,-4237,4238,-1362]],"type":"Polygon","properties":{"LAD24NM":"Redbridge","LAD24CD":"E09000026","frostDayOfYear":109,"frostDate":"19 April","centroidLat":51.58,"centroidLng":0.07,"autumnFrostDayOfYear":290,"autumnFrostDate":"17 October","growingSeasonDays":181}},{"arcs":[[[4239]],[[4241,-4222,-3784,-3807,-4218,4242,4243,-4208,4244]]],"type":"MultiPolygon","properties":{"LAD24NM":"Richmond upon Thames","LAD24CD":"E09000027","frostDayOfYear":109,"frostDate":"19 April","centroidLat":51.45,"centroidLng":-0.32,"autumnFrostDayOfYear":291,"autumnFrostDate":"18 October","growingSeasonDays":182}},{"arcs":[[-4137,4245,-4231,-4174,-4225,4246]],"type":"Polygon","properties":{"LAD24NM":"Southwark","LAD24CD":"E09000028","frostDayOfYear":109,"frostDate":"19 April","centroidLat":51.48,"centroidLng":-0.07,"autumnFrostDayOfYear":291,"autumnFrostDate":"18 October","growingSeasonDays":182}},{"arcs":[[-4180,-3801,-3788,-4221,-4232]],"type":"Polygon","properties":{"LAD24NM":"Sutton","LAD24CD":"E09000029","frostDayOfYear":108,"frostDate":"18 April","centroidLat":51.36,"centroidLng":-0.17,"autumnFrostDayOfYear":291,"autumnFrostDate":"18 October","growingSeasonDays":183}},{"arcs":[[-4235,4247,4248,4249,-4140,-4195]],"type":"Polygon","properties":{"LAD24NM":"Tower Hamlets","LAD24CD":"E09000030","frostDayOfYear":109,"frostDate":"19 April","centroidLat":51.51,"centroidLng":-0.03,"autumnFrostDayOfYear":290,"autumnFrostDate":"17 October","growingSeasonDays":181}},{"arcs":[[-4239,-4236,-4193,-4202,-4187,-1363]],"type":"Polygon","properties":{"LAD24NM":"Waltham Forest","LAD24CD":"E09000031","frostDayOfYear":110,"frostDate":"20 April","centroidLat":51.59,"centroidLng":-0.01,"autumnFrostDayOfYear":290,"autumnFrostDate":"17 October","growingSeasonDays":180}},{"arcs":[[-4233,-4223,-4242,4250,-4227]],"type":"Polygon","properties":{"LAD24NM":"Wandsworth","LAD24CD":"E09000032","frostDayOfYear":109,"frostDate":"19 April","centroidLat":51.46,"centroidLng":-0.18,"autumnFrostDayOfYear":291,"autumnFrostDate":"18 October","growingSeasonDays":182}},{"arcs":[[-4142,4251,-4219,-4167,-4178]],"type":"Polygon","properties":{"LAD24NM":"Westminster","LAD24CD":"E09000033","frostDayOfYear":109,"frostDate":"19 April","centroidLat":51.51,"centroidLng":-0.16,"autumnFrostDayOfYear":290,"autumnFrostDate":"17 October","growingSeasonDays":181}},{"arcs":[[4252,4253,4254,4255,4256,4257]],"type":"Polygon","properties":{"LAD24NM":"Antrim and Newtownabbey","LAD24CD":"N09000001","frostDayOfYear":123,"frostDate":"3 May","centroidLat":54.71,"centroidLng":-6.14,"autumnFrostDayOfYear":278,"autumnFrostDate":"5 October","growingSeasonDays":155}},{"arcs":[[4258,4259,4260,-4256,4261]],"type":"Polygon","properties":{"LAD24NM":"Armagh City, Banbridge and Craigavon","LAD24CD":"N09000002","frostDayOfYear":121,"frostDate":"1 May","centroidLat":54.33,"centroidLng":-6.44,"autumnFrostDayOfYear":280,"autumnFrostDate":"7 October","growingSeasonDays":159}},{"arcs":[[4262,4263,4264,-4254]],"type":"Polygon","properties":{"LAD24NM":"Belfast","LAD24CD":"N09000003","frostDayOfYear":123,"frostDate":"3 May","centroidLat":54.59,"centroidLng":-5.94,"autumnFrostDayOfYear":279,"autumnFrostDate":"6 October","growingSeasonDays":156}},{"arcs":[[[4265,4266,4267,4268,4269,4270,4271,4272,4273,4274,4275,4276,4277,4278]],[[4279,4280,4281]]],"type":"MultiPolygon","properties":{"LAD24NM":"Causeway Coast and Glens","LAD24CD":"N09000004","frostDayOfYear":126,"frostDate":"6 May","centroidLat":55.12,"centroidLng":-6.54,"autumnFrostDayOfYear":276,"autumnFrostDate":"3 October","growingSeasonDays":150}},{"arcs":[[4282,4283,-4274,4284,4285,4286]],"type":"Polygon","properties":{"LAD24NM":"Derry City and Strabane","LAD24CD":"N09000005","frostDayOfYear":124,"frostDate":"4 May","centroidLat":54.79,"centroidLng":-7.47,"autumnFrostDayOfYear":278,"autumnFrostDate":"5 October","growingSeasonDays":154}},{"arcs":[[4287,4288,-4286]],"type":"Polygon","properties":{"LAD24NM":"Fermanagh and Omagh","LAD24CD":"N09000006","frostDayOfYear":121,"frostDate":"1 May","centroidLat":54.4,"centroidLng":-7.44,"autumnFrostDayOfYear":280,"autumnFrostDate":"7 October","growingSeasonDays":159}},{"arcs":[[-4265,4289,4290,-4262,-4255]],"type":"Polygon","properties":{"LAD24NM":"Lisburn and Castlereagh","LAD24CD":"N09000007","frostDayOfYear":122,"frostDate":"2 May","centroidLat":54.52,"centroidLng":-6.03,"autumnFrostDayOfYear":279,"autumnFrostDate":"6 October","growingSeasonDays":157}},{"arcs":[[4291,-4258,4292,-4272,4293]],"type":"Polygon","properties":{"LAD24NM":"Mid and East Antrim","LAD24CD":"N09000008","frostDayOfYear":124,"frostDate":"4 May","centroidLat":54.86,"centroidLng":-6.05,"autumnFrostDayOfYear":278,"autumnFrostDate":"5 October","growingSeasonDays":154}},{"arcs":[[-4293,-4257,-4261,4294,-4288,-4285,-4273]],"type":"Polygon","properties":{"LAD24NM":"Mid Ulster","LAD24CD":"N09000009","frostDayOfYear":122,"frostDate":"2 May","centroidLat":54.53,"centroidLng":-6.95,"autumnFrostDayOfYear":279,"autumnFrostDate":"6 October","growingSeasonDays":157}},{"arcs":[[[4295,4296,4297]],[[-4298,4298,4299,-4259,-4291,4300,4301,4302,4303,4304,4305,4306,4307,4308,4309,4310,4311]]],"type":"MultiPolygon","properties":{"LAD24NM":"Newry, Mourne and Down","LAD24CD":"N09000010","frostDayOfYear":120,"frostDate":"30 April","centroidLat":54.21,"centroidLng":-6.03,"autumnFrostDayOfYear":281,"autumnFrostDate":"8 October","growingSeasonDays":161}},{"arcs":[[[4312]],[[4313,4314,4315,4316,4317,-4301,-4290,-4264,4318]],[[4319]],[[4320]]],"type":"MultiPolygon","properties":{"LAD24NM":"Ards and North Down","LAD24CD":"N09000011","frostDayOfYear":122,"frostDate":"2 May","centroidLat":54.55,"centroidLng":-5.6,"autumnFrostDayOfYear":279,"autumnFrostDate":"6 October","growingSeasonDays":157}},{"arcs":[[[4321]],[[4322]],[[4323,4324,4325,4326]]],"type":"MultiPolygon","properties":{"LAD24NM":"Clackmannanshire","LAD24CD":"S12000005","frostDayOfYear":134,"frostDate":"14 May","centroidLat":56.14,"centroidLng":-3.74,"autumnFrostDayOfYear":269,"autumnFrostDate":"26 September","growingSeasonDays":135}},{"arcs":[[[4327]],[[4328,-867,4329,-760,4330,4331,4332,-4333,4333,4334,4335,4336,4337,4338,4339,4340,4341,4342,4343,4344,4345,4346,4347,4348,4349,4350,-4347,4351,4352,4353,4354,-4355,4355,4356,4357,4358,4359,4360,4361,4362,4363,4364,4365,4366,4367,4368,4369,4370,4371,4372,4373,4374,4375,4376,4377,4378,4379,4380,4381,4382,4383,4384,4385,4386,4387,4388,4389,4390,4391,4392,4393,4394,4395,4396,4397,4398,4399,-4398,4400,4401,4402,4403,-4393,4404,-4391,4405,4406,4407,4408,4409,4410,4411,4412,4413,4414,4415,4416,4417,4418,4419,4420,4421,-4422,4422,4423,4424,4425,4426,4427,4428,4429,4430,4431,4432,4433,4434,4435,4436,4437,4438,4439,4440,4441,4442,4443,4444,4445]]],"type":"MultiPolygon","properties":{"LAD24NM":"Dumfries and Galloway","LAD24CD":"S12000006","frostDayOfYear":127,"frostDate":"7 May","centroidLat":54.93,"centroidLng":-4.21,"autumnFrostDayOfYear":275,"autumnFrostDate":"2 October","growingSeasonDays":148}},{"arcs":[[4446,-4445,4447,4448,4449]],"type":"Polygon","properties":{"LAD24NM":"East Ayrshire","LAD24CD":"S12000008","frostDayOfYear":130,"frostDate":"10 May","centroidLat":55.46,"centroidLng":-4.38,"autumnFrostDayOfYear":273,"autumnFrostDate":"30 September","growingSeasonDays":143}},{"arcs":[[[4450,4451,4452,4453,4454]],[[4455]],[[4456]],[[4457]]],"type":"MultiPolygon","properties":{"LAD24NM":"East Lothian","LAD24CD":"S12000010","frostDayOfYear":135,"frostDate":"15 May","centroidLat":55.96,"centroidLng":-2.69,"autumnFrostDayOfYear":268,"autumnFrostDate":"25 September","growingSeasonDays":133}},{"arcs":[[4458,-4450,4459,4460,4461]],"type":"Polygon","properties":{"LAD24NM":"East Renfrewshire","LAD24CD":"S12000011","frostDayOfYear":132,"frostDate":"12 May","centroidLat":55.76,"centroidLng":-4.36,"autumnFrostDayOfYear":271,"autumnFrostDate":"28 September","growingSeasonDays":139}},{"arcs":[[[4462]],[[4463]],[[4464]],[[4465]],[[4466]],[[4467]],[[4468]],[[4469]],[[4470]],[[4471]],[[4472]],[[4473]],[[4474]],[[4475]],[[4476]],[[4477]],[[4478]],[[4479]],[[4480]],[[4481]],[[4482]],[[4483]],[[4484]],[[4485]],[[4486]],[[4487]],[[4488,4489]],[[4490]],[[4491]],[[4492]],[[4493]],[[4494]],[[4495]],[[4496]],[[4497]],[[4498]],[[4499]],[[4500]],[[4501]],[[4502]],[[4503]],[[4504]],[[4505]],[[4506]],[[4507]],[[4508]],[[4509]],[[4510]],[[4511]],[[4512]],[[4513]],[[4514]],[[4515]],[[4516]],[[4517]],[[4518]],[[4519]],[[4520]],[[4521]],[[4522]],[[4523]],[[4524]],[[4525]],[[4526]],[[4527]],[[4528]],[[4529]],[[4530]],[[4531]],[[4533]],[[4534]],[[4535]],[[4536]],[[4537]],[[4538]],[[4539]],[[4540]],[[4541]],[[4542]],[[4543]],[[4544]],[[4545]],[[4546]],[[4547]],[[4548]],[[4549]],[[4550]],[[4551]],[[4552]],[[4553,4554]],[[4555]],[[4556]],[[4557]],[[4558]],[[4559]],[[4560]],[[4561]],[[4562]],[[4563]],[[4564]],[[4565]],[[4566]],[[4567]],[[4568]],[[4569]],[[4570]],[[4571]],[[4572]],[[4573]],[[4574]],[[4575]],[[4576]],[[4577]],[[4578]],[[4579]],[[4580]],[[4581]],[[4582]],[[4583]],[[4584]],[[4585]],[[4586]],[[4587]],[[4588]],[[4589]],[[4590]],[[4591]],[[4592]],[[4593]],[[4594]],[[4595]],[[4596]],[[4597,4598,-4599,4599,4600,-4601,4601]],[[4602]],[[4605]],[[4606]],[[4607]],[[4608]],[[4609]],[[4610]],[[4611]],[[4612]],[[4613]],[[4614]],[[4615]],[[4616]],[[4617]],[[4618]],[[4619]],[[4620]],[[4621]],[[4622]],[[4623]],[[4624]],[[4625]],[[4626]],[[4627]],[[4628]],[[4629]],[[4630]],[[4631]],[[4632]],[[4633]],[[4634]],[[4635]],[[4636]],[[4637]],[[4638]],[[4639]],[[4640]],[[4641]],[[4642]],[[4643]],[[4644]],[[4645]],[[4646]],[[4647]],[[4648]],[[4649]],[[4650]],[[4651]],[[4652,4653,4654,4655,4656,4657,4658,4659,4660,4661,4662]],[[4663]],[[4664]],[[4665]],[[4666]],[[4667]],[[4668]],[[4669]],[[4670]],[[4671]],[[4672]],[[4673]],[[4674]],[[4675]],[[4676]],[[4677]],[[4678]],[[4679]],[[4680]],[[4681]],[[4682]],[[4683]],[[4684,4685]],[[4686]],[[4687]],[[4688]],[[4689]],[[4690]],[[4691]],[[4692]],[[4693]],[[4694]],[[4695]],[[4696]],[[4697]],[[4698]],[[4699]],[[4700]],[[4701]],[[4702]],[[4703]],[[4704]],[[4705]],[[4706]],[[4707]],[[4708]],[[4709]],[[4710]],[[4711]],[[4712]],[[4713]],[[4714]],[[4715]],[[4716]],[[4717]],[[4718]],[[4719]],[[4720]],[[4721]],[[4722]],[[4723]],[[4724]],[[4725]],[[4726]],[[4727]],[[4728]],[[4729]],[[4730]],[[4731]],[[4732]],[[4733]],[[4734]],[[4735]],[[4736]],[[4737]],[[4738]],[[4739]],[[4740]],[[4741]],[[4742]],[[4743]],[[4744]],[[4745]],[[4746]],[[4747]],[[4748,-4749,4749,-4749]],[[4750,-4751,4750,4751,4752,4753,4754,4755,4756,4757,4758,4759,4760,4761,4762,4763,4764,4765,4766,4767,4768,4769,4770,4771,4772,4773,4774,-4775,4775,4776,-4777,4777,4778,4779,4780,4781,4782,4783,4784,4785,4786,4787,4788,4789,4790,-4791,4791,4792,4793,4794,4795,4796,4797,4798,4799,4800,4801,4802,4803,4804,4805,4806,4807,4808,4809,4810,4811,4812,4813,4814,4815,4816,4817,4818,4819,4820,4821,4822,4823,4824,4825,4826,4827,4828,4829,4830,4831]],[[4832]],[[4833]]],"type":"MultiPolygon","properties":{"LAD24NM":"Na h-Eileanan Siar","LAD24CD":"S12000013","frostDayOfYear":144,"frostDate":"24 May","centroidLat":58.11,"centroidLng":-6.66,"autumnFrostDayOfYear":261,"autumnFrostDate":"18 September","growingSeasonDays":117}},{"arcs":[[4836,-4837,4837,4838,4839,4840,4841]],"type":"Polygon","properties":{"LAD24NM":"Falkirk","LAD24CD":"S12000014","frostDayOfYear":133,"frostDate":"13 May","centroidLat":56,"centroidLng":-3.76,"autumnFrostDayOfYear":270,"autumnFrostDate":"27 September","growingSeasonDays":137}},{"arcs":[[[4842]],[[4843]],[[4844]],[[4845]],[[4846]],[[4847]],[[4848]],[[4849]],[[4850]],[[4851]],[[4852]],[[4853]],[[4854]],[[4855]],[[4856]],[[4857]],[[4858]],[[4859]],[[4860]],[[4861]],[[4862]],[[4863]],[[4864]],[[4865]],[[4866]],[[4867]],[[4868]],[[4869]],[[4870]],[[4871]],[[4872]],[[4873]],[[4874]],[[4875]],[[4876]],[[4877]],[[4878]],[[4879]],[[4880]],[[4881]],[[4882]],[[4883]],[[4884]],[[4885]],[[4886]],[[4887]],[[4888]],[[4889]],[[4890]],[[4891]],[[4892]],[[4893]],[[4894]],[[4895]],[[4896]],[[4897]],[[4898]],[[4899]],[[4900]],[[4901]],[[4902]],[[4903]],[[4904]],[[4905]],[[4906]],[[4907]],[[4908]],[[4909]],[[4910]],[[4911]],[[4912]],[[4913]],[[4914]],[[4915]],[[4916]],[[4917]],[[4918]],[[4919]],[[4920]],[[4921]],[[4922]],[[4923]],[[4924]],[[4925,4926,4927,4928]],[[4929]],[[4930]],[[4931]],[[4932]],[[4933]],[[4934]],[[4935]],[[4936]],[[4937]],[[4938]],[[4939]],[[4940]],[[4941]],[[4942]],[[4943]],[[4944]],[[4945]],[[4946]],[[4947]],[[4948]],[[4949]],[[4950]],[[4951]],[[4952]],[[4953]],[[4954]],[[4955]],[[4956]],[[4957]],[[4958]],[[4959]],[[4960]],[[4961]],[[4962]],[[4963]],[[4964]],[[4965]],[[4966]],[[4967]],[[4968]],[[4969]],[[4970]],[[4971]],[[4972]],[[4973]],[[4974]],[[4975]],[[4976]],[[4977]],[[4978]],[[4979]],[[4980]],[[4981]],[[4982]],[[4983]],[[4984]],[[4985]],[[4986]],[[4987]],[[4988]],[[4989]],[[4990]],[[4991]],[[4992]],[[4993]],[[4994]],[[4995]],[[4996]],[[4997]],[[4998]],[[4999]],[[5000]],[[5001]],[[5002]],[[5003]],[[5004]],[[5005]],[[5006]],[[5007]],[[5008]],[[5009,5010,5011,5012,5013,5014,5015,5016,5017,5018,5019,5020,5021,5022,5023,5024,5025,5026,5027,5028,5029,5030,5031,5032,5033,5034,5035,5036,5037,5038,5039,5040,5041,5042,5043,5044,5045,5046,5047,5048,5049,5050,5051,5052,5053,5054,5055,5056,5057,5058,5059,5060,5061,5062,5063,5064,5065,5066,-5067,5067,5068,5069,5070,5071,5072,5073,5074,5075,5076,5077]],[[5078]]],"type":"MultiPolygon","properties":{"LAD24NM":"Highland","LAD24CD":"S12000017","frostDayOfYear":141,"frostDate":"21 May","centroidLat":57.69,"centroidLng":-4.95,"autumnFrostDayOfYear":264,"autumnFrostDate":"21 September","growingSeasonDays":123}},{"arcs":[[[5079]],[[5080]],[[5081,5082,5083]]],"type":"MultiPolygon","properties":{"LAD24NM":"Inverclyde","LAD24CD":"S12000018","frostDayOfYear":130,"frostDate":"10 May","centroidLat":55.9,"centroidLng":-4.75,"autumnFrostDayOfYear":273,"autumnFrostDate":"30 September","growingSeasonDays":143}},{"arcs":[[-4453,5084,5085]],"type":"Polygon","properties":{"LAD24NM":"Midlothian","LAD24CD":"S12000019","frostDayOfYear":132,"frostDate":"12 May","centroidLat":55.83,"centroidLng":-3.09,"autumnFrostDayOfYear":271,"autumnFrostDate":"28 September","growingSeasonDays":139}},{"arcs":[[[5086]],[[5087,5088,5089,-5027,5090,5091]]],"type":"MultiPolygon","properties":{"LAD24NM":"Moray","LAD24CD":"S12000020","frostDayOfYear":142,"frostDate":"22 May","centroidLat":57.5,"centroidLng":-3.29,"autumnFrostDayOfYear":263,"autumnFrostDate":"20 September","growingSeasonDays":121}},{"arcs":[[[5092]],[[5093]],[[5101]],[[5102]],[[5103]],[[5104]],[[5105,-4460,-4449,5106,5107,5108,5109,5110,-5083]]],"type":"MultiPolygon","properties":{"LAD24NM":"North Ayrshire","LAD24CD":"S12000021","frostDayOfYear":129,"frostDate":"9 May","centroidLat":55.72,"centroidLng":-4.73,"autumnFrostDayOfYear":273,"autumnFrostDate":"30 September","growingSeasonDays":144}},{"arcs":[[[5111]],[[5112]],[[5113]],[[5114]],[[5115]],[[5116]],[[5117]],[[5118]],[[5119]],[[5120]],[[5121]],[[5122]],[[5123]],[[5124]],[[5125,-5126,5125,5126,5127,5128,5129,5130,5131,5132]],[[5133]],[[5134]],[[5135]],[[5136]],[[5137]],[[5138]],[[5139]],[[5140]],[[5141]],[[5142]],[[5143]],[[5144,5145]],[[5146]],[[5147]],[[5148]],[[5149]],[[5150]],[[5151]],[[5152]],[[5153,5154,5155,5156,5157,5158,5159,5160,5161,5162,5163,5164,5165,5166,5167,5168,5169,5170,5171,5172,5173,5174,5175,5176,5177,5178,5179,5180,5181,5182,5183,5184]],[[5185]],[[5186,5187]],[[5188]],[[5189]],[[5190]],[[5191]],[[5192]],[[5193]],[[5194]],[[5195]],[[5196]],[[5197]],[[5198]],[[5199]],[[5200]],[[5201]],[[5202]],[[5205]],[[5206]],[[5207]],[[5208]],[[5209]],[[5210]],[[5211]]],"type":"MultiPolygon","properties":{"LAD24NM":"Orkney Islands","LAD24CD":"S12000023","frostDayOfYear":151,"frostDate":"31 May","centroidLat":58.95,"centroidLng":-3.04,"autumnFrostDayOfYear":255,"autumnFrostDate":"12 September","growingSeasonDays":104}},{"arcs":[[5212,-5213,5212,5213,-655,5214,5215,-633,5216,-642,-868,-4329,5217,5218,5219,-5085,-4452,5220]],"type":"Polygon","properties":{"LAD24NM":"Scottish Borders","LAD24CD":"S12000026","frostDayOfYear":133,"frostDate":"13 May","centroidLat":55.64,"centroidLng":-2.7,"autumnFrostDayOfYear":270,"autumnFrostDate":"27 September","growingSeasonDays":137}},{"arcs":[[[5221,5222,5223,5224]],[[5225]],[[5226]],[[5227]],[[5228]],[[5229]],[[5230]],[[5231]],[[5232]],[[5233]],[[5234]],[[5235]],[[5236]],[[5237]],[[5238]],[[5239]],[[5240]],[[5241]],[[5242]],[[5243]],[[5244]],[[5245]],[[5246]],[[5247]],[[5248]],[[5249]],[[5250]],[[5251]],[[5252]],[[5253]],[[5254]],[[5255]],[[5256,5257]],[[5258]],[[5259]],[[5260]],[[5261]],[[5262]],[[5263]],[[5264]],[[5265]],[[5266]],[[5267]],[[5268]],[[5269]],[[5270]],[[5271]],[[5272]],[[5273]],[[5274]],[[5275]],[[5276]],[[5277]],[[5278,5279,5280]],[[5281]],[[5282]],[[5283]],[[5284]],[[5285]],[[5286]],[[5287]],[[5288]],[[5289]],[[5290]],[[5291]],[[5292,-5293,5292,5293,5294,5295,5296]],[[5297,5298]],[[5299]],[[5300]],[[5301]],[[5302]],[[5303]],[[5304]],[[5305]],[[5306]],[[5307]],[[5308]],[[5309]],[[5310]],[[5311]],[[5312]],[[5313]],[[5314]],[[5315]],[[5316]],[[5317]],[[5318]],[[5319]],[[5320]],[[5321]],[[5322]],[[5323]],[[5324]],[[5325]],[[5326]],[[5327,5328,5329]],[[5330,5331,5332,5333,5334,5335,5336,5337,5338,5339,5340,5341,5342,5343,5344,5345,5346,5347,5348,5349,5350,5351,5352,5353,5354,5355,5356,5357,5358,5359,5360,5361,5362,5363,5364]],[[5365]],[[5366]],[[5367]],[[5368]],[[5369]],[[5370]],[[5371]],[[5372]],[[5373,5374,5375,5376,5377,5378,5379,5380,5381,5382,5383,5384]],[[5385]],[[5386]],[[5387]],[[5388]],[[5389]],[[5390]],[[5391,5392,5393,5394,5395,5396,5397,5398]],[[5399]]],"type":"MultiPolygon","properties":{"LAD24NM":"Shetland Islands","LAD24CD":"S12000027","frostDayOfYear":161,"frostDate":"10 June","centroidLat":60.25,"centroidLng":-1.35,"autumnFrostDayOfYear":247,"autumnFrostDate":"4 September","growingSeasonDays":86}},{"arcs":[[[5400]],[[5401]],[[-4444,5402,5403,5404,5405,-5107,-4448]]],"type":"MultiPolygon","properties":{"LAD24NM":"South Ayrshire","LAD24CD":"S12000028","frostDayOfYear":127,"frostDate":"7 May","centroidLat":55.28,"centroidLng":-4.69,"autumnFrostDayOfYear":276,"autumnFrostDate":"3 October","growingSeasonDays":149}},{"arcs":[[5406,5407,5408,-5218,-4446,-4447,-4459,5409,5410]],"type":"Polygon","properties":{"LAD24NM":"South Lanarkshire","LAD24CD":"S12000029","frostDayOfYear":131,"frostDate":"11 May","centroidLat":55.62,"centroidLng":-3.87,"autumnFrostDayOfYear":272,"autumnFrostDate":"29 September","growingSeasonDays":141}},{"arcs":[[[5411]],[[-4326,5412,5413,5414,5415,5416,-5416,5417,5418,5419,5420,-4841,5421,5422,5423,5424,5425]]],"type":"MultiPolygon","properties":{"LAD24NM":"Stirling","LAD24CD":"S12000030","frostDayOfYear":134,"frostDate":"14 May","centroidLat":56.21,"centroidLng":-4.25,"autumnFrostDayOfYear":269,"autumnFrostDate":"26 September","growingSeasonDays":135}},{"arcs":[[5426,5427,5428]],"type":"Polygon","properties":{"LAD24NM":"Aberdeen City","LAD24CD":"S12000033","frostDayOfYear":142,"frostDate":"22 May","centroidLat":57.14,"centroidLng":-2.15,"autumnFrostDayOfYear":262,"autumnFrostDate":"19 September","growingSeasonDays":120}},{"arcs":[[[5429]],[[5430,5431,5432,5433,5434,5435,5436,5437,5438,5439,5440,-5429,5441,5442,5443,5444,5445,5446,5447,-5028,-5090,5448]]],"type":"MultiPolygon","properties":{"LAD24NM":"Aberdeenshire","LAD24CD":"S12000034","frostDayOfYear":143,"frostDate":"23 May","centroidLat":57.32,"centroidLng":-2.4,"autumnFrostDayOfYear":261,"autumnFrostDate":"18 September","growingSeasonDays":118}},{"arcs":[[[5449]],[[5450]],[[5451]],[[5452]],[[5453]],[[5454]],[[5455]],[[5456]],[[5457]],[[5458]],[[5459]],[[5460]],[[5461]],[[5462]],[[5463]],[[5464]],[[5465]],[[5466,5467]],[[5468]],[[5469]],[[5470]],[[5471]],[[5472]],[[5473]],[[5474]],[[5475]],[[5476]],[[5477]],[[5478,-5479,5478,5479,5480]],[[5481]],[[5482]],[[5483]],[[5484]],[[5485]],[[5486]],[[5487,5488,5489,5490,5491,5492,5493,5494,5495,5496,5497,5498,5499,5500]],[[5501]],[[5502]],[[5503]],[[5504]],[[5505]],[[5507]],[[5508]],[[5509]],[[5510]],[[5511]],[[5512]],[[5513]],[[5514]],[[5515]],[[5516]],[[5517]],[[5518]],[[5519]],[[5521]],[[5522]],[[5523]],[[5524,5525,5526,5527]],[[5528]],[[5529,5530]],[[5531]],[[5532]],[[5533]],[[5534]],[[5535]],[[5536]],[[5537]],[[5538]],[[5539]],[[5540]],[[5541]],[[5542]],[[5543]],[[5544]],[[5545]],[[5546]],[[5547]],[[5548,5549,5550]],[[5551]],[[5552]],[[5553]],[[5554,5555]],[[5556]],[[5557]],[[5558]],[[5559]],[[5560]],[[5561]],[[5562]],[[5563]],[[5564]],[[5565]],[[5566]],[[5567]],[[5568]],[[5569]],[[5570]],[[5571]],[[5572]],[[5575]],[[5576]],[[5577]],[[5578]],[[5579]],[[5580]],[[5581]],[[5582]],[[5583]],[[5584]],[[5585]],[[5586]],[[5587]],[[5588]],[[5589]],[[5590]],[[5591]],[[5592]],[[5593]],[[5594,-5595,5594,5595]],[[5596]],[[5597]],[[5598]],[[5599]],[[5600]],[[5601]],[[5602]],[[5603]],[[5604]],[[5605]],[[5606]],[[5607]],[[5608]],[[5609]],[[5610]],[[5613]],[[5614]],[[5615]],[[5616]],[[5617]],[[5618]],[[5619]],[[5620]],[[5621]],[[5622]],[[5623]],[[5624]],[[-5425,5625,5626,5627,5628,5629,5630,5631,5632,5633,5634,5635,5636,5637,5638,5639,5640,5641,5642,5643,5644,5645,5646,5647,5648,5649,5650,-5549,5651,5652,5653,5654,5655,5656,5657,5658,5659,-5030,5660],[5506],[5520]],[[5661,5662,5663,5664]],[[5665]],[[5666]],[[5667]],[[5668]],[[5669,5670,5671,5672,5673,5674,5675,5676,5677,5678,-5034]],[[5679]],[[5680]],[[5681]],[[-5613,5682,5683,5684,5685,5686,5687,5688,5689,5690,5691,5692,-5575,5693,5694,5695,5696,5697,5698,5699,5700,5701,5702,5703,5704,5705]],[[5710,5711,5712,-5707,5713,5714]],[[5715]],[[5716]]],"type":"MultiPolygon","properties":{"LAD24NM":"Argyll and Bute","LAD24CD":"S12000035","frostDayOfYear":131,"frostDate":"11 May","centroidLat":56,"centroidLng":-5.34,"autumnFrostDayOfYear":272,"autumnFrostDate":"29 September","growingSeasonDays":141}},{"arcs":[[[5717]],[[-4454,-5086,-5220,5718,5719]]],"type":"MultiPolygon","properties":{"LAD24NM":"City of Edinburgh","LAD24CD":"S12000036","frostDayOfYear":133,"frostDate":"13 May","centroidLat":55.93,"centroidLng":-3.32,"autumnFrostDayOfYear":270,"autumnFrostDate":"27 September","growingSeasonDays":137}},{"arcs":[[5720,-4461,-5106,-5082,5721]],"type":"Polygon","properties":{"LAD24NM":"Renfrewshire","LAD24CD":"S12000038","frostDayOfYear":130,"frostDate":"10 May","centroidLat":55.84,"centroidLng":-4.55,"autumnFrostDayOfYear":273,"autumnFrostDate":"30 September","growingSeasonDays":143}},{"arcs":[[5722,5723,5724,5725,-5726,5726,5727,-5626,-5424]],"type":"Polygon","properties":{"LAD24NM":"West Dunbartonshire","LAD24CD":"S12000039","frostDayOfYear":131,"frostDate":"11 May","centroidLat":55.97,"centroidLng":-4.51,"autumnFrostDayOfYear":272,"autumnFrostDate":"29 September","growingSeasonDays":141}},{"arcs":[[5728,-5719,-5219,-5409,5729,-4839,-4835]],"type":"Polygon","properties":{"LAD24NM":"West Lothian","LAD24CD":"S12000040","frostDayOfYear":132,"frostDate":"12 May","centroidLat":55.9,"centroidLng":-3.59,"autumnFrostDayOfYear":271,"autumnFrostDate":"28 September","growingSeasonDays":139}},{"arcs":[[5730,5731,5732,5733,5734,5735,5736,5737,5738,5739,5740,5741,5742,-5447]],"type":"Polygon","properties":{"LAD24NM":"Angus","LAD24CD":"S12000041","frostDayOfYear":139,"frostDate":"19 May","centroidLat":56.67,"centroidLng":-2.77,"autumnFrostDayOfYear":265,"autumnFrostDate":"22 September","growingSeasonDays":126}},{"arcs":[[5743,5744,5745,-5742]],"type":"Polygon","properties":{"LAD24NM":"Dundee City","LAD24CD":"S12000042","frostDayOfYear":138,"frostDate":"18 May","centroidLat":56.48,"centroidLng":-2.95,"autumnFrostDayOfYear":266,"autumnFrostDate":"23 September","growingSeasonDays":128}},{"arcs":[[5746,5747,-5723,-5423]],"type":"Polygon","properties":{"LAD24NM":"East Dunbartonshire","LAD24CD":"S12000045","frostDayOfYear":133,"frostDate":"13 May","centroidLat":55.96,"centroidLng":-4.23,"autumnFrostDayOfYear":270,"autumnFrostDate":"27 September","growingSeasonDays":137}},{"arcs":[[[5748]],[[5749]],[[5750]],[[5751]],[[5752,-5753,5753,5754,5755,5756,5757,-4324,5758,5759]]],"type":"MultiPolygon","properties":{"LAD24NM":"Fife","LAD24CD":"S12000047","frostDayOfYear":134,"frostDate":"14 May","centroidLat":56.21,"centroidLng":-3.1,"autumnFrostDayOfYear":269,"autumnFrostDate":"26 September","growingSeasonDays":135}},{"arcs":[[[5760]],[[5761]],[[5763,5764,5765,5766,5767,-5759,-4327,-5426,-5661,-5029,-5448,-5743,-5746]]],"type":"MultiPolygon","properties":{"LAD24NM":"Perth and Kinross","LAD24CD":"S12000048","frostDayOfYear":136,"frostDate":"16 May","centroidLat":56.51,"centroidLng":-3.74,"autumnFrostDayOfYear":267,"autumnFrostDate":"24 September","growingSeasonDays":131}},{"arcs":[[[-5410,-4462,-5721,5768]],[[5769,-5407,5770,-5724,-5748]]],"type":"MultiPolygon","properties":{"LAD24NM":"Glasgow City","LAD24CD":"S12000049","frostDayOfYear":132,"frostDate":"12 May","centroidLat":55.88,"centroidLng":-4.24,"autumnFrostDayOfYear":271,"autumnFrostDate":"28 September","growingSeasonDays":139}},{"arcs":[[-4840,-5730,-5408,-5770,-5747,-5422]],"type":"Polygon","properties":{"LAD24NM":"North Lanarkshire","LAD24CD":"S12000050","frostDayOfYear":132,"frostDate":"12 May","centroidLat":55.89,"centroidLng":-3.97,"autumnFrostDayOfYear":271,"autumnFrostDate":"28 September","growingSeasonDays":139}},{"arcs":[[[5771]],[[5772]],[[5773]],[[5774,5775,5776,-5777,5776,5777,5778,5779,5780,5781,5782,5783]],[[5784]],[[5785,5786,5787,5788,5789,5790,5791,5792,5793,5794,5795,5796,5797,-5798,5798,5799,5800]]],"type":"MultiPolygon","properties":{"LAD24NM":"Isle of Anglesey","LAD24CD":"W06000001","frostDayOfYear":117,"frostDate":"27 April","centroidLat":53.3,"centroidLng":-4.39,"autumnFrostDayOfYear":284,"autumnFrostDate":"11 October","growingSeasonDays":167}},{"arcs":[[[5801]],[[5802]],[[5803]],[[5804]],[[5805]],[[5806]],[[5807,5808,5809,5810,5811,5812,5813,5814,5815,5816,5817,5818,5819,5820,5821,-5822,5822,5823,5824,5825,5826,5827,5828,5829,5830,-5831,5831,5832,5833,5834,5835,5836,5837,5838,-5839,5839,5840,5841,5842,5843,5844,5845,5846,5847,5848,5849,5850,5851,5852,5853,5854,5855,5856,-5847,5857,5858,5859,5860,5861,5862,5863,5864,5865,5866,5867,5868,5869,5870,5871,5872,5873,5874,5875,5876,5877,5878,5879,5880,5881,5882,5883,5884,5885,5886,-5887,5887,5888,5889,5890,5891,5892,5893,5894,5895,5896,5897,5898,5899,5900,5901,5902,5903,5904,5905,5906,5907]]],"type":"MultiPolygon","properties":{"LAD24NM":"Gwynedd","LAD24CD":"W06000002","frostDayOfYear":114,"frostDate":"24 April","centroidLat":52.89,"centroidLng":-4.19,"autumnFrostDayOfYear":286,"autumnFrostDate":"13 October","growingSeasonDays":172}},{"arcs":[[5908,5909,5910,-5911,5911,5912,-5908,5913,5914,5915,5916,5917,5918,5919,-5918,5920,5921,5922]],"type":"Polygon","properties":{"LAD24NM":"Conwy","LAD24CD":"W06000003","frostDayOfYear":116,"frostDate":"26 April","centroidLat":53.19,"centroidLng":-3.74,"autumnFrostDayOfYear":284,"autumnFrostDate":"11 October","growingSeasonDays":168}},{"arcs":[[5923,5924,-5808,-5913,5925,5926]],"type":"Polygon","properties":{"LAD24NM":"Denbighshire","LAD24CD":"W06000004","frostDayOfYear":116,"frostDate":"26 April","centroidLat":53.14,"centroidLng":-3.38,"autumnFrostDayOfYear":284,"autumnFrostDate":"11 October","growingSeasonDays":168}},{"arcs":[[[-434,5927]],[[-424,5928,-432,5929,5930,5931,5932,5933,5934,5935,5936,5937,5938,5939,5940,5941,5942,5943,5944,5945]],[[5947,-437]],[[5948,-439,5949]],[[-441,5950,5951,5952,5953,5954,5955,5956,5957,5958,5959]],[[-442,5960,5961,5962,5963,5964,5965,5966,5967,5968,5969,5970,5971,5972]],[[5973,5974,5975,5976,5977,5978,5979,5980,5981,5982,5983,5984,5985,5986,5987,5988,5989,5990,5991,-430,5992,-5927,5993]]],"type":"MultiPolygon","properties":{"LAD24NM":"Flintshire","LAD24CD":"W06000005","frostDayOfYear":116,"frostDate":"26 April","centroidLat":53.22,"centroidLng":-3.17,"autumnFrostDayOfYear":284,"autumnFrostDate":"11 October","growingSeasonDays":168}},{"arcs":[[-495,5994,-5924,-5993,-429]],"type":"Polygon","properties":{"LAD24NM":"Wrexham","LAD24CD":"W06000006","frostDayOfYear":117,"frostDate":"27 April","centroidLat":52.99,"centroidLng":-2.97,"autumnFrostDayOfYear":283,"autumnFrostDate":"10 October","growingSeasonDays":166}},{"arcs":[[[5995,5996]],[[5997,5998]],[[6001]],[[6002]],[[6003,6004,6005,6006,6007,6008,6009,6010,6011,6012,6013,6014,6015,6016,6017,6018,6019,6020,6021,6022,6023,6024]]],"type":"MultiPolygon","properties":{"LAD24NM":"Ceredigion","LAD24CD":"W06000008","frostDayOfYear":111,"frostDate":"21 April","centroidLat":52.27,"centroidLng":-4.17,"autumnFrostDayOfYear":289,"autumnFrostDate":"16 October","growingSeasonDays":178}},{"arcs":[[[6025,6026,6027,6028]],[[6029]],[[6030,6031,6032,6033]],[[6034]],[[6035]],[[6036,6037]],[[6038]],[[6039]],[[6040]],[[-6000,6041,-5998,6042,-5996,6043,-6006,6044,6045,6046,6047,6048,6049,6050,6051,6052,6053,6054,6055,6056,6057,6058,6059,6060,6061,6062,6063,6064,6065,6066,6067,6068,6069,6070,6071,6072,6073,6074,6075,6076,6077,6078,6079,6080,6081,6082,6083,6084,6085,6086,6087,6088,6089,6090,6091,6092,6093,6094,6095,6096,6097,6098,6099,6100,6101,6102,6103,6104,6105,6106,6107,6108,6109,6110]]],"type":"MultiPolygon","properties":{"LAD24NM":"Pembrokeshire","LAD24CD":"W06000009","frostDayOfYear":106,"frostDate":"16 April","centroidLat":51.84,"centroidLng":-5,"autumnFrostDayOfYear":293,"autumnFrostDate":"20 October","growingSeasonDays":187}},{"arcs":[[[6113]],[[6114]],[[6115]],[[6116]],[[6117]],[[6118]],[[6119]],[[6120]],[[6121,6122,6123,6124,6125,6126,6127,6128,6129,6130,6131,6132,6133,6134,6135,6136,6137,6138,6139,6140,6141,6142,6143,6144,6145,6146,6147,6148,6149,6150,6151,6152,6153,6154,-6045,-6005]]],"type":"MultiPolygon","properties":{"LAD24NM":"Carmarthenshire","LAD24CD":"W06000010","frostDayOfYear":108,"frostDate":"18 April","centroidLat":51.82,"centroidLng":-4.27,"autumnFrostDayOfYear":291,"autumnFrostDate":"18 October","growingSeasonDays":183}},{"arcs":[[[6155]],[[6156]],[[6157]],[[6158]],[[6159]],[[6160]],[[6161]],[[6163,6164,6165,6166,6167,6168,6169,6170,-6167,6171,6172,6173,6174,6175,6176,6177,6178,6179,6180,6181,-6178,6182,6183,6184,6185,-6186,6186,6187,6188,6189,6190,6191,6192,-6113,6193,-6124]]],"type":"MultiPolygon","properties":{"LAD24NM":"Swansea","LAD24CD":"W06000011","frostDayOfYear":107,"frostDate":"17 April","centroidLat":51.63,"centroidLng":-4.14,"autumnFrostDayOfYear":292,"autumnFrostDate":"19 October","growingSeasonDays":185}},{"arcs":[[6194,6195,6196,6197,6198,6199,6200,6201,6202,6203,6204,6205,6206,-6164,-6123]],"type":"Polygon","properties":{"LAD24NM":"Neath Port Talbot","LAD24CD":"W06000012","frostDayOfYear":107,"frostDate":"17 April","centroidLat":51.67,"centroidLng":-3.8,"autumnFrostDayOfYear":292,"autumnFrostDate":"19 October","growingSeasonDays":185}},{"arcs":[[6207,6208,6209,-6197]],"type":"Polygon","properties":{"LAD24NM":"Bridgend","LAD24CD":"W06000013","frostDayOfYear":106,"frostDate":"16 April","centroidLat":51.53,"centroidLng":-3.62,"autumnFrostDayOfYear":292,"autumnFrostDate":"19 October","growingSeasonDays":186}},{"arcs":[[[6210]],[[6213,6214,-6209,6215]]],"type":"MultiPolygon","properties":{"LAD24NM":"Vale of Glamorgan","LAD24CD":"W06000014","frostDayOfYear":106,"frostDate":"16 April","centroidLat":51.44,"centroidLng":-3.39,"autumnFrostDayOfYear":293,"autumnFrostDate":"20 October","growingSeasonDays":187}},{"arcs":[[[6216]],[[6217,6218,-6213,6219,-6214,6220,6221]]],"type":"MultiPolygon","properties":{"LAD24NM":"Cardiff","LAD24CD":"W06000015","frostDayOfYear":106,"frostDate":"16 April","centroidLat":51.51,"centroidLng":-3.19,"autumnFrostDayOfYear":292,"autumnFrostDate":"19 October","growingSeasonDays":186}},{"arcs":[[6222,6223,-6221,-6216,-6208,-6196,6224]],"type":"Polygon","properties":{"LAD24NM":"Rhondda Cynon Taf","LAD24CD":"W06000016","frostDayOfYear":107,"frostDate":"17 April","centroidLat":51.63,"centroidLng":-3.41,"autumnFrostDayOfYear":292,"autumnFrostDate":"19 October","growingSeasonDays":185}},{"arcs":[[6225,6226,-6222,-6224,6227,6228,6229]],"type":"Polygon","properties":{"LAD24NM":"Caerphilly","LAD24CD":"W06000018","frostDayOfYear":107,"frostDate":"17 April","centroidLat":51.65,"centroidLng":-3.2,"autumnFrostDayOfYear":292,"autumnFrostDate":"19 October","growingSeasonDays":185}},{"arcs":[[6230,6231,-6230,6232]],"type":"Polygon","properties":{"LAD24NM":"Blaenau Gwent","LAD24CD":"W06000019","frostDayOfYear":107,"frostDate":"17 April","centroidLat":51.75,"centroidLng":-3.19,"autumnFrostDayOfYear":291,"autumnFrostDate":"18 October","growingSeasonDays":184}},{"arcs":[[6233,-6226,-6232,6234]],"type":"Polygon","properties":{"LAD24NM":"Torfaen","LAD24CD":"W06000020","frostDayOfYear":107,"frostDate":"17 April","centroidLat":51.67,"centroidLng":-3.03,"autumnFrostDayOfYear":292,"autumnFrostDate":"19 October","growingSeasonDays":185}},{"arcs":[[-1661,6237,6238,6239,6240,-6235,-6231,6241,-162]],"type":"Polygon","properties":{"LAD24NM":"Monmouthshire","LAD24CD":"W06000021","frostDayOfYear":110,"frostDate":"20 April","centroidLat":51.76,"centroidLng":-2.89,"autumnFrostDayOfYear":289,"autumnFrostDate":"16 October","growingSeasonDays":179}},{"arcs":[[[6242,6243,-6218,-6227,-6234,-6241]],[[6244,-6237,6245,-6239]]],"type":"MultiPolygon","properties":{"LAD24NM":"Newport","LAD24CD":"W06000022","frostDayOfYear":106,"frostDate":"16 April","centroidLat":51.58,"centroidLng":-3.02,"autumnFrostDayOfYear":292,"autumnFrostDate":"19 October","growingSeasonDays":186}},{"arcs":[[[-6025,6246,6247]],[[6248,6249,-5809,-5925,-5995,-494,-163,-6242,-6233,-6229,6250,-6225,-6195,-6122,-6004]]],"type":"MultiPolygon","properties":{"LAD24NM":"Powys","LAD24CD":"W06000023","frostDayOfYear":111,"frostDate":"21 April","centroidLat":52.37,"centroidLng":-3.37,"autumnFrostDayOfYear":288,"autumnFrostDate":"15 October","growingSeasonDays":177}},{"arcs":[[-6228,-6223,-6251]],"type":"Polygon","properties":{"LAD24NM":"Merthyr Tydfil","LAD24CD":"W06000024","frostDayOfYear":107,"frostDate":"17 April","centroidLat":51.74,"centroidLng":-3.36,"autumnFrostDayOfYear":291,"autumnFrostDate":"18 October","growingSeasonDays":184}}]}}}